time,supplyEc,supplyPh,internalCo2,internalHumidity,internalTemperature,externalSolarRadiation,externalTemperature,externalWindDirection,externalWindSpeed,greenhouseId
9/30/24 0:00,0.5,6,429,85.7,20.6,0,22.18,40,0,1
9/30/24 1:00,0.5,6,430,85.9,20.6,0,22.24,39,0,1
9/30/24 2:00,0.5,6,430,86.1,20.6,0,22.24,39,0,1
9/30/24 3:00,0.5,6,438,91.2,22,0,21.6,50,0,1
9/30/24 4:00,0.5,6,438,91.3,22,0,21.6,51,0,1
9/30/24 5:00,0.5,6,439,90.9,22,0,21.52,53,0,1
9/30/24 6:00,0.5,6,439,91.2,22,0,21.52,49,0,1
9/30/24 7:00,0.5,6,439,91.5,21.9,0,21.52,54,0,1
9/30/24 8:00,0.5,6,439,91.5,21.9,0,21.52,50,0,1
9/30/24 9:00,0.5,6,438,93.1,22.2,0,21.34,351,0,1
9/30/24 10:00,0.5,6,438,93.4,22.1,0,21.34,353,0,1
9/30/24 11:00,0.5,6,438,93.8,22.1,0,21.34,356,0,1
9/30/24 12:00,0.5,6,438,94.1,22.1,0,21.34,353,0,1
9/30/24 13:00,0.5,6,436,94.6,22.1,0,21.34,352,0,1
9/30/24 14:00,0.5,6,436,94.5,22.1,0,21.36,352,0,1
9/30/24 15:00,0.5,6,440,91,21.8,0,20.72,359,0,1
9/30/24 16:00,0.5,6,440,91.4,21.8,0,20.72,358,0,1
9/30/24 17:00,0.5,6,440,91.5,21.8,0,20.94,355,0,1
9/30/24 18:00,0.5,6,440,91,21.8,0,20.94,356,0,1
9/30/24 19:00,0.5,6,440,90.6,21.8,0,20.94,356,0,1
9/30/24 20:00,0.5,6,440,89.5,21.8,0,20.94,360,0,1
9/30/24 21:00,0.5,6,441,88,21.4,0,20.14,359,0,1
9/30/24 22:00,0.5,6,441,87.7,21.4,0,20.14,355,0,1
9/30/24 23:00,0.5,6,441,87.6,21.4,0,20.14,357,0,1
10/1/24 0:00,0.5,6,432,78,19,0,19.66,57,0,1
10/1/24 1:00,0.5,6,433,80.1,18.9,0,19.66,57,0,1
10/1/24 2:00,0.5,6,433,80.4,19,0,19.66,57,0,1
10/1/24 3:00,0.5,6,433,79.9,19,0,19.64,57,0,1
10/1/24 4:00,0.5,6,434,79.8,19,0,19.64,56,0,1
10/1/24 5:00,0.5,6,436,79.2,18.8,0,19.08,54,0,1
10/1/24 6:00,0.5,6,438,79.9,18.8,0,19.08,52,0,1
10/1/24 7:00,0.5,6,439,80,18.7,0,19.08,56,0,1
10/1/24 8:00,0.5,6,438,80.2,18.8,0,19.08,57,0,1
10/1/24 9:00,0.5,6,437,80,18.8,0,19.08,57,0,1
10/1/24 10:00,0.5,6,444,79.8,18.6,0,19.02,174,1.5,1
10/1/24 11:00,0.5,6,442,80.7,18.5,0,19.02,174,1,1
10/1/24 12:00,0.5,6,442,80.7,18.5,0,18.82,176,1,1
10/1/24 13:00,0.5,6,442,79.8,18.6,0,18.82,177,1.5,1
10/1/24 14:00,0.5,6,442,79.7,18.6,0,18.82,173,1.5,1
10/1/24 15:00,0.5,6,442,80.1,18.6,0,18.82,175,1,1
10/1/24 16:00,0.5,6,437,79.6,18.4,0,19.04,236,1,1
10/1/24 17:00,0.5,6,438,79.2,18.4,0,19.44,233,1,1
10/1/24 18:00,0.5,6,439,79.4,18.4,0,19.44,233,1,1
10/1/24 19:00,0.5,6,438,79.4,18.4,0,19.44,234,1,1
10/1/24 20:00,0.5,6,440,79.4,18.4,0,19.44,236,1.5,1
10/1/24 21:00,0.5,6,441,79.7,18.3,0,19.44,234,1.5,1
10/1/24 22:00,0.5,6,430,78.5,18.3,0,18.76,220,0,1
10/1/24 23:00,0.5,6,430,79.2,18.2,0,18.76,223,0,1
10/2/24 0:00,0.5,6,431,79.3,18.2,0,18.76,220,0,1
10/2/24 1:00,0.5,6,430,78.9,18.3,0,18.82,222,0,1
10/2/24 2:00,0.5,6,430,79,18.2,0,18.82,221,0,1
10/2/24 3:00,0.5,6,428,79.6,18.2,0,18.82,222,0,1
10/2/24 4:00,0.5,6,427,79.9,18.1,0,19.42,106,0.5,1
10/2/24 5:00,0.5,6,426,80.6,18.1,0,19.42,105,0.5,1
10/2/24 6:00,0.5,6,426,78.3,18.1,0,19.42,105,0.5,1
10/2/24 7:00,0.5,6,426,78.3,18.1,0,19.42,106,1,1
10/2/24 8:00,0.5,6,426,78.4,18,0,19.42,106,1,1
10/2/24 9:00,0.5,6,425,78,18.1,0,19.42,103,0.5,1
10/2/24 10:00,0.5,6,422,79.6,18,0,19.64,53,0,1
10/2/24 11:00,0.5,6,423,80.4,18.1,0,19.64,55,0,1
10/2/24 12:00,0.5,6,423,81.1,18.1,0,19.62,54,0,1
10/2/24 13:00,0.5,6,423,81.3,18.1,0,19.62,53,0,1
10/2/24 14:00,0.5,6,423,80.9,18,0,19.62,51,0,1
10/2/24 15:00,0.5,6,423,82.9,18,0,19.62,54,0,1
10/2/24 16:00,0.5,6,421,82.1,18.1,0,19.72,101,0,1
10/2/24 17:00,0.5,6,421,81.3,18.1,0,19.72,104,0,1
10/2/24 18:00,0.5,6,421,81.4,18.1,0,19.72,103,0,1
10/2/24 19:00,0.5,6,420,81.3,18.1,0,19.72,101,0,1
10/2/24 20:00,0.5,6,419,81.1,18.1,5,19.72,101,0,1
10/2/24 21:00,0.5,6,419,80.7,18.1,5,19.6,103,0,1
10/2/24 22:00,0.5,6,422,78.9,18.3,27,19.94,228,0,1
10/2/24 23:00,0.5,6,421,79.8,18.4,28,19.94,225,0.5,1
10/3/24 0:00,0.5,6,421,79.7,18.4,27,20.14,226,0.5,1
10/3/24 1:00,0.5,6,420,80.3,18.4,26,20.14,227,0,1
10/3/24 2:00,0.5,6,420,80.4,18.3,28,20.14,225,0,1
10/3/24 3:00,0.5,6,418,80.9,18.3,28,20.14,226,0,1
10/3/24 4:00,0.5,6,419,75.3,18.6,11,19.9,149,0,1
10/3/24 5:00,0.5,6,419,75.1,18.6,11,19.9,147,0,1
10/3/24 6:00,0.5,6,420,76.6,18.6,11,19.9,147,0,1
10/3/24 7:00,0.5,6,419,76.5,18.6,12,19.9,148,0,1
10/3/24 8:00,0.5,6,418,76.1,18.6,11,19.9,146,0,1
10/3/24 9:00,0.5,6,417,77.4,18.6,13,19.9,151,0,1
10/3/24 10:00,0.5,6,425,79.5,18.6,46,18.36,174,1.5,1
10/3/24 11:00,0.5,6,424,79,18.6,46,18.36,187,1.5,1
10/3/24 12:00,0.5,6,423,78.5,18.6,48,18.5,186,1,1
10/3/24 13:00,0.5,6,424,78.4,18.6,52,18.5,185,0.5,1
10/3/24 14:00,0.5,6,424,78.3,18.6,52,18.5,175,1,1
10/3/24 15:00,0.5,6,428,77.5,18.6,8,18.32,161,0.5,1
10/3/24 16:00,0.5,6,427,77.8,18.5,8,18.32,92,1,1
10/3/24 17:00,0.5,6,427,77.5,18.5,8,18.32,93,1,1
10/3/24 18:00,0.5,6,428,77.8,18.5,8,18.32,91,1,1
10/3/24 19:00,0.5,6,427,77.4,18.6,6,18.32,99,1,1
10/3/24 20:00,0.5,6,427,77.6,18.6,5,18.32,100,0,1
10/3/24 21:00,0.5,6,430,77.2,19,95,19.74,235,1.5,1
10/3/24 22:00,0.5,6,429,77.9,19,95,19.74,160,1,1
10/3/24 23:00,0.5,6,430,77.9,19,93,19.7,300,0.5,1
10/4/24 0:00,0.5,6,430,78.4,19,95,19.7,75,1,1
10/4/24 1:00,0.5,6,430,78.8,19,95,19.7,67,0.5,1
10/4/24 2:00,0.5,6,423,76.5,19.7,418,20.42,182,1.5,1
10/4/24 3:00,0.5,6,423,76.8,19.7,417,20.42,275,2.6,1
10/4/24 4:00,0.5,6,422,76.5,19.8,415,20.42,247,3.6,1
10/4/24 5:00,0.5,6,421,75.9,19.8,409,20.42,346,3.1,1
10/4/24 6:00,0.5,6,422,75.8,19.7,406,20.36,289,3.1,1
10/4/24 7:00,0.5,6,419,75.9,20,135,20.18,190,3.6,1
10/4/24 8:00,0.5,6,420,76.9,20,137,20.18,262,2.6,1
10/4/24 9:00,0.5,6,420,76.9,20,137,20.18,260,2.6,1
10/4/24 10:00,0.5,6,422,77.3,19.9,139,20.18,308,3.1,1
10/4/24 11:00,0.5,6,424,77.4,19.9,145,20.18,327,2.1,1
10/4/24 12:00,0.5,6,418,75.6,19.9,129,19.38,93,0.5,1
10/4/24 13:00,0.5,6,418,76,19.9,126,19.38,32,2.6,1
10/4/24 14:00,0.5,6,417,75.7,20,124,19.38,13,2.6,1
10/4/24 15:00,0.5,6,418,75.5,19.9,128,19.38,3,1,1
10/4/24 16:00,0.5,6,418,75.7,19.9,126,19.18,320,3.1,1
10/4/24 17:00,0.5,6,419,75.3,19.9,126,19.18,265,2.1,1
10/4/24 18:00,0.5,6,415,76,20,101,19.5,305,2.1,1
10/4/24 19:00,0.5,6,415,75.5,20,103,19.68,283,2.6,1
10/4/24 20:00,0.5,6,416,75.2,20,101,19.68,0,3.1,1
10/4/24 21:00,0.5,6,417,75.3,20,99,19.68,300,4.7,1
10/4/24 22:00,0.5,6,417,75.5,19.9,102,19.68,337,2.6,1
10/4/24 23:00,0.5,6,418,77.5,19.6,55,20,303,0.5,1
10/5/24 0:00,1.1,6.5,418,77.6,19.6,52,20,352,2.6,1
10/5/24 1:00,0.8,5.9,417,77.7,19.5,52,20,319,2.6,1
10/5/24 2:00,0.8,5.9,416,77.1,19.5,47,20,275,1,1
10/5/24 3:00,0.8,5.9,416,76.2,19.6,46,20.04,275,2.1,1
10/5/24 4:00,0.8,5.9,416,74.4,19.6,47,20.04,39,1.5,1
10/5/24 5:00,0.9,6,412,76.3,18.9,0,19.4,356,1.5,1
10/5/24 6:00,0.9,6,412,76.9,18.9,0,19.48,354,1,1
10/5/24 7:00,0.9,6,411,76.6,18.9,0,19.48,331,0,1
10/5/24 8:00,0.9,6,412,76.7,18.9,0,19.48,291,0.5,1
10/5/24 9:00,0.9,6,411,74.2,18.9,0,19.48,293,0,1
10/5/24 10:00,0.9,6,411,76.7,18.9,0,19.48,241,0,1
10/5/24 11:00,0.9,6,413,74.7,18.1,0,18.12,186,1,1
10/5/24 12:00,0.9,6,412,74.5,18.1,0,18.12,188,1,1
10/5/24 13:00,0.9,6.1,411,74.6,18.1,0,18.12,186,0.5,1
10/5/24 14:00,0.9,6.1,410,74.5,18.1,0,18.38,195,0.5,1
10/5/24 15:00,0.9,6.1,410,73.6,18.1,0,18.38,197,1.5,1
10/5/24 16:00,0.9,6.1,410,73.6,18.1,0,18.38,260,1.5,1
10/7/24 11:00,0.9,6.1,408,80,17.4,0,17.58,337,1,1
10/7/24 12:00,0.9,6.1,408,81.2,17.4,0,17.4,337,0.5,1
10/7/24 13:00,0.9,6,408,81,17.4,0,17.4,55,1,1
10/7/24 14:00,0.9,5.9,408,80.9,17.4,0,17.4,52,1,1
10/7/24 15:00,0.9,5.9,409,81.1,17.4,0,17.4,56,0.5,1
10/7/24 16:00,0.9,5.9,409,79.9,17.3,0,17.4,53,0.5,1
10/7/24 17:00,0.5,6,405,79.3,17,0,17.64,328,1.5,1
10/7/24 18:00,0.5,6,404,79.6,16.9,0,17.64,295,1,1
10/7/24 19:00,0.5,6,404,79.9,16.9,0,17.64,196,1,1
10/7/24 20:00,0.5,6,403,79.5,17,0,17.64,284,2.1,1
10/7/24 21:00,0.5,6,403,78.1,17,0,17.08,360,1.5,1
10/7/24 22:00,0.5,6,403,77.3,16.9,0,17.08,8,2.6,1
10/7/24 23:00,0.5,6,404,72.9,16.6,0,16.12,0,2.6,1
10/8/24 0:00,0.8,5.9,404,74.6,16.6,0,16.12,288,2.1,1
10/8/24 1:00,0.6,6.1,405,75.6,16.6,0,16.12,301,3.1,1
10/8/24 2:00,1.2,5.9,406,75.5,16.6,0,16.12,272,2.1,1
10/8/24 3:00,1.2,5.9,406,75.9,16.6,0,16.12,252,1.5,1
10/8/24 4:00,1.1,5.9,406,76,16.6,0,16.12,336,1,1
10/8/24 5:00,1.1,5.9,403,79.4,16.2,0,16.18,299,2.1,1
10/8/24 6:00,1.1,5.9,402,79.4,16.3,0,16.18,334,3.1,1
10/8/24 7:00,1.1,5.9,402,80.6,16.2,0,16.18,66,2.6,1
10/8/24 8:00,1.1,5.9,402,81.4,16.2,0,15.86,312,1,1
10/8/24 9:00,1.1,5.9,402,80.9,16.3,0,15.86,305,2.1,1
10/8/24 10:00,1.1,6,402,80.7,16.3,0,15.86,275,0.5,1
10/8/24 11:00,1.1,6,404,79.7,15.8,0,15.58,170,0,1
10/8/24 12:00,1.1,6,405,79.2,15.8,0,15.58,173,0,1
10/8/24 13:00,1.1,6,405,78.5,15.9,0,15.58,169,0,1
10/8/24 14:00,1.1,6,406,78,15.9,0,15.58,164,0,1
10/8/24 15:00,1.1,6,405,78.6,15.9,0,15.58,170,0,1
10/8/24 16:00,1.1,6,404,75.1,15.9,0,15.58,167,0,1
10/8/24 17:00,1.1,6,404,76.8,15.4,0,14.52,29,0,1
10/8/24 18:00,1.1,6,405,76.8,15.5,0,14.52,27,0,1
10/8/24 19:00,1.1,6,404,76.2,15.5,0,14.52,29,0,1
10/8/24 20:00,1.1,6,404,77.7,15.5,0,14.9,30,0,1
10/8/24 21:00,1.1,6.1,405,77.7,15.4,0,14.9,29,0,1
10/8/24 22:00,1.1,6.1,405,78.3,15.5,0,14.9,32,0,1
10/8/24 23:00,1.1,6,407,83.3,15.1,0,12.68,27,0,1
10/9/24 0:00,1.1,6,408,83.9,15.1,0,12.68,33,0,1
10/9/24 1:00,1.1,6,407,83.4,15.1,0,12.68,30,0,1
10/9/24 2:00,1.2,5.9,407,83,15.1,0,12.68,27,0,1
10/9/24 3:00,1.2,5.9,407,83,15.1,0,12.68,33,0,1
10/9/24 4:00,1.2,5.9,406,82.3,15.1,0,12.68,33,0,1
10/9/24 5:00,1.1,5.9,412,82,14.8,0,12.16,27,0,1
10/9/24 6:00,1.1,5.9,410,82.8,14.8,0,12.16,31,0,1
10/9/24 7:00,1.1,5.9,410,84,14.7,0,12.26,29,0,1
10/9/24 8:00,1.1,6,411,84,14.8,0,12.26,32,0,1
10/9/24 9:00,1.1,5.9,411,83.8,14.8,0,12.26,27,0,1
10/9/24 10:00,1.1,6,411,84.5,14.7,0,12.26,36,0,1
10/9/24 11:00,1.1,6,416,86,14.8,0,12.2,34,0,1
10/9/24 12:00,1.1,6,416,84.1,14.8,0,12.2,27,0,1
10/9/24 13:00,1.1,6,416,84.3,14.8,0,12.2,33,0,1
10/9/24 14:00,1.1,6,416,84.2,14.8,0,12.2,30,0,1
10/9/24 15:00,1.1,6,416,84.6,14.8,0,12.2,27,0,1
10/9/24 16:00,1.1,6,415,84.7,14.8,0,12.32,32,0,1
10/9/24 17:00,1.1,6,415,83.5,14.8,0,12.06,29,0,1
10/9/24 18:00,1.1,6.1,417,84.1,14.7,0,12.06,30,0,1
10/9/24 19:00,1.2,6.1,417,83.9,14.7,0,12.06,28,0,1
10/9/24 20:00,1.1,6.1,417,84.1,14.7,0,12.08,34,0,1
10/9/24 21:00,1.1,6.1,415,84.6,14.7,0,12.08,31,0,1
10/9/24 22:00,1.1,6.1,416,84.7,14.7,0,12.08,32,0,1
10/9/24 23:00,1.1,6,420,82.8,14.7,0,12.5,32,0,1
10/10/24 0:00,0.9,6,421,83,14.6,0,12.5,34,0,1
10/10/24 1:00,0.9,6,421,83,14.7,0,12.5,33,0,1
10/10/24 2:00,1.1,5.9,421,81.9,14.7,0,12.5,29,0,1
10/10/24 3:00,1.1,5.9,422,83,14.6,0,12.5,31,0,1
10/10/24 4:00,1.2,5.9,422,83.2,14.6,0,12.5,29,0,1
10/10/24 5:00,1.2,5.9,423,86.1,14.6,4,12.16,30,0,1
10/10/24 6:00,1.2,5.9,423,85.6,14.7,4,12.16,30,0,1
10/10/24 7:00,1.2,5.9,423,83.5,14.7,4,12.28,34,0,1
10/10/24 8:00,0.6,6.1,422,83.9,14.6,3,12.28,32,0,1
10/10/24 9:00,1.2,5.9,422,83.1,14.6,2,12.28,29,0,1
10/10/24 10:00,1.2,5.9,422,83.9,14.6,2,12.28,31,0,1
10/10/24 11:00,1.1,5.9,424,82.7,15.6,102,12.88,31,0,1
10/10/24 12:00,1.1,5.9,424,82.7,15.6,102,12.88,35,0,1
10/10/24 13:00,1.1,5.9,425,82.7,15.6,106,12.88,29,0,1
10/10/24 14:00,1.1,5.9,425,82.6,15.6,108,12.88,29,0,1
10/10/24 15:00,1.1,5.9,424,82.3,15.6,108,12.88,30,0,1
10/10/24 16:00,1.1,5.9,424,83.7,15.6,108,12.9,25,0,1
10/10/24 17:00,1.1,6,428,78.6,16.9,167,14.5,333,2.1,1
10/10/24 18:00,1.1,6,429,79.3,16.9,169,14.5,339,1,1
10/10/24 19:00,1.1,6,428,78.5,16.8,169,14.72,343,1.5,1
10/10/24 20:00,1.1,6,428,78.8,16.9,172,14.72,345,0.5,1
10/10/24 21:00,1.1,6,427,79,16.8,172,14.72,267,2.1,1
10/10/24 22:00,1.1,6,427,79.2,16.8,170,14.72,294,1.5,1
10/10/24 23:00,1.1,6,426,57.9,23,421,16.42,63,1,1
10/11/24 0:00,0.9,6,426,57.5,23.1,431,16.42,67,0,1
10/11/24 1:00,1,5.9,426,57.5,23.1,444,16.42,67,0,1
10/11/24 2:00,1,5.9,425,57.5,23.1,437,16.42,71,0,1
10/11/24 3:00,0.7,6,425,56.9,23.2,430,16.42,79,0,1
10/11/24 4:00,0.7,6,425,57,23.2,430,16.42,188,1,1
10/11/24 5:00,0.7,6,426,47,23.9,664,17.04,39,3.1,1
10/11/24 6:00,0.7,6,427,46.8,24,666,17.04,30,3.1,1
10/11/24 7:00,0.7,6.1,426,46.8,24,666,17.04,31,2.1,1
10/11/24 8:00,0.7,6,427,47.1,24,667,17.22,24,1.5,1
10/11/24 9:00,0.7,6,425,47,24.1,667,17.22,24,2.6,1
10/11/24 10:00,0.7,6.1,424,47.2,24.1,666,17.22,0,2.1,1
10/11/24 11:00,0.7,6,413,43.5,24.3,809,17.86,358,2.1,1
10/11/24 12:00,0.7,6.1,413,42.7,24.3,808,17.86,53,5.7,1
10/11/24 13:00,0.7,6.1,413,42.6,24.4,806,17.86,21,3.1,1
10/11/24 14:00,0.7,6.1,415,42.8,24.4,803,17.86,43,2.6,1
10/11/24 15:00,0.7,6.1,416,43,24.4,802,17.86,53,3.1,1
10/11/24 16:00,0.7,6.1,416,42.4,24.5,801,17.86,67,2.1,1
10/11/24 17:00,0.7,6.1,411,40.2,26.3,681,18.8,248,1.5,1
10/11/24 18:00,0.7,6.1,411,39.9,26.2,681,18.8,307,3.1,1
10/11/24 19:00,0.7,6.1,412,39.8,26.3,675,18.96,333,1.5,1
10/11/24 20:00,0.7,6.1,412,39.8,26.3,675,18.96,287,2.6,1
10/11/24 21:00,1.2,6.1,412,39.8,26.3,675,18.96,282,2.6,1
10/11/24 22:00,1.2,6.1,416,43,26.2,469,19.46,34,1,1
10/11/24 23:00,1,6.1,417,42.9,26.2,467,19.46,39,0.5,1
10/12/24 0:00,0.7,6,417,42.7,26.2,467,19.46,38,0.5,1
10/12/24 1:00,0.7,6,418,42.7,26.2,468,19.46,39,1,1
10/12/24 2:00,0.9,6,418,42.6,26.3,467,19.7,37,1,1
10/12/24 3:00,1.2,6,419,42.6,26.3,466,19.7,37,1,1
10/12/24 4:00,1.2,5.9,413,42.1,25.5,465,19.48,319,0,1
10/12/24 5:00,1.2,5.9,413,41.6,25.5,465,19.26,322,0,1
10/12/24 6:00,1.2,6,415,41.4,25.6,464,19.26,320,0.5,1
10/12/24 7:00,1.2,6,416,41.5,25.6,464,19.26,317,0.5,1
10/12/24 8:00,1.2,6,415,41.3,25.5,462,19.26,322,0.5,1
10/12/24 9:00,1.2,6,415,41.1,25.5,460,19.26,316,0,1
10/12/24 10:00,1.2,6,415,41.3,25.8,238,19.86,130,0.5,1
10/12/24 11:00,1.2,6,415,42.5,25.8,236,19.86,128,0.5,1
10/12/24 12:00,1.2,6,416,43.2,25.8,236,19.86,129,0.5,1
10/12/24 13:00,1.2,6,414,43.3,25.8,234,19.86,129,1,1
10/12/24 14:00,1.2,6,414,43.2,25.8,234,19.86,149,1.5,1
10/12/24 15:00,1.2,6,414,43.3,25.9,235,19.84,151,1,1
10/12/24 16:00,1.2,6,409,43.1,24.1,7,19.06,200,1.5,1
10/12/24 17:00,1.2,6,409,43.2,24.1,7,18.98,199,1,1
10/12/24 18:00,1.2,6,409,42.8,24.1,8,18.98,198,0.5,1
10/12/24 19:00,1.2,6,409,44.4,24.1,9,18.98,200,1,1
10/12/24 20:00,1.2,6,409,44.4,24.1,8,18.98,249,2.1,1
10/12/24 21:00,1.2,6.1,408,52.5,22.8,0,17.98,307,1.5,1
10/12/24 22:00,1.2,6.1,409,52.4,22.8,0,17.98,306,1.5,1
10/12/24 23:00,1.2,6,410,52.5,22.7,0,17.98,307,1,1
10/13/24 0:00,1,6.1,409,52.7,22.7,0,18.02,305,1,1
10/13/24 1:00,1,6,409,52.8,22.7,0,18.02,305,0.5,1
10/13/24 2:00,0.8,6.1,407,59.6,20.9,0,16.28,275,1,1
10/13/24 3:00,0.8,6.1,407,59.6,20.9,0,16.38,276,0.5,1
10/13/24 4:00,0.7,6.1,407,59.5,20.9,0,16.38,274,1,1
10/13/24 5:00,0.7,6.1,406,61.1,20.8,0,16.38,274,1,1
10/13/24 6:00,0.7,6.1,406,61.4,20.8,0,16.38,66,1,1
10/13/24 7:00,0.7,6.1,407,62.5,20.9,0,16.38,59,1,1
10/13/24 8:00,0.7,6.1,413,68.9,19.4,0,13.74,37,0,1
10/13/24 9:00,0.7,6.1,413,68.2,19.4,0,13.74,38,0,1
10/13/24 10:00,0.7,6.1,412,68.2,19.4,0,13.74,37,0,1
10/13/24 11:00,0.7,6.1,413,69.1,19.4,0,13.74,35,0,1
10/13/24 12:00,0.7,6.1,415,69.3,19.4,0,13.88,37,0,1
10/13/24 13:00,0.7,6.1,420,70.4,18.6,0,13.12,61,0,1
10/13/24 14:00,0.7,6.1,419,69.3,18.6,0,13.12,64,0,1
10/13/24 15:00,0.7,6.1,419,69.5,18.6,0,13.24,61,0,1
10/13/24 16:00,0.7,6.1,419,69.1,18.6,0,13.24,64,0,1
10/13/24 17:00,0.7,6.1,418,70.6,18.6,0,13.24,60,0,1
10/13/24 18:00,0.7,6.1,418,70.5,18.6,0,13.24,65,0,1
10/13/24 19:00,0.7,6.1,428,75.5,18.7,0,12.58,62,0,1
10/13/24 20:00,0.7,6.1,429,75.3,18.7,0,12.58,58,0,1
10/13/24 21:00,1.2,6.1,429,75.3,18.8,0,12.58,61,0,1
10/13/24 22:00,1.2,6.1,428,74.7,18.8,0,12.58,61,0,1
10/13/24 23:00,1.2,6.1,428,74.9,18.8,0,12.58,60,0,1
10/14/24 0:00,0.9,6.1,428,75.2,18.8,0,12.52,61,0,1
10/14/24 1:00,1,6.1,435,75.3,18.2,0,12.24,62,0,1
10/14/24 2:00,1,6.1,433,76.8,18.2,0,12.24,59,0,1
10/14/24 3:00,0.8,6.2,433,76.4,18.2,0,12.24,61,0,1
10/14/24 4:00,0.8,6.2,433,76.2,18.2,0,11.8,63,0,1
10/14/24 5:00,0.8,6.2,431,76.4,18.2,0,11.8,62,0,1
10/14/24 6:00,0.8,6.2,432,76.4,18.2,0,11.8,61,0,1
10/14/24 7:00,0.8,6.2,438,74.1,17.8,0,11.04,58,0,1
10/14/24 8:00,0.8,6.2,438,74,17.8,0,11.04,63,0,1
10/14/24 9:00,0.8,6.1,438,71.6,17.8,0,11.04,63,0,1
10/14/24 10:00,0.8,6.1,438,72.1,17.8,0,11.04,61,0,1
10/14/24 11:00,0.8,6.1,437,72.3,17.8,0,11.04,60,0,1
10/14/24 12:00,0.8,6.2,437,72.2,17.8,0,11.04,63,0,1
10/14/24 13:00,0.8,6.1,441,76,17.4,0,11.18,62,0,1
10/14/24 14:00,0.8,6.1,441,76.6,17.4,0,11.18,60,0,1
10/14/24 15:00,0.8,6.1,441,77.5,17.4,0,11.32,60,0,1
10/14/24 16:00,0.8,6.1,442,77.2,17.4,0,11.32,61,0,1
10/14/24 17:00,0.8,6.1,441,76.1,17.4,0,11.32,58,0,1
10/14/24 18:00,0.8,6.1,440,75.5,17.5,0,11.32,61,0,1
10/14/24 19:00,1.2,6,439,74.7,17.2,0,11.26,60,0,1
10/14/24 20:00,1.2,6,439,75,17.2,0,11.26,61,0,1
10/14/24 21:00,1.2,6,439,73.8,17.2,0,11.26,60,0,1
10/14/24 22:00,1.2,6,439,74.3,17.2,0,11.16,59,0,1
10/14/24 23:00,1.2,6,440,75.2,17.2,0,11.16,62,0,1
10/15/24 0:00,1.2,6,439,75.3,17.2,0,11.16,59,0,1
10/15/24 1:00,1.2,6,440,76.2,16.9,0,10.7,61,0,1
10/15/24 2:00,1.2,6,439,76.2,16.9,0,10.6,59,0,1
10/15/24 3:00,1.2,6.1,439,76.7,16.9,0,10.6,61,0,1
10/15/24 4:00,1.2,6.1,439,76.8,16.9,0,10.6,61,0,1
10/15/24 5:00,1.2,6,439,75.7,16.9,0,10.6,60,0,1
10/15/24 6:00,1,6.1,436,78.6,16.4,0,10.26,59,0,1
10/15/24 7:00,1,6,436,78.6,16.4,0,10.26,60,0,1
10/15/24 8:00,0.8,6.1,438,77.8,16.4,0,10.26,59,0,1
10/15/24 9:00,0.8,6.1,439,78,16.5,0,10.12,60,0,1
10/15/24 10:00,0.7,6.1,441,78.5,16.4,0,10.12,60,0,1
10/15/24 16:00,0.7,6.1,441,78.6,16.4,0,10.12,58,0,1
10/15/24 17:00,0.7,6.1,442,77.2,16.1,0,10,60,0,1
10/15/24 18:00,0.7,6.1,442,76.9,16.1,0,10,61,0,1
10/15/24 19:00,0.7,6.1,442,77.1,16.1,0,10,63,0,1
10/15/24 20:00,0.7,6.1,442,76.7,16.1,0,10,60,0,1
10/15/24 21:00,0.7,6.1,442,76.4,16.1,0,10,61,0,1
10/15/24 22:00,0.7,6.1,443,76,16.2,0,10,61,0,1
10/15/24 23:00,0.7,6.1,447,76.1,16,0,10.14,61,0,1
10/16/24 0:00,0.7,6.1,445,76.1,16,0,10.14,65,0,1
10/16/24 1:00,0.7,6.1,443,76,16,0,10.02,66,0,1
10/16/24 2:00,0.7,6.1,443,75.3,16,0,10.02,63,0,1
10/16/24 3:00,0.7,6.1,443,75.2,16,0,10.02,62,0,1
10/16/24 4:00,0.7,6.1,442,75.4,16,0,10.02,62,0,1
10/16/24 5:00,0.7,6.1,448,76.3,16,0,10,63,0,1
10/16/24 6:00,0.7,6.1,448,76.8,15.9,0,10,63,0,1
10/16/24 7:00,0.7,6.1,448,77.2,15.9,0,10,63,0,1
10/16/24 8:00,1.2,6.1,448,76.8,16,0,10,61,0,1
10/16/24 9:00,1.2,6.1,449,76.8,15.9,0,10,62,0,1
10/16/24 10:00,1.2,6.1,449,77,15.9,0,10.12,64,0,1
10/16/24 11:00,0.9,6.1,453,75.5,17.6,71,11.02,65,0,1
10/16/24 12:00,1,6.1,453,75.4,17.6,78,11.02,63,0,1
10/16/24 13:00,1,6.1,454,74.3,17.6,89,11.18,64,0,1
10/16/24 14:00,0.8,6.2,454,74.3,17.6,99,11.18,63,0,1
10/16/24 15:00,0.8,6.2,453,74.5,17.6,112,11.18,63,0,1
10/16/24 16:00,0.8,6.2,461,67.8,22,318,14.18,103,0.5,1
10/16/24 17:00,0.8,6.2,461,67.8,22,316,14.18,105,0.5,1
10/16/24 18:00,0.8,6.2,461,67.3,22.1,318,14.18,103,0.5,1
10/16/24 19:00,0.8,6.2,462,67.2,22.1,324,14.18,102,0,1
10/16/24 20:00,0.8,6.1,462,67.1,22.1,323,14.18,105,0,1
10/16/24 21:00,0.8,6.1,462,67.6,22.1,324,14.14,100,0,1
10/16/24 22:00,0.8,6.1,468,59.9,22.9,250,15.62,163,0,1
10/16/24 23:00,1.2,6,466,59.6,22.9,254,15.68,161,0,1
10/17/24 0:00,1.2,6,466,60.4,23,270,15.68,161,0,1
10/17/24 1:00,1.2,6,466,60.4,22.9,274,15.68,161,0,1
10/17/24 2:00,1.2,6,466,59.2,23,276,15.68,160,0,1
10/17/24 3:00,1.2,6,466,60,23,276,15.68,163,0,1
10/17/24 4:00,1.2,6,439,53.5,25.7,592,18.84,126,2.6,1
10/17/24 5:00,1.2,6,437,53.7,25.7,574,18.84,127,2.1,1
10/17/24 6:00,1.2,6,436,53.4,25.6,549,18.84,122,1,1
10/17/24 7:00,1.2,6.1,436,53.7,25.6,520,18.84,95,2.1,1
10/17/24 8:00,1.2,6.1,436,54,25.6,505,18.84,94,1.5,1
10/17/24 9:00,1.2,6,437,54.4,25.6,508,18.7,73,2.6,1
10/17/24 10:00,1,6.1,415,55.4,24.1,348,18.74,325,0,1
10/17/24 11:00,1,6,414,55.4,24.1,344,18.74,68,0,1
10/17/24 12:00,0.8,6.1,415,55.4,24.1,339,18.74,128,1,1
10/17/24 13:00,0.8,6.1,416,55.2,24.1,334,18.74,122,1.5,1
10/17/24 14:00,0.7,6.1,415,55.9,24.1,334,18.74,125,1,1
10/17/24 15:00,0.7,6.1,416,56.4,24.1,333,18.74,62,2.1,1
10/17/24 16:00,0.7,6.1,413,61.5,22.9,179,18.34,138,1,1
10/17/24 17:00,0.7,6.1,414,61.9,22.9,176,18.34,137,0.5,1
10/17/24 18:00,0.7,6.1,415,62.2,22.8,172,18.34,113,1,1
10/17/24 19:00,0.7,6.1,414,62,22.9,171,18.34,113,1.5,1
10/17/24 20:00,0.7,6.1,414,62.1,23,170,18.34,99,2.1,1
10/17/24 21:00,0.7,6.1,414,62.6,23,169,18.32,91,2.1,1
10/17/24 22:00,0.7,6.1,420,66.4,22.8,113,15.98,114,1,1
10/17/24 23:00,0.7,6.1,420,65.9,22.8,113,15.88,111,1,1
10/18/24 0:00,0.7,6.1,420,66.1,22.7,112,15.88,92,2.1,1
10/18/24 1:00,0.7,6.1,419,67.3,22.7,112,15.88,121,1.5,1
10/18/24 2:00,0.7,6.1,419,67.4,22.7,109,15.88,121,1.5,1
10/18/24 3:00,0.7,6.1,420,67.4,22.7,107,15.88,120,1,1
10/18/24 4:00,0.7,6.1,423,66.9,23,47,16.64,73,0,1
10/18/24 5:00,0.7,6.1,423,67.1,23,48,16.64,74,0,1
10/18/24 6:00,0.7,6.1,424,67.3,22.9,47,16.64,75,0,1
10/18/24 7:00,1.2,6.1,424,67.2,22.9,50,16.64,75,0,1
10/18/24 8:00,1.2,6.1,425,67.2,22.9,51,16.64,75,0,1
10/18/24 9:00,1.2,6.1,426,66.7,22.9,51,16.64,73,0,1
10/18/24 10:00,0.9,6.1,422,72.4,22,9,16.82,83,0.5,1
10/18/24 11:00,1,6.1,423,72.5,22,9,16.58,82,1,1
10/18/24 12:00,1,6.1,423,72.2,22,10,16.58,84,1,1
10/18/24 13:00,0.8,6.2,421,72.1,22,10,16.58,84,1,1
10/18/24 14:00,0.8,6.2,421,72.2,22,10,16.58,78,1,1
10/18/24 15:00,0.8,6.2,419,78,20.1,2,14.82,337,1,1
10/18/24 16:00,0.8,6.2,419,78.8,20.1,1,14.82,334,1,1
10/18/24 17:00,0.8,6.2,419,78.6,20,1,14.82,335,0,1
10/18/24 18:00,0.8,6.2,419,78.6,20,1,14.82,334,0,1
10/18/24 19:00,0.8,6.1,419,78.6,20,1,14.44,335,0,1
10/18/24 20:00,0.8,6.1,420,78.7,20,1,14.44,344,1.5,1
10/18/24 21:00,0.8,6.1,417,82.3,19,0,14.12,244,0,1
10/18/24 22:00,1.2,6,418,82.2,19,0,14.36,248,0,1
10/18/24 23:00,1.2,6,417,81.8,19,0,14.36,244,0,1
10/19/24 0:00,1.2,6,417,81.5,19,0,14.36,244,0,1
10/19/24 1:00,1.2,6,418,82.3,19,1,14.36,249,0,1
10/19/24 2:00,1.2,6,417,82,19,1,14.36,249,0,1
10/19/24 3:00,1.2,6,423,82.4,18.5,0,14.38,118,0.5,1
10/19/24 4:00,1.2,6,423,82.9,18.4,0,14.38,118,1,1
10/19/24 5:00,1.2,6,422,82.9,18.4,0,14.38,116,1.5,1
10/19/24 6:00,1.2,6.1,421,82.6,18.5,0,14.38,116,1,1
10/19/24 7:00,1.2,6.1,420,82.7,18.4,0,14.12,114,1.5,1
10/19/24 8:00,1.2,6,430,83.9,17.2,0,12.88,37,0.5,1
10/19/24 9:00,1,6.1,431,82.4,17.2,0,12.88,39,0,1
10/19/24 10:00,1,6,431,82.6,17.2,0,12.62,38,0.5,1
10/19/24 11:00,0.8,6.1,431,82.8,17.2,0,12.62,39,0,1
10/19/24 12:00,0.8,6.1,431,82.8,17.2,0,12.62,31,0,1
10/19/24 13:00,0.7,6.1,431,83.6,17.2,0,12.62,45,0,1
10/19/24 14:00,0.7,6.1,431,84.4,17,0,11.86,50,0,1
10/19/24 15:00,0.7,6.1,431,84.2,17,0,11.86,53,0,1
10/19/24 16:00,0.7,6.1,432,84.1,17,0,11.86,53,0,1
10/19/24 17:00,0.7,6.1,433,83,17,0,11.86,51,0,1
10/19/24 18:00,0.7,6.1,433,81.4,17,0,11.86,47,0,1
10/19/24 19:00,0.7,6.1,434,81.4,17,0,11.86,47,0,1
10/19/24 20:00,0.7,6.1,431,78.5,16.8,0,11.12,47,0,1
10/19/24 21:00,0.7,6.1,432,78.6,16.8,0,11.12,50,0,1
10/19/24 22:00,0.7,6.1,433,78.4,16.8,0,11.74,49,0,1
10/19/24 23:00,0.7,6.1,434,79.6,16.8,0,11.74,55,0,1
10/20/24 0:00,0.7,6.1,434,79.6,16.8,0,11.74,53,0,1
10/20/24 1:00,0.7,6.1,434,81.3,16.9,0,11.74,51,0,1
10/20/24 2:00,0.7,6.1,439,84.7,16.4,0,11.92,51,0,1
10/20/24 3:00,0.7,6.1,439,85.2,16.4,0,11.92,47,0,1
10/20/24 4:00,0.7,6.1,440,85.3,16.4,0,11.92,50,0,1
10/20/24 5:00,0.7,6.1,439,85.2,16.4,0,11.92,62,0,1
10/20/24 6:00,1.2,6.1,439,84.9,16.4,0,11.92,47,0,1
10/20/24 7:00,1.2,6.1,437,85.6,16.4,0,11.7,49,0,1
10/20/24 8:00,1.2,6.1,437,80.5,16.1,0,11.58,49,0,1
10/20/24 9:00,0.9,6.1,437,80.9,16.1,0,11.58,52,0,1
10/20/24 10:00,1,6.1,438,81.1,16.2,0,11.58,50,0,1
10/20/24 11:00,1,6.1,437,81,16.2,0,11.4,52,0,1
10/20/24 12:00,0.8,6.2,438,81.4,16.2,0,11.4,52,0,1
10/20/24 13:00,0.8,6.2,439,81.7,16.1,0,11.4,46,0,1
10/20/24 14:00,0.8,6.2,439,82.5,15.9,0,11.66,49,0,1
10/20/24 15:00,0.8,6.2,438,83,16,0,11.66,46,0,1
10/20/24 16:00,0.8,6.2,436,83.3,16,0,11.66,47,0,1
10/20/24 17:00,0.8,6.2,437,84,15.9,0,11.66,47,0,1
10/20/24 18:00,0.8,6.1,435,83.5,15.9,0,11.66,45,0,1
10/20/24 19:00,0.8,6.1,436,83.5,15.9,0,11.16,48,0,1
10/20/24 20:00,0.8,6.1,441,79.7,15.7,0,12.12,52,0,1
10/20/24 21:00,1.2,6,442,80.5,15.7,0,11.7,53,0,1
10/20/24 22:00,1.2,6,443,80.2,15.7,0,11.7,54,0,1
10/20/24 23:00,1.2,6,440,80.2,15.7,0,11.7,52,0,1
10/21/24 0:00,1.2,6,439,79.6,15.7,0,11.7,52,0,1
10/21/24 1:00,1.2,6,440,83.5,15.4,0,10.76,47,0,1
10/21/24 2:00,1.2,6,440,83.4,15.4,0,10.76,54,0,1
10/21/24 3:00,1.2,6,440,83.9,15.4,0,10.76,58,0,1
10/21/24 4:00,1.2,6,441,81.1,15.5,0,10.76,56,0,1
10/21/24 5:00,1.2,6.1,441,81.2,15.5,0,10.94,57,0,1
10/21/24 6:00,1.2,6.1,442,81.6,15.4,0,10.94,56,0,1
10/21/24 7:00,1.2,6,442,82.3,15.2,0,9.64,50,0,1
10/21/24 8:00,1,6.1,442,82,15.1,0,9.64,50,0,1
10/21/24 9:00,1,6,442,82.7,15.1,0,10.44,50,0,1
10/21/24 10:00,0.8,6.1,443,81.4,15.1,0,10.44,52,0,1
10/21/24 11:00,0.8,6.1,443,79.1,15.1,0,10.44,51,0,1
10/21/24 12:00,0.7,6.1,442,78.9,15.1,0,10.44,59,0,1
10/21/24 13:00,0.7,6.1,447,82.2,14.7,0,11.16,49,0,1
10/21/24 14:00,0.7,6.1,447,80.4,14.8,0,11.16,48,0,1
10/21/24 15:00,0.7,6.1,446,80.5,14.8,0,11.16,53,0,1
10/21/24 16:00,0.7,6.1,447,80.2,14.8,0,10.86,45,0,1
10/21/24 17:00,0.7,6.1,447,80,14.8,0,10.86,55,0,1
10/21/24 18:00,0.7,6.1,446,84.6,14.8,0,10.86,58,0,1
10/21/24 19:00,0.7,6.1,448,84.7,14.5,0,10.38,50,0,1
10/21/24 20:00,0.7,6.1,449,84.8,14.5,0,10.38,50,0,1
10/21/24 21:00,0.7,6.1,450,84.4,14.5,0,10.38,50,0,1
10/21/24 22:00,0.7,6.1,450,83.6,14.5,0,10.38,50,0,1
10/21/24 23:00,0.7,6.1,451,82.2,14.5,0,10.38,51,0,1
10/22/24 0:00,0.7,6.1,454,84.4,14.6,8,10.36,57,0,1
10/22/24 1:00,0.7,6.1,454,84.1,14.6,8,10.36,51,0,1
10/22/24 2:00,0.7,6.1,454,84.3,14.5,8,10.36,55,0,1
10/22/24 3:00,0.7,6.1,455,84,14.6,8,10.36,49,0,1
10/22/24 4:00,0.7,6.1,455,83.8,14.6,8,10.52,52,0,1
10/22/24 5:00,1.2,6.1,456,83.2,14.6,8,10.52,47,0,1
10/22/24 6:00,1.2,6.1,458,76.2,17.1,121,11.22,192,0.5,1
10/22/24 7:00,1.2,6.1,458,75.5,17.1,117,10.76,194,0,1
10/22/24 8:00,0.9,6.1,457,75.4,17.1,117,10.76,189,0.5,1
10/22/24 9:00,1,6.1,457,75.5,17.2,117,10.76,192,1,1
10/22/24 10:00,1,6.1,456,75,17.2,119,10.76,200,1,1
10/22/24 11:00,0.8,6.2,455,75.2,17.2,119,10.76,196,0.5,1
10/22/24 12:00,0.8,6.2,462,69.6,23.3,340,14.28,96,1,1
10/22/24 13:00,0.8,6.2,461,68.4,23.3,339,14.28,189,1.5,1
10/22/24 14:00,0.8,6.2,461,68.2,23.4,339,14.28,189,1,1
10/22/24 15:00,0.8,6.2,461,67.7,23.4,343,14.28,182,1,1
10/22/24 16:00,0.8,6.2,461,68.2,23.4,348,14.42,188,1,1
10/22/24 17:00,0.8,6.1,462,68.4,23.4,347,14.42,187,0.5,1
10/22/24 18:00,0.8,6.1,447,64.1,23.2,544,15.08,194,2.1,1
10/22/24 19:00,0.8,6.1,447,63.9,23.1,542,15.08,197,1,1
10/22/24 20:00,1.2,6,447,65,23.2,542,15.12,195,0.5,1
10/22/24 21:00,1.2,6,447,66,23.2,543,15.12,189,0.5,1
10/22/24 22:00,1.2,6,447,66.3,23.1,544,15.12,187,0,1
10/22/24 23:00,1.2,6,447,66.4,23.2,546,15.12,202,0,1
10/23/24 0:00,1.2,6,441,59.7,25.2,687,17.34,242,1.5,1
10/23/24 1:00,1.2,6,440,60.5,25.2,686,17.34,215,1,1
10/23/24 2:00,1.2,6,440,60.5,25.2,687,17.34,210,1,1
10/23/24 3:00,1.2,6,438,60.2,25.2,686,17.34,216,1,1
10/23/24 4:00,1.2,6.1,440,60.3,25.3,690,17.34,218,1,1
10/23/24 5:00,1.2,6.1,440,60.5,25.3,690,17.36,143,2.1,1
10/23/24 6:00,1.2,6,420,56.5,26.7,264,18.68,209,2.6,1
10/23/24 7:00,1,6.1,420,57.3,26.8,287,18.68,195,2.1,1
10/23/24 8:00,1,6,420,57.2,26.8,362,18.82,193,1.5,1
10/23/24 9:00,0.8,6.1,420,57.2,26.8,432,18.82,192,2.1,1
10/23/24 10:00,0.8,6.1,420,57.2,26.8,432,18.82,194,1.5,1
10/23/24 11:00,0.7,6.1,419,58,26.7,575,18.82,194,1,1
10/23/24 12:00,0.7,6.1,417,52,27.1,739,20.74,272,0,1
10/23/24 13:00,0.7,6.1,416,52.4,27.1,739,20.74,277,1,1
10/23/24 14:00,0.7,6.1,416,52.4,27.1,735,20.74,280,1,1
10/23/24 15:00,0.7,6.1,416,52.8,27.2,731,20.74,286,0.5,1
10/23/24 16:00,0.7,6.1,416,52.5,27.2,732,20.74,280,1.5,1
10/23/24 17:00,0.7,6.1,400,43.7,29.5,606,22.5,0,2.1,1
10/23/24 18:00,0.7,6.1,399,43.6,29.5,603,22.5,0,2.1,1
10/23/24 19:00,0.7,6.1,399,43.7,29.4,606,22.44,1,1.5,1
10/23/24 20:00,0.7,6.1,399,44.4,29.4,607,22.44,359,2.6,1
10/23/24 21:00,0.7,6.1,398,43.5,29.5,606,22.44,0,1.5,1
10/23/24 22:00,0.7,6.1,398,44.5,29.4,606,22.44,5,1.5,1
10/23/24 23:00,0.7,6.1,395,41.2,30,446,22.94,23,1,1
10/24/24 0:00,0.7,6.1,393,41.5,30,445,22.94,19,1,1
10/24/24 1:00,0.7,6.1,392,42.9,29.9,444,22.94,22,1.5,1
10/24/24 2:00,0.7,6.1,393,43.1,29.8,442,22.94,20,1,1
10/24/24 3:00,0.7,6.1,393,43.5,29.8,445,22.94,22,1.5,1
10/24/24 4:00,1.2,6.1,393,43.8,29.7,445,22.96,24,2.1,1
10/24/24 5:00,1.2,6.1,400,45.3,29.5,229,23.52,27,1,1
10/24/24 6:00,1.2,6.1,400,45.7,29.5,231,23.52,28,0.5,1
10/24/24 7:00,0.9,6.1,400,45.8,29.5,231,23.52,27,2.1,1
10/24/24 8:00,1,6.1,400,46.5,29.5,229,23.3,26,1,1
10/24/24 9:00,1,6.1,399,46,29.5,229,23.3,27,1,1
10/24/24 10:00,0.8,6.2,399,45.6,29.4,227,23.3,25,1.5,1
10/24/24 11:00,0.8,6.2,413,45.8,26.3,4,21.84,60,0.5,1
10/24/24 12:00,0.8,6.2,412,46.5,26.3,4,21.84,60,1,1
10/24/24 13:00,0.8,6.2,412,46.8,26.3,1,21.84,61,0.5,1
10/24/24 14:00,0.8,6.2,412,47.4,26.3,1,21.84,58,0.5,1
10/24/24 15:00,0.8,6.2,412,47.4,26.4,1,21.84,61,0.5,1
10/24/24 16:00,0.8,6.1,411,47.6,26.4,1,21.84,59,1,1
10/24/24 17:00,0.8,6.1,404,55.8,23,3,20.4,0,1,1
10/24/24 18:00,0.8,6.1,405,55.9,23,3,20.4,0,0.5,1
10/24/24 19:00,1.2,6,405,55.6,23.1,3,20.4,0,0.5,1
10/24/24 20:00,1.2,6,403,56,23.1,3,20.22,1,0.5,1
10/24/24 21:00,1.2,6,402,55.4,23.1,3,20.22,3,1.5,1
10/24/24 22:00,1.2,6,402,55.5,23.1,3,20.22,1,1,1
10/24/24 23:00,1.2,6,410,66.3,21.6,0,17.3,56,0,1
10/25/24 0:00,1.2,6,410,67.5,21.5,0,16.88,56,0,1
10/25/24 1:00,1.2,6,411,67.7,21.5,0,16.88,60,0,1
10/25/24 2:00,1.2,6,412,68.5,21.4,0,16.88,60,0,1
10/25/24 3:00,1.2,6.1,413,68.1,21.4,0,16.88,59,0,1
10/25/24 4:00,1.2,6.1,413,66.6,21.4,0,16.88,60,0,1
10/25/24 5:00,1.2,6,417,72.6,19.9,0,17,21,0,1
10/25/24 6:00,1,6.1,417,72.9,19.9,0,17,20,0,1
10/25/24 7:00,1,6,416,72.7,19.9,0,17,20,0,1
10/25/24 8:00,0.8,6.1,416,72.8,19.9,0,17,19,0,1
10/25/24 9:00,0.8,6.1,418,72.6,19.9,0,17,19,0,1
10/25/24 10:00,0.7,6.1,418,72.4,19.9,0,16.76,20,0,1
10/25/24 11:00,0.7,6.1,427,76.4,19.1,0,15.72,36,0,1
10/25/24 12:00,0.7,6.1,426,77,19.1,0,15.72,35,0,1
10/25/24 13:00,0.7,6.1,427,77.2,19.1,0,15.64,32,0,1
10/25/24 14:00,0.7,6.1,425,77.6,19,0,15.64,34,0,1
10/25/24 15:00,0.7,6.1,425,78.1,19.1,0,15.64,33,0,1
10/25/24 16:00,0.7,6.1,424,77.8,19.1,0,15.64,36,0,1
10/25/24 17:00,0.7,6.1,428,77.1,19.2,0,15.24,33,0,1
10/25/24 18:00,0.7,6.1,426,77.8,19.2,0,15.24,35,0,1
10/25/24 19:00,0.7,6.1,426,78,19.2,0,15.24,35,0,1
10/25/24 20:00,0.7,6.1,426,75.5,19.2,0,15.24,34,0,1
10/25/24 21:00,0.7,6.1,428,75.6,19.2,0,15.24,35,0,1
10/25/24 22:00,0.7,6.1,429,74.8,19.2,0,15.28,35,0,1
10/25/24 23:00,0.7,6.1,435,75.8,18.8,0,14.44,34,0,1
10/26/24 0:00,0.7,6.1,436,75.8,18.8,0,14.44,34,0,1
10/26/24 1:00,0.7,6.1,435,75.2,18.8,0,14.66,31,0,1
10/26/24 2:00,0.7,6.1,435,75,18.8,0,14.66,35,0,1
10/26/24 3:00,1.2,6.1,435,75.6,18.8,0,14.66,32,0,1
10/26/24 4:00,1.2,6.1,435,75.2,18.8,0,14.66,33,0,1
10/26/24 5:00,1.2,6.1,441,78.3,18.3,0,13.32,37,0,1
10/26/24 6:00,0.9,6.1,440,78.5,18.3,0,13.32,33,0,1
10/26/24 7:00,1,6.1,439,78.3,18.3,0,13.32,33,0,1
10/26/24 8:00,1,6.1,439,78.3,18.3,0,13.32,37,0,1
10/26/24 9:00,0.8,6.2,439,78.3,18.3,0,13.32,36,0,1
10/26/24 10:00,0.8,6.2,439,78.8,18.3,0,13.32,34,0,1
10/26/24 11:00,0.8,6.2,439,79.7,17.8,0,13.24,37,0,1
10/26/24 12:00,0.8,6.2,440,79.1,17.9,0,13.24,36,0,1
10/26/24 13:00,0.8,6.2,441,79.1,17.9,0,13.24,32,0,1
10/26/24 14:00,0.8,6.2,442,79.4,17.9,0,13.18,35,0,1
10/26/24 15:00,0.8,6.1,442,78.6,17.8,0,13.18,31,0,1
10/26/24 16:00,0.8,6.1,442,78.8,17.8,0,13.18,33,0,1
10/26/24 17:00,0.8,6.1,448,80.1,17.4,0,12.62,34,0,1
10/26/24 18:00,1.2,6,448,80.7,17.4,0,12.62,34,0,1
10/26/24 19:00,1.2,6,448,81.2,17.4,0,12.62,33,0,1
10/26/24 20:00,1.2,6,447,81.6,17.4,0,12.62,36,0,1
10/26/24 21:00,1.2,6,446,80.6,17.4,0,12.62,33,0,1
10/26/24 22:00,1.2,6,447,80.8,17,0,11.64,36,0,1
10/26/24 23:00,1.2,6,446,80.4,17,0,11.64,33,0,1
10/27/24 0:00,1.2,6,447,80.4,17,0,11.64,34,0,1
10/27/24 1:00,1.2,6,447,79.6,17,0,11.86,31,0,1
10/27/24 2:00,1.2,6.1,447,79.9,17,0,11.86,35,0,1
10/27/24 3:00,1.2,6.1,447,79.5,17,0,11.86,34,0,1
10/27/24 4:00,1.2,6,449,76.9,16.6,0,11.86,34,0,1
10/27/24 5:00,1,6.1,451,75.8,16.6,0,11.86,34,0,1
10/27/24 6:00,1,6,450,76.2,16.6,0,11.86,33,0,1
10/27/24 7:00,0.8,6.1,450,75,16.7,0,11.86,33,0,1
10/27/24 8:00,0.8,6.1,451,74.5,16.6,0,11.86,34,0,1
10/27/24 9:00,0.7,6.1,451,79.6,16.3,0,11.96,35,0,1
10/27/24 10:00,0.7,6.1,451,79.6,16.3,0,11.96,35,0,1
10/27/24 11:00,0.7,6.1,449,78.2,16.3,0,11.9,33,0,1
10/27/24 12:00,0.7,6.1,450,77.9,16.3,0,11.9,36,0,1
10/27/24 13:00,0.7,6.1,450,78.1,16.3,0,11.9,36,0,1
10/27/24 14:00,0.7,6.1,450,78.3,16.4,0,11.9,36,0,1
10/27/24 15:00,0.7,6.1,449,80.7,16.2,0,11.64,34,0,1
10/27/24 16:00,0.7,6.1,451,82.5,16.1,0,11.64,34,0,1
10/27/24 17:00,0.7,6.1,453,82.7,16.2,0,11.64,35,0,1
10/27/24 18:00,0.7,6.1,454,82.4,16.1,0,11.64,31,0,1
10/27/24 19:00,0.7,6.1,454,82.5,16.1,0,11.76,37,0,1
10/27/24 20:00,0.7,6.1,454,82.3,16.1,0,11.76,35,0,1
10/27/24 21:00,0.7,6.1,454,79.4,16,1,11.56,36,0,1
10/27/24 22:00,0.7,6.1,455,79.5,16,2,11.56,38,0,1
10/27/24 23:00,0.7,6.1,455,79.7,16,2,11.42,34,0,1
10/28/24 0:00,0.7,6.1,455,78.8,16,2,11.42,31,0,1
10/28/24 1:00,0.7,6.1,454,78.7,16,2,11.42,36,0,1
10/28/24 2:00,1.2,6.1,453,78.9,16,2,11.42,36,0,1
10/28/24 3:00,1.2,6.1,454,74.3,18.9,177,13.86,35,0,1
10/28/24 4:00,1.2,6.1,454,73.7,18.9,179,13.86,34,0,1
10/28/24 5:00,0.9,6.1,454,73.4,19,179,13.86,30,0,1
10/28/24 6:00,1,6.1,454,73.4,19,182,13.86,31,0,1
10/28/24 7:00,1,6.1,454,73.3,19,188,13.84,33,0,1
10/28/24 8:00,0.8,6.2,454,73.4,19,190,13.84,32,0,1
10/28/24 9:00,0.8,6.2,459,68.2,23.4,325,16.1,218,0,1
10/28/24 10:00,0.8,6.2,459,67.9,23.4,325,16.36,218,0,1
10/28/24 11:00,0.8,6.2,459,67.8,23.4,328,16.36,218,0,1
10/28/24 12:00,0.8,6.2,460,67.5,23.4,328,16.36,217,0,1
10/28/24 13:00,0.8,6.2,460,68.6,23.3,329,16.36,217,0,1
10/28/24 14:00,0.8,6.1,460,69,23.3,332,16.36,215,0,1
10/28/24 15:00,0.8,6.1,449,61.4,23.7,536,18.7,145,0,1
10/28/24 16:00,0.8,6.1,448,61.9,23.7,537,18.7,145,0,1
10/28/24 17:00,1.5,6.2,448,61.4,23.7,538,18.7,132,0,1
10/28/24 18:00,1.5,6.2,447,60.7,23.8,539,18.7,135,0,1
10/28/24 19:00,0.8,6.2,446,60.5,23.8,540,18.7,132,0,1
10/28/24 20:00,0.8,6.2,445,61.6,23.8,540,18.72,131,0,1
10/28/24 21:00,0.7,6.1,425,57.5,26.4,532,20.82,144,1.5,1
10/28/24 22:00,0.7,6.1,425,57.8,26.3,486,20.82,146,0.5,1
10/28/24 23:00,0.7,6.1,425,57.6,26.3,478,21.06,143,0,1
10/29/24 0:00,0.7,6.1,425,58,26.3,483,21.06,138,0.5,1
10/29/24 1:00,0.7,6.1,425,58.2,26.3,502,21.06,133,1,1
10/29/24 2:00,0.7,6.1,424,58.3,26.3,533,21.06,139,0.5,1
10/29/24 3:00,0.7,6.1,418,56.5,26.7,640,21.54,196,0.5,1
10/29/24 4:00,0.7,6.1,417,56.1,26.7,640,21.54,197,0.5,1
10/29/24 5:00,0.7,6.1,417,56.1,26.7,641,21.54,196,0.5,1
10/29/24 6:00,0.7,6.2,417,57,26.8,638,21.54,197,0.5,1
10/29/24 7:00,0.7,6.2,416,57.2,26.8,639,21.3,198,0,1
10/29/24 8:00,0.7,6.2,416,56.7,26.8,644,21.3,197,0,1
10/29/24 9:00,0.7,6.2,401,50.2,28.2,699,22.92,82,0,1
10/29/24 10:00,0.7,6.2,399,51.2,28.2,705,22.92,82,0,1
10/29/24 11:00,0.7,6.2,398,51.2,28.2,709,22.92,81,0,1
10/29/24 12:00,0.7,6.3,398,51.7,28.2,710,22.92,81,0,1
10/29/24 13:00,0.7,6.2,398,51.5,28.2,714,22.92,81,0,1
10/29/24 14:00,0.7,6.2,391,48.7,30.1,653,24.1,171,1,1
10/29/24 15:00,0.7,6.2,390,48.7,30.1,653,24.1,173,0.5,1
10/29/24 16:00,0.7,6.2,390,48.4,30.1,653,24.1,173,0.5,1
10/29/24 17:00,0.7,6.2,389,48.6,30.1,651,24.2,173,0.5,1
10/29/24 18:00,0.7,6.2,389,47.6,30.1,647,24.2,176,1.5,1
10/29/24 19:00,0.7,6.2,399,47.4,28.2,397,24.14,73,1.5,1
10/29/24 20:00,0.7,6.2,399,47.6,28.3,403,24.14,77,1,1
10/29/24 21:00,0.7,6.2,399,48,28.3,406,23.96,83,1,1
10/29/24 22:00,0.7,6.2,399,48.1,28.4,406,23.96,71,1,1
10/29/24 23:00,0.7,6.2,399,48,28.4,412,23.96,150,1.5,1
10/30/24 0:00,0.7,6.2,399,47.9,28.4,412,23.96,86,1.5,1
10/30/24 1:00,0.7,6.2,401,45,29,217,23.72,262,1,1
10/30/24 2:00,0.7,6.2,402,45.8,28.9,217,23.72,1,1,1
10/30/24 3:00,0.7,6.2,403,45.9,28.9,218,23.72,0,1,1
10/30/24 4:00,0.7,6.2,403,45.9,28.9,217,23.72,48,1.5,1
10/30/24 5:00,0.7,6.3,402,46,29,218,23.82,54,1.5,1
10/30/24 6:00,0.7,6.2,402,46.3,29,222,23.82,55,1,1
10/30/24 7:00,0.7,6.3,461,69,22.9,278,18.76,206,1,1
10/30/24 8:00,0.7,6.3,460,69.3,22.9,278,18.76,199,1,1
10/30/24 9:00,0.7,6.3,461,70.2,22.8,281,18.6,201,1,1
10/30/24 10:00,0.7,6.3,461,70.3,22.8,281,18.6,206,0,1
10/30/24 11:00,0.7,6.3,461,69.6,22.9,283,18.6,206,0,1
10/30/24 12:00,0.7,6.3,461,69.8,22.9,283,18.6,203,0.5,1
10/30/24 13:00,0.7,6.3,438,62.4,25.6,246,19.56,281,1.5,1
10/30/24 14:00,0.7,6.3,439,62.3,25.5,246,19.56,291,1,1
10/30/24 15:00,0.7,6.3,439,62.7,25.4,241,19.56,281,0.5,1
10/30/24 16:00,0.7,6.2,439,62.9,25.4,234,19.56,296,0.5,1
10/30/24 17:00,0.7,6.2,440,61.1,25.3,233,19.56,281,1.5,1
10/30/24 18:00,0.7,6.2,440,61.1,25.3,232,20.08,278,1.5,1
10/30/24 19:00,0.7,6.2,421,65.2,23.3,300,20.52,327,1.5,1
10/30/24 20:00,1.3,6.2,422,65.7,23.3,309,20.52,325,0.5,1
10/30/24 21:00,1.3,6.2,423,65.5,23.3,319,20.7,328,1,1
10/30/24 22:00,2,6.2,422,65.5,23.3,323,20.7,296,1,1
10/30/24 23:00,1.9,6.1,423,65.3,23.3,328,20.7,285,2.1,1
10/31/24 0:00,0.8,6.1,423,65.4,23.3,328,20.7,295,2.1,1
10/31/24 1:00,0.8,6.1,426,69.7,22.4,119,20.82,306,1.5,1
10/31/24 2:00,1.3,6.1,424,69.4,22.4,116,20.82,317,0.5,1
10/31/24 3:00,1.3,6.1,423,69.5,22.4,121,20.82,354,1,1
10/31/24 4:00,1.3,6.1,422,69.1,22.4,121,20.82,289,2.1,1
10/31/24 5:00,1.3,6.1,422,70.7,22.4,122,20.68,296,0.5,1
10/31/24 6:00,1.3,6.2,422,70.8,22.4,125,20.68,293,1,1
10/31/24 7:00,1.3,6.2,427,68.2,22.8,208,21.06,194,1,1
10/31/24 8:00,1.3,6.2,425,67.6,22.8,208,21.06,187,1,1
10/31/24 9:00,1.3,6.2,425,67.2,22.8,208,21.12,208,1.5,1
10/31/24 10:00,1.3,6.2,424,67.2,22.8,203,21.12,201,1.5,1
10/31/24 11:00,1.3,6.2,423,67.7,22.8,206,21.12,203,1,1
10/31/24 12:00,1.3,6.2,424,66.7,22.7,201,21.12,211,0.5,1
10/31/24 13:00,1.3,6.2,466,68.4,23,92,20.94,322,1,1
10/31/24 14:00,1.3,6.2,466,68.4,23,93,20.94,328,0.5,1
10/31/24 15:00,1.3,6.2,466,68.8,23,97,20.94,326,1,1
10/31/24 16:00,1.3,6.2,467,68.8,23,97,20.94,328,1,1
10/31/24 17:00,1.3,6.2,467,69.6,23,97,20.94,324,1,1
10/31/24 18:00,1.3,6.2,469,69.6,23,106,20.78,324,0.5,1
10/31/24 19:00,1.3,6.2,435,66.8,21.3,15,19.8,254,0.5,1
10/31/24 20:00,0.8,6.2,435,67.6,21.3,13,19.8,252,0,1
10/31/24 21:00,0.8,6.1,435,68.3,21.3,14,19.8,255,0,1
10/31/24 22:00,0.9,6.1,435,68.1,21.3,14,19.9,255,0.5,1
10/31/24 23:00,0.9,6.1,434,68.2,21.2,17,19.9,310,1,1
11/1/24 0:00,1.2,6.1,473,82.6,12.58,0,12.58,48,0,1
11/1/24 1:00,1.2,6.1,474,82.6,12.58,0,12.58,47,0,1
11/1/24 2:00,1.6,6.1,474,82.7,12.58,0,12.58,49,0,1
11/1/24 3:00,1.6,6.1,474,82.9,12.58,0,12.58,50,0,1
11/1/24 4:00,1.7,6.1,474,82.8,12.58,0,12.58,48,0,1
11/1/24 5:00,1.7,6.1,474,82.2,12.58,0,12.58,47,0,1
11/1/24 6:00,1.7,6.1,482,82.6,12.68,0,12.68,47,0,1
11/1/24 7:00,1.7,6.1,483,82.6,12.64,0,12.64,47,0,1
11/1/24 8:00,1.7,6.1,483,83.1,12.64,0,12.64,47,0,1
11/1/24 9:00,1.7,6.1,484,83.7,12.64,0,12.64,49,0,1
11/1/24 10:00,1.7,6.1,484,83.7,12.64,0,12.64,48,0,1
11/1/24 11:00,1.7,6.1,484,83.5,12.64,0,12.64,50,0,1
11/1/24 12:00,1.7,6.1,490,84,12.72,0,12.72,50,0,1
11/1/24 13:00,1.7,6.1,488,84.3,12.72,0,12.72,48,0,1
11/1/24 14:00,1.7,6.1,489,84,12.72,0,12.72,51,0,1
11/1/24 15:00,1.7,6.1,489,83.8,12.8,0,12.8,46,0,1
11/1/24 16:00,1.7,6.1,488,83.8,12.8,0,12.8,47,0,1
11/1/24 17:00,1.7,6.1,490,79.4,12.8,0,12.8,46,0,1
11/1/24 18:00,1.7,6.1,492,79.7,13.1,0,13.1,47,0,1
11/1/24 19:00,1.7,6.1,492,81.5,13.1,0,13.1,48,0,1
11/1/24 20:00,0.9,6.2,492,81.1,13.1,0,13.1,51,0,1
11/1/24 21:00,0.9,6.2,491,81.3,12.96,0,12.96,47,0,1
11/1/24 22:00,0.8,6.2,490,81.4,12.96,0,12.96,46,0,1
11/1/24 23:00,0.9,6.2,490,83,12.96,0,12.96,48,0,1
11/2/24 0:00,0.9,6.1,491,85,12.9,0,12.9,47,0,1
11/2/24 1:00,1.3,6.1,490,84.2,12.9,0,12.9,48,0,1
11/2/24 2:00,1.9,6.1,490,85.7,12.9,0,12.9,47,0,1
11/2/24 3:00,1.9,6.2,489,86.9,12.9,0,12.9,46,0,1
11/2/24 4:00,1.8,6.2,490,87.5,12.9,0,12.9,48,0,1
11/2/24 5:00,1.9,6.2,499,88.2,12.92,0,12.92,59,0,1
11/2/24 6:00,1.9,6.2,499,88.1,12.92,0,12.92,61,0,1
11/2/24 7:00,1.9,6.2,498,88.1,12.92,0,12.92,61,0,1
11/2/24 8:00,1.9,6.2,497,87.7,12.92,0,12.92,60,0,1
11/2/24 9:00,1.9,6.2,497,87.6,12.92,0,12.92,59,0,1
11/2/24 10:00,1.9,6.2,495,86.7,13.44,0,13.44,60,0,1
11/2/24 11:00,1.9,6.2,495,86.7,13.26,0,13.26,58,0,1
11/2/24 12:00,1.9,6.2,495,87.3,13.26,0,13.26,61,0,1
11/2/24 13:00,1.9,6.2,495,87.5,13.26,0,13.26,60,0,1
11/2/24 14:00,1.9,6.2,495,88.7,13.26,0,13.26,59,0,1
11/2/24 15:00,1.9,6.2,495,88.4,13.26,0,13.26,58,0,1
11/2/24 16:00,1.9,6.2,495,85.2,13.28,0,13.28,24,0,1
11/2/24 17:00,1.9,6.2,496,84.7,13.28,0,13.28,24,0,1
11/2/24 18:00,1.9,6.2,497,85,13.28,0,13.28,24,0,1
11/2/24 19:00,1.9,6.2,498,84.4,13.28,0,13.28,22,0,1
11/2/24 20:00,0.9,6.2,497,83.9,13.28,0,13.28,24,0,1
11/2/24 21:00,0.9,6.2,495,84.7,13.32,8,13.32,252,0,1
11/2/24 22:00,0.7,6.2,495,84.5,13.32,8,13.32,237,1.5,1
11/2/24 23:00,0.7,6.2,495,84.4,13.32,8,13.32,237,1.5,1
11/3/24 0:00,0.7,6.1,494,85,13.32,8,13.32,234,2.1,1
11/3/24 1:00,0.7,6.1,494,85.5,13.32,8,13.32,235,1,1
11/3/24 2:00,0.7,6.1,493,84.9,13.32,8,13.32,232,1,1
11/3/24 3:00,0.7,6.1,501,88.8,12.76,0,12.76,47,0,1
11/3/24 4:00,0.7,6.2,500,86,12.74,0,12.74,43,0,1
11/3/24 5:00,0.7,6.2,500,86.4,12.74,0,12.74,45,0.5,1
11/3/24 6:00,0.7,6.2,500,86.4,12.74,0,12.74,39,1,1
11/3/24 7:00,0.7,6.3,501,84.9,12.74,0,12.74,47,0.5,1
11/3/24 8:00,0.7,6.3,502,84.5,12.74,1,12.74,47,0.5,1
11/3/24 9:00,0.7,6.3,510,90,13.14,45,13.14,211,0,1
11/3/24 10:00,0.7,6.3,511,90.8,13.14,39,13.14,209,0,1
11/3/24 11:00,0.7,6.3,512,91.2,13.14,42,13.14,202,0,1
11/3/24 12:00,0.7,6.3,511,87.5,13.14,41,13.14,211,0,1
11/3/24 13:00,0.7,6.3,511,88,13.5,40,13.5,209,0,1
11/3/24 14:00,0.7,6.3,526,86,13.22,28,13.22,193,0.5,1
11/3/24 15:00,0.7,6.3,526,86.5,13.22,29,13.22,201,0.5,1
11/3/24 16:00,0.7,6.3,526,86.2,13.22,29,13.22,193,0.5,1
11/3/24 17:00,0.7,6.3,527,86.8,13.18,33,13.18,184,0.5,1
11/3/24 18:00,0.7,6.3,528,87.7,13.18,34,13.18,190,1,1
11/3/24 19:00,0.8,6.3,528,87.8,13.18,34,13.18,187,0.5,1
11/3/24 20:00,4.2,6,523,81.9,15.64,126,15.64,163,0,1
11/3/24 21:00,4.3,6.1,523,82,15.64,127,15.64,161,0.5,1
11/3/24 22:00,0.9,6.3,522,82.8,15.64,128,15.64,158,0,1
11/3/24 23:00,0.9,6.2,521,83.9,15.64,131,15.64,157,0,1
11/4/24 0:00,0.7,6.2,519,84.2,15.64,127,15.64,155,0,1
11/4/24 1:00,0.7,6.2,517,83.6,15.86,155,15.86,40,1.5,1
11/4/24 2:00,0.7,6.2,518,83.9,15.86,157,15.86,36,1,1
11/4/24 3:00,0.7,6.2,519,84.6,15.86,157,15.86,44,0.5,1
11/4/24 4:00,0.7,6.2,519,84.7,15.86,159,15.86,35,2.1,1
11/4/24 5:00,0.7,6.3,519,84.4,16.26,162,16.26,34,1.5,1
11/4/24 6:00,0.7,6.3,517,84.7,16.26,160,16.26,32,2.1,1
11/4/24 7:00,0.7,6.3,496,79.1,16.74,170,16.74,17,0,1
11/4/24 8:00,0.7,6.3,496,78.9,16.74,170,16.74,27,0,1
11/4/24 9:00,0.7,6.3,495,78.6,17.04,168,17.04,23,0,1
11/4/24 10:00,0.7,6.3,494,78.3,17.04,168,17.04,21,0,1
11/4/24 11:00,0.7,6.3,495,77.9,17.04,164,17.04,26,0,1
11/4/24 12:00,0.7,6.3,487,80.5,17.64,103,17.64,9,0,1
11/4/24 13:00,0.7,6.3,487,80.3,17.6,101,17.6,10,0,1
11/4/24 14:00,0.8,6.3,486,80.3,17.6,103,17.6,10,0,1
11/4/24 15:00,0.8,6.3,486,80.2,17.6,103,17.6,7,0,1
11/4/24 16:00,0.8,6.3,485,80.5,17.6,103,17.6,7,0,1
11/4/24 17:00,0.7,6.3,485,80.4,17.6,105,17.6,12,0,1
11/4/24 18:00,0.8,6.3,478,82,16.34,40,16.34,91,0,1
11/4/24 19:00,0.8,6.3,478,82,16.34,41,16.34,85,0,1
11/4/24 20:00,4.2,6.1,479,81,16.34,37,16.34,90,0,1
11/4/24 21:00,4.3,6.1,478,80.7,16.34,37,16.34,85,0,1
11/4/24 22:00,0.9,6.4,478,80.4,16.34,38,16.34,95,0,1
11/4/24 23:00,0.9,6.3,479,81,16.62,36,16.62,98,0,1
11/5/24 0:00,0.8,6.3,480,84.5,15.88,8,15.88,90,0,1
11/5/24 1:00,0.7,6.3,481,84.3,15.88,6,15.88,98,0,1
11/5/24 2:00,0.7,6.3,482,82.2,15.88,6,15.88,88,0,1
11/5/24 3:00,0.7,6.3,482,83.2,15.96,6,15.96,96,0,1
11/5/24 4:00,0.7,6.3,484,82.9,15.96,6,15.96,92,0,1
11/5/24 5:00,0.7,6.3,485,82.2,15.96,6,15.96,93,0,1
11/5/24 6:00,0.7,6.4,475,87.5,15.3,0,15.3,85,0,1
11/5/24 7:00,0.7,6.4,474,87.6,15.3,0,15.3,93,0,1
11/5/24 8:00,0.7,6.4,475,87.4,15.3,0,15.3,84,0,1
11/5/24 9:00,0.7,6.4,474,86.8,15.3,0,15.3,95,0,1
11/5/24 10:00,0.7,6.4,475,87,15.3,0,15.3,83,0,1
11/5/24 11:00,0.8,6.4,475,87.2,15.3,0,15.3,88,0,1
11/5/24 12:00,0.7,6.4,471,85.2,14.64,0,14.64,86,0,1
11/5/24 13:00,0.8,6.4,471,85.5,14.64,0,14.64,92,0,1
11/5/24 14:00,0.7,6.4,472,85.2,14.64,0,14.64,90,0,1
11/5/24 15:00,0.8,6.3,473,86.2,14.64,0,14.64,86,0,1
11/5/24 16:00,0.8,6.4,473,86.3,15.76,0,15.76,83,0,1
11/5/24 17:00,0.8,6.3,473,85.9,15.76,0,15.76,85,0,1
11/5/24 18:00,0.8,6.4,478,88.7,14.42,0,14.42,79,0,1
11/5/24 19:00,0.8,6.3,477,88.6,14.42,0,14.42,91,0,1
11/5/24 20:00,4.3,6.1,479,88.5,13.96,0,13.96,75,0,1
11/5/24 21:00,4.3,6.1,479,88.6,13.96,0,13.96,79,0.5,1
11/5/24 22:00,0.9,6.3,479,88.5,13.96,0,13.96,79,0,1
11/5/24 23:00,0.9,6.3,480,88.6,13.96,0,13.96,88,0.5,1
11/6/24 0:00,0.7,6.2,482,86.7,13,0,13,88,0,1
11/6/24 1:00,0.8,6.2,482,86.7,13,0,13,98,0,1
11/6/24 2:00,0.9,6.2,483,86.8,13,0,13,91,0,1
11/6/24 3:00,0.9,6.2,484,87.9,13,0,13,104,0,1
11/6/24 4:00,0.9,6.2,484,86.8,13,0,13,98,0,1
11/6/24 5:00,0.9,6.3,484,86.2,13.12,0,13.12,96,0,1
11/6/24 6:00,0.9,6.3,474,85.7,15.12,0,15.12,341,2.1,1
11/6/24 7:00,0.9,6.3,474,86.7,15.12,0,15.12,332,1,1
11/6/24 8:00,0.9,6.3,474,85.4,14.84,0,14.84,330,1.5,1
11/6/24 9:00,0.9,6.3,475,86.4,14.84,0,14.84,292,2.1,1
11/6/24 10:00,0.9,6.2,475,86.5,14.84,0,14.84,321,1.5,1
11/6/24 11:00,0.9,6.3,477,86.9,14.84,0,14.84,319,2.6,1
11/6/24 12:00,0.9,6.2,470,86.6,15.2,0,15.2,333,0,1
11/6/24 13:00,0.7,6.2,470,85.1,14.56,0,14.56,338,0,1
11/6/24 14:00,0.7,6.3,470,85,14.56,0,14.56,328,0,1
11/6/24 15:00,0.7,6.2,469,83.9,14.56,0,14.56,332,0,1
11/6/24 16:00,0.7,6.2,469,83.8,14.56,0,14.56,341,0,1
11/6/24 17:00,0.7,6.2,469,83.8,14.56,0,14.56,342,0,1
11/6/24 18:00,0.7,6.2,471,84.4,16.06,0,16.06,299,0,1
11/6/24 19:00,0.7,6.2,471,85.5,16.06,0,16.06,298,0,1
11/6/24 20:00,0.7,6.2,471,86.2,16.06,0,16.06,301,0,1
11/6/24 21:00,0.7,6.2,471,88.2,16.06,0,16.06,298,0,1
11/6/24 22:00,0.7,6.2,471,88.1,16.06,0,16.06,306,0,1
11/6/24 23:00,0.7,6.2,470,87.2,15.28,0,15.28,289,0,1
11/7/24 0:00,0.7,6.2,463,85.2,15,0,15,279,0,1
11/7/24 1:00,0.7,6.2,463,85.8,15,0,15,273,0,1
11/7/24 2:00,0.7,6.2,465,86.4,15,0,15,269,0,1
11/7/24 3:00,0.7,6.2,465,86.2,14.92,0,14.92,275,0,1
11/7/24 4:00,0.7,6.2,465,86.9,14.92,0,14.92,284,0,1
11/7/24 5:00,0.7,6.2,470,85.7,14.74,0,14.74,278,0,1
11/7/24 6:00,0.7,6.2,469,85.3,14.02,0,14.02,280,0,1
11/7/24 7:00,0.7,6.3,468,85.1,14.02,0,14.02,279,0,1
11/7/24 8:00,0.7,6.2,469,85.3,14.02,0,14.02,276,0,1
11/7/24 9:00,0.7,6.3,469,86.5,14.02,0,14.02,277,0,1
11/7/24 10:00,0.7,6.3,469,86.6,14.02,0,14.02,278,0,1
11/7/24 11:00,0.7,6.3,471,89,14.02,0,14.02,35,0,1
11/7/24 12:00,0.7,6.3,473,88.7,14.02,0,14.02,30,0,1
11/7/24 13:00,0.7,6.3,472,88.5,14.02,0,14.02,31,0,1
11/7/24 14:00,0.7,6.3,472,89.2,14.02,0,14.02,36,0,1
11/7/24 15:00,0.7,6.3,471,87.9,14.02,0,14.02,30,0,1
11/7/24 16:00,0.7,6.3,472,86.3,14.02,0,14.02,35,0,1
11/7/24 17:00,0.7,6.3,478,86.7,14.68,0,14.68,32,0,1
11/7/24 18:00,0.7,6.2,479,86.5,14.68,0,14.68,33,0,1
11/7/24 19:00,0.7,6.2,478,85.6,14.68,0,14.68,32,0,1
11/7/24 20:00,0.7,6.2,479,85.5,14.68,0,14.68,32,0,1
11/7/24 21:00,0.7,6.2,478,86.2,15.02,0,15.02,29,0,1
11/7/24 22:00,1.3,6.2,477,86.7,15.02,0,15.02,32,0,1
11/7/24 23:00,1.3,6.2,482,88.9,14.26,0,14.26,36,0,1
11/8/24 0:00,2,6.2,481,88.1,14.26,0,14.26,26,0,1
11/8/24 1:00,1.9,6.1,482,87.8,14.26,0,14.26,30,0,1
11/8/24 2:00,0.8,6.1,480,88.4,14.8,0,14.8,33,0,1
11/8/24 3:00,0.8,6.1,479,87.9,14.8,0,14.8,32,0,1
11/8/24 4:00,1.3,6.1,479,86.9,14.8,0,14.8,27,0,1
11/8/24 5:00,1.3,6.1,482,89.9,15.18,0,15.18,33,0,1
11/8/24 6:00,1.3,6.1,480,89.1,14.96,0,14.96,37,0,1
11/8/24 7:00,1.3,6.1,480,90.2,14.96,0,14.96,26,0,1
11/8/24 8:00,1.3,6.2,480,90.2,14.96,0,14.96,25,0,1
11/8/24 9:00,1.3,6.2,480,90.1,14.96,0,14.96,37,0,1
11/8/24 10:00,1.3,6.2,480,90.5,14.96,0,14.96,31,0,1
11/8/24 11:00,1.3,6.2,487,92.8,13.72,9,13.72,30,0,1
11/8/24 12:00,1.3,6.2,487,92.9,13.72,10,13.72,30,0,1
11/8/24 13:00,1.3,6.2,486,92.8,13.72,10,13.72,33,0,1
11/8/24 14:00,1.3,6.2,486,92.2,13.72,11,13.72,31,0,1
11/8/24 15:00,1.3,6.2,487,91.8,13.72,12,13.72,30,0,1
11/8/24 16:00,1.3,6.2,487,92,13.98,12,13.98,27,0,1
11/8/24 17:00,1.3,6.2,485,93.7,14.1,29,14.1,303,0,1
11/8/24 18:00,1.3,6.2,486,93.6,14.1,26,14.1,311,0,1
11/8/24 19:00,1.3,6.2,486,93.5,14.38,18,14.38,306,0,1
11/8/24 20:00,1.3,6.2,486,93,14.38,18,14.38,307,0,1
11/8/24 21:00,1.3,6.2,486,92.1,14.38,18,14.38,303,0,1
11/8/24 22:00,0.8,6.2,478,78.5,16.56,167,16.56,309,1,1
11/8/24 23:00,0.8,6.1,478,79.1,16.56,167,16.56,308,1,1
11/9/24 0:00,0.9,6.1,478,79.2,16.56,163,16.56,292,0.5,1
11/9/24 1:00,0.9,6.1,479,79.1,16.56,165,16.56,312,1.5,1
11/9/24 2:00,1.2,6.1,478,79,16.56,167,16.56,302,0.5,1
11/9/24 3:00,1.2,6.1,478,79,16.56,167,16.56,301,1,1
11/9/24 4:00,1.6,6.1,464,64.6,19.7,340,19.7,2,1.5,1
11/9/24 5:00,1.6,6.1,463,64.6,19.7,337,19.7,4,2.1,1
11/9/24 6:00,1.7,6.1,464,65.1,19.7,337,19.7,18,1.5,1
11/9/24 7:00,1.7,6.1,463,64.9,19.28,336,19.28,19,1,1
11/9/24 8:00,1.7,6.1,463,64.7,19.28,335,19.28,17,0.5,1
11/9/24 9:00,1.7,6.1,463,64.6,19.28,333,19.28,28,0,1
11/9/24 10:00,1.7,6.1,424,55.5,20.26,464,20.26,349,1,1
11/9/24 11:00,1.7,6.1,424,55.2,20.58,464,20.58,0,2.1,1
11/9/24 12:00,1.7,6.1,423,54.9,20.58,464,20.58,349,2.1,1
11/9/24 13:00,1.7,6.1,423,54.8,20.58,464,20.58,354,1,1
11/9/24 14:00,1.7,6.1,423,54.7,20.58,464,20.58,360,2.1,1
11/9/24 15:00,1.7,6.1,400,52.4,20.72,530,20.72,43,1.5,1
11/9/24 16:00,1.7,6.1,400,52.7,20.72,527,20.72,82,1.5,1
11/9/24 17:00,1.7,6.1,400,53,20.72,525,20.72,80,1,1
11/9/24 18:00,1.7,6.1,401,53.4,20.72,525,20.72,86,0.5,1
11/11/24 7:00,1.7,6.1,401,53.5,20.52,525,20.52,84,0.5,1
11/11/24 8:00,1.7,6.1,386,51.5,22.6,504,22.6,2,3.6,1
11/11/24 9:00,1.7,6.1,387,51.2,22.6,509,22.6,37,3.6,1
11/11/24 10:00,0.9,6.2,387,50.9,22.4,508,22.4,54,3.1,1
11/11/24 11:00,0.9,6.2,389,51.4,22.4,502,22.4,40,2.6,1
11/11/24 12:00,0.8,6.2,389,51.7,22.4,506,22.4,36,1.5,1
11/11/24 13:00,0.9,6.2,389,50.8,22.4,506,22.4,36,1,1
11/11/24 14:00,0.9,6.1,387,50.5,23.46,388,23.46,12,0.5,1
11/11/24 15:00,1.3,6.1,386,49.8,23.46,384,23.46,15,0.5,1
11/11/24 16:00,1.9,6.1,386,50,23.46,384,23.46,28,2.1,1
11/11/24 17:00,1.9,6.2,386,49.5,23.46,384,23.46,23,1,1
11/11/24 18:00,1.8,6.2,386,49.1,23.46,386,23.46,27,1,1
11/11/24 19:00,1.9,6.2,385,48.9,23.5,381,23.5,26,1,1
11/11/24 20:00,1.9,6.2,400,49.9,24.02,268,24.02,25,1.5,1
11/11/24 21:00,1.9,6.2,400,50.2,24.02,265,24.02,8,2.1,1
11/11/24 22:00,1.9,6.2,400,50.4,24.12,265,24.12,360,1.5,1
11/11/24 23:00,1.9,6.2,400,50.5,24.12,265,24.12,360,0.5,1
11/12/24 0:00,1.9,6.2,400,50.5,24.12,268,24.12,359,0.5,1
11/12/24 1:00,1.9,6.2,404,57.6,23.7,82,23.7,22,1.5,1
11/12/24 2:00,1.9,6.2,404,57.7,23.7,82,23.7,21,1,1
11/12/24 3:00,1.9,6.2,403,57.6,23.7,79,23.7,19,0.5,1
11/12/24 4:00,1.9,6.2,402,57.6,23.7,79,23.7,51,2.1,1
11/12/24 5:00,1.9,6.2,402,57.4,23.7,78,23.7,58,1.5,1
11/12/24 6:00,1.9,6.2,402,57.4,23.86,79,23.86,59,1.5,1
11/12/24 7:00,1.9,6.2,422,67.9,22.56,3,22.56,360,1,1
11/12/24 8:00,1.9,6.2,422,67.1,22.56,3,22.56,360,1,1
11/12/24 9:00,1.9,6.2,423,66.5,22.42,3,22.42,360,1,1
11/12/24 10:00,0.9,6.2,423,66.5,22.42,4,22.42,360,1,1
11/12/24 11:00,0.9,6.2,425,66.6,22.42,4,22.42,360,0.5,1
11/12/24 12:00,0.7,6.2,426,66.5,22.42,4,22.42,360,1,1
11/12/24 13:00,0.7,6.2,447,77.8,21.84,0,21.84,43,0,1
11/12/24 14:00,0.7,6.1,447,78,21.84,0,21.84,46,0,1
11/12/24 15:00,0.7,6.1,446,78,21.84,0,21.84,47,0,1
11/12/24 16:00,0.7,6.1,447,78.8,21.84,0,21.84,43,0,1
11/12/24 17:00,0.7,6.1,447,78.3,21.84,0,21.84,45,0,1
11/12/24 18:00,0.7,6.2,451,82.7,18.6,0,18.6,44,0,1
11/12/24 19:00,0.7,6.2,450,81.1,18.6,0,18.6,49,0,1
11/12/24 20:00,0.7,6.2,450,81.2,18.56,0,18.56,48,0,1
11/12/24 21:00,0.7,6.3,450,81.4,18.56,0,18.56,45,0,1
11/12/24 22:00,0.7,6.3,449,81.2,18.56,0,18.56,46,0,1
11/12/24 23:00,0.7,6.3,448,80.4,18.56,0,18.56,51,0,1
11/13/24 0:00,0.7,6.3,457,83.7,17.6,0,17.6,45,0,1
11/13/24 1:00,0.7,6.3,457,83.8,17.56,0,17.56,50,0,1
11/13/24 2:00,0.7,6.3,456,84.9,17.56,0,17.56,45,0,1
11/13/24 3:00,0.7,6.3,456,83.8,17.56,0,17.56,46,0,1
11/13/24 4:00,0.7,6.3,457,84.3,17.56,0,17.56,45,0,1
11/13/24 5:00,0.7,6.3,458,83.2,17.56,0,17.56,49,0,1
11/13/24 6:00,0.7,6.3,464,85.2,17.46,0,17.46,33,1,1
11/13/24 7:00,0.7,6.3,465,85,17.46,0,17.46,32,1,1
11/13/24 8:00,0.7,6.3,465,83.9,17.46,0,17.46,37,1,1
11/13/24 9:00,0.8,6.3,465,83.6,17.4,0,17.4,37,1,1
11/13/24 10:00,4.2,6,464,83.6,17.4,0,17.4,33,1,1
11/13/24 11:00,4.3,6.1,463,83.4,17.4,0,17.4,34,1.5,1
11/13/24 12:00,0.9,6.3,468,82.4,16.6,0,16.6,36,0,1
11/13/24 13:00,0.9,6.2,468,82.8,16.6,0,16.6,36,0,1
11/13/24 14:00,0.7,6.2,470,82.8,17.1,0,17.1,35,0,1
11/13/24 15:00,0.7,6.2,470,82.5,17.1,0,17.1,35,0,1
11/13/24 16:00,0.7,6.2,469,82.5,17.1,0,17.1,34,0,1
11/13/24 17:00,0.7,6.2,468,82.4,17.1,0,17.1,37,0,1
11/13/24 18:00,0.7,6.2,469,87.5,15.5,0,15.5,35,0,1
11/13/24 19:00,0.7,6.3,469,87.7,15.5,0,15.5,37,0,1
11/13/24 20:00,0.7,6.3,469,87.6,15.5,0,15.5,36,0,1
11/13/24 21:00,0.7,6.3,469,88.2,15.5,0,15.5,38,0,1
11/13/24 22:00,0.7,6.3,470,88.2,15.5,0,15.5,37,0,1
11/13/24 23:00,0.7,6.3,470,87.7,15.26,0,15.26,35,0,1
11/14/24 0:00,0.7,6.3,469,89.2,15.56,0,15.56,32,0,1
11/14/24 1:00,0.7,6.3,469,89.3,15.56,0,15.56,32,0,1
11/14/24 2:00,0.7,6.3,470,88.8,15.56,0,15.56,38,0,1
11/14/24 3:00,0.7,6.3,470,90.4,15.68,0,15.68,34,0,1
11/14/24 4:00,0.8,6.3,470,90.4,15.68,0,15.68,37,0,1
11/14/24 5:00,0.8,6.3,468,86.9,14.76,0,14.76,37,0,1
11/14/24 6:00,0.8,6.3,468,87,14.76,0,14.76,38,0,1
11/14/24 7:00,0.7,6.3,468,86.6,14.92,0,14.92,38,0,1
11/14/24 8:00,0.8,6.3,468,86.3,14.92,0,14.92,36,0,1
11/14/24 9:00,0.8,6.3,468,89,14.92,0,14.92,34,0,1
11/14/24 10:00,4.2,6.1,476,88.2,14.62,0,14.62,33,0,1
11/14/24 11:00,4.3,6.1,476,89.1,14.78,0,14.78,38,0,1
11/14/24 12:00,0.9,6.4,476,88.6,14.78,0,14.78,36,0,1
11/14/24 13:00,0.9,6.3,476,88.5,14.78,0,14.78,35,0,1
11/14/24 14:00,0.8,6.3,476,88.2,14.78,0,14.78,32,0,1
11/14/24 15:00,0.7,6.3,475,89.1,14.78,0,14.78,32,0,1
11/14/24 16:00,0.7,6.3,474,89.5,14.46,0,14.46,32,0,1
11/14/24 17:00,0.7,6.3,473,89.5,14.46,0,14.46,38,0,1
11/14/24 18:00,0.7,6.3,473,89.5,14.46,0,14.46,34,0,1
11/14/24 19:00,0.7,6.3,472,89.4,14.46,0,14.46,35,0,1
11/14/24 20:00,0.7,6.4,473,90,14.46,0,14.46,37,0,1
11/14/24 21:00,0.7,6.4,473,89.6,14.56,0,14.56,38,0,1
11/14/24 22:00,0.7,6.4,470,86.9,14.22,0,14.22,35,0,1
11/14/24 23:00,0.7,6.4,470,87.3,14.22,0,14.22,36,0,1
11/15/24 0:00,0.7,6.4,473,88.2,14.22,0,14.22,37,0,1
11/15/24 1:00,0.8,6.4,473,87.8,14.22,0,14.22,38,0,1
11/15/24 2:00,0.7,6.4,473,91.5,14.14,0,14.14,34,0,1
11/15/24 3:00,0.8,6.4,471,91,14.14,0,14.14,34,0,1
11/15/24 4:00,0.7,6.4,470,87.5,13.56,0,13.56,37,0,1
11/15/24 5:00,0.8,6.3,470,87,13.54,0,13.54,33,0,1
11/15/24 6:00,0.8,6.4,471,86.3,13.54,0,13.54,33,0,1
11/15/24 7:00,0.8,6.3,471,87.3,13.54,0,13.54,35,0,1
11/15/24 8:00,0.8,6.4,468,85.8,13.54,0,13.54,32,0,1
11/15/24 9:00,0.8,6.3,467,85.9,13.54,0,13.54,35,0,1
11/15/24 10:00,4.3,6.1,465,89.1,13.5,0,13.5,220,0.5,1
11/15/24 11:00,4.3,6.1,464,89.2,13.5,0,13.5,222,0.5,1
11/15/24 12:00,0.9,6.3,466,89.3,13.5,0,13.5,216,0.5,1
11/15/24 13:00,0.9,6.3,465,88.8,13.5,0,13.5,216,0.5,1
11/15/24 14:00,0.7,6.2,466,88.8,13.5,0,13.5,221,0,1
11/15/24 15:00,0.8,6.2,465,89.2,13.6,0,13.6,219,0,1
11/15/24 16:00,0.9,6.2,461,91.8,13.56,0,13.56,196,1.5,1
11/15/24 17:00,0.9,6.2,460,91.9,13.56,0,13.56,196,1,1
11/15/24 18:00,0.9,6.2,460,90.5,13.56,3,13.56,197,0.5,1
11/15/24 19:00,0.9,6.3,459,92.1,13.54,3,13.54,199,0.5,1
11/15/24 20:00,0.9,6.3,459,92.1,13.54,3,13.54,196,0.5,1
11/15/24 21:00,0.9,6.3,458,89.4,13.54,3,13.54,198,0,1
11/15/24 22:00,0.9,6.3,454,90.6,14.28,20,14.28,211,1,1
11/15/24 23:00,0.9,6.3,453,91.2,14.28,19,14.28,212,1.5,1
11/16/24 0:00,0.9,6.2,454,90.1,14.28,17,14.28,214,1,1
11/16/24 1:00,0.9,6.3,454,89.9,14.28,20,14.28,211,1,1
11/16/24 2:00,0.9,6.2,454,89.8,14.28,22,14.28,207,0.5,1
11/16/24 3:00,0.7,6.2,447,83.8,16.84,162,16.84,169,1.5,1
11/16/24 4:00,0.7,6.3,448,82.6,16.84,162,16.84,170,1.5,1
11/16/24 5:00,0.7,6.2,448,82.6,16.84,164,16.84,170,1.5,1
11/16/24 6:00,0.7,6.2,450,82.2,16.84,168,16.84,170,1.5,1
11/16/24 7:00,0.7,6.2,451,83.3,17,169,17,181,1.5,1
11/16/24 8:00,0.7,6.2,451,83.2,17,169,17,177,2.1,1
11/16/24 9:00,0.7,6.2,445,68.9,17.36,338,17.36,142,1.5,1
11/16/24 10:00,0.7,6.2,445,70.5,17.18,338,17.18,129,1,1
11/16/24 11:00,0.7,6.2,445,70.3,17.18,334,17.18,137,3.6,1
11/16/24 12:00,0.7,6.2,447,70.9,17.18,334,17.18,131,1,1
11/16/24 13:00,0.7,6.2,447,70.7,17.18,334,17.18,138,0.5,1
11/16/24 14:00,0.7,6.2,422,62.5,18.94,461,18.94,39,2.6,1
11/16/24 15:00,0.7,6.2,422,62.6,18.94,462,18.94,95,2.6,1
11/16/24 16:00,0.7,6.2,421,62.5,18.94,465,18.94,101,4.2,1
11/16/24 17:00,0.7,6.2,421,61.3,18.94,463,18.94,77,3.6,1
11/16/24 18:00,0.7,6.2,422,61.3,18.94,465,18.94,86,5.7,1
11/16/24 19:00,0.7,6.2,423,61.2,19.18,465,19.18,94,4.2,1
11/16/24 20:00,0.7,6.2,406,57.2,20.94,531,20.94,82,2.1,1
11/16/24 21:00,0.7,6.3,406,57.3,20.94,531,20.94,119,2.6,1
11/16/24 22:00,0.7,6.2,406,56.7,21.16,532,21.16,137,2.6,1
11/16/24 23:00,0.7,6.3,407,57.1,21.16,532,21.16,84,1.5,1
11/17/24 0:00,0.7,6.3,407,56.6,21.16,534,21.16,112,3.1,1
11/17/24 1:00,0.7,6.3,407,56.6,21.16,535,21.16,96,2.1,1
11/17/24 2:00,0.7,6.3,398,54.9,21.32,499,21.32,9,0.5,1
11/17/24 3:00,0.7,6.3,397,54.4,21.32,498,21.32,8,1,1
11/17/24 4:00,0.7,6.3,397,54.1,21.32,497,21.32,9,1,1
11/17/24 5:00,0.7,6.3,397,54.2,21.32,494,21.32,10,0.5,1
11/17/24 6:00,0.7,6.3,397,54.4,21.32,494,21.32,8,0.5,1
11/17/24 7:00,0.7,6.3,392,52.1,23.34,370,23.34,106,0,1
11/17/24 8:00,0.7,6.2,392,52.1,23.34,370,23.34,102,0,1
11/17/24 9:00,0.7,6.2,390,51.9,23.24,373,23.24,102,0,1
11/17/24 10:00,0.7,6.2,390,52,23.24,376,23.24,111,1,1
11/17/24 11:00,0.7,6.2,390,51.4,23.24,372,23.24,179,1.5,1
11/17/24 12:00,1.3,6.2,389,51.6,23.24,368,23.24,182,1.5,1
11/17/24 13:00,1.3,6.2,400,58.6,22.14,124,22.14,0,1.5,1
11/17/24 14:00,2,6.2,400,58.4,22.14,124,22.14,0,1.5,1
11/17/24 15:00,1.9,6.1,400,58.2,22.14,127,22.14,0,2.1,1
11/17/24 16:00,0.8,6.1,400,59.3,22.14,127,22.14,270,1,1
11/17/24 17:00,0.8,6.1,400,59.2,22.14,128,22.14,360,1.5,1
11/17/24 18:00,1.3,6.1,400,58.9,22.14,129,22.14,360,1.5,1
11/17/24 19:00,1.3,6.1,417,61.5,21.72,28,21.72,195,2.1,1
11/17/24 20:00,1.3,6.1,417,63.1,21.72,28,21.72,215,2.1,1
11/17/24 21:00,1.3,6.1,417,63.2,21.72,26,21.72,215,2.1,1
11/17/24 22:00,1.3,6.2,417,63.2,21.32,27,21.32,214,2.1,1
11/17/24 23:00,1.3,6.2,418,63.2,21.32,27,21.32,181,3.1,1
11/18/24 0:00,1.3,6.2,419,63.4,21.32,27,21.32,172,2.1,1
11/18/24 1:00,1.3,6.2,442,71.5,20.94,7,20.94,197,2.1,1
11/18/24 2:00,1.3,6.2,442,71.8,20.94,7,20.94,191,2.1,1
11/18/24 3:00,1.3,6.2,443,71.9,20.94,6,20.94,192,2.1,1
11/18/24 4:00,1.3,6.2,443,71.7,20.94,9,20.94,188,1.5,1
11/18/24 5:00,1.3,6.2,444,72.1,20.94,9,20.94,182,1.5,1
11/18/24 6:00,1.3,6.2,444,72.5,20.94,9,20.94,185,2.6,1
11/18/24 7:00,1.3,6.2,440,77.1,19.8,0,19.8,302,0,1
11/18/24 8:00,1.3,6.2,439,77.4,19.8,0,19.8,302,0.5,1
11/18/24 9:00,1.3,6.2,439,78.9,19.8,0,19.8,301,1,1
11/18/24 10:00,1.3,6.2,438,78.6,19.7,0,19.7,302,1,1
11/18/24 11:00,1.3,6.2,439,78.2,19.7,0,19.7,303,1,1
11/18/24 12:00,0.8,6.2,441,77.3,19.26,0,19.26,191,0,1
11/18/24 13:00,0.8,6.1,440,79.4,19.26,0,19.26,191,0,1
11/18/24 14:00,0.9,6.1,440,78.7,19.36,0,19.36,193,0,1
11/18/24 15:00,0.9,6.1,441,81,19.36,0,19.36,192,0,1
11/18/24 16:00,1.2,6.1,441,81.9,19.36,0,19.36,192,0,1
11/18/24 17:00,1.2,6.1,441,81.9,19.36,0,19.36,193,0,1
11/18/24 18:00,1.6,6.1,441,84.6,17.74,0,17.74,51,1,1
11/18/24 19:00,1.6,6.1,442,83.6,17.74,0,17.74,51,0.5,1
11/18/24 20:00,1.7,6.1,442,84.1,17.74,0,17.74,51,0.5,1
11/18/24 21:00,1.7,6.1,442,84.2,17.74,0,17.74,48,0.5,1
11/18/24 22:00,1.7,6.1,442,84.6,17.74,0,17.74,54,0.5,1
11/18/24 23:00,1.7,6.1,442,84.2,17.38,0,17.38,51,0,1
11/19/24 0:00,1.7,6.1,447,85.3,16.58,0,16.58,51,0,1
11/19/24 1:00,1.7,6.1,447,85.4,16.58,0,16.58,52,0,1
11/19/24 2:00,1.7,6.1,447,85.6,16.58,0,16.58,52,0,1
11/19/24 3:00,1.7,6.1,449,85.2,16.58,0,16.58,50,0,1
11/19/24 4:00,1.7,6.1,449,84.3,16.3,0,16.3,51,0,1
11/19/24 5:00,1.7,6.1,449,84.7,16.3,0,16.3,47,0,1
11/19/24 6:00,1.7,6.1,448,86.4,15.08,0,15.08,26,1,1
11/19/24 7:00,1.7,6.1,449,86.1,15.08,0,15.08,29,0.5,1
11/19/24 8:00,1.7,6.1,449,85.3,15.12,0,15.12,25,0.5,1
11/19/24 9:00,1.7,6.1,451,85.8,15.12,0,15.12,25,0.5,1
11/19/24 10:00,1.7,6.1,452,85.3,15.12,0,15.12,26,0.5,1
11/19/24 11:00,1.7,6.1,452,85.6,15.12,0,15.12,27,0.5,1
11/19/24 12:00,0.9,6.2,453,87.7,15.02,0,15.02,29,0,1
11/19/24 13:00,0.9,6.2,453,87.4,15.02,0,15.02,25,0,1
11/19/24 14:00,0.8,6.2,453,88,15.02,0,15.02,26,0,1
11/19/24 15:00,0.9,6.2,452,88.8,15.02,0,15.02,27,0,1
11/19/24 16:00,0.9,6.1,452,88.4,15.02,0,15.02,26,0,1
11/19/24 17:00,1.3,6.1,452,87.4,15.02,0,15.02,27,0,1
11/19/24 18:00,1.9,6.1,459,91.6,15.26,0,15.26,24,0,1
11/19/24 19:00,1.9,6.2,459,90.9,15.26,0,15.26,27,0,1
11/19/24 20:00,1.8,6.2,459,87.6,15.26,0,15.26,25,0,1
11/19/24 21:00,1.9,6.2,459,87.9,15.04,0,15.04,31,0,1
11/19/24 22:00,1.9,6.2,459,89,15.04,0,15.04,26,0,1
11/19/24 23:00,1.9,6.2,463,89.6,15.14,0,15.14,26,0,1
11/20/24 0:00,1.9,6.2,464,89,15.14,0,15.14,30,0,1
11/20/24 1:00,1.9,6.2,463,88.8,15.14,0,15.14,27,0,1
11/20/24 2:00,1.9,6.2,463,89.6,15.12,0,15.12,27,0,1
11/20/24 3:00,1.9,6.2,463,89.4,15.12,0,15.12,24,0,1
11/20/24 4:00,1.9,6.2,463,89.5,15.12,0,15.12,28,0,1
11/20/24 5:00,1.9,6.2,462,89.9,16.28,0,16.28,62,0.5,1
11/20/24 6:00,1.9,6.2,462,89.7,16.28,0,16.28,71,0.5,1
11/20/24 7:00,1.9,6.2,462,90.1,16.28,0,16.28,72,0.5,1
11/20/24 8:00,1.9,6.2,463,90.5,16.28,0,16.28,70,0.5,1
11/20/24 9:00,1.9,6.2,462,90.9,16.28,0,16.28,70,0.5,1
11/20/24 10:00,1.9,6.2,462,91.1,16.28,0,16.28,71,1,1
11/20/24 11:00,1.9,6.2,463,88.3,15.8,0,15.8,71,0,1
11/20/24 12:00,0.9,6.2,463,88.4,15.8,0,15.8,69,0,1
11/20/24 13:00,0.9,6.2,464,88.6,15.8,0,15.8,70,0,1
11/20/24 14:00,0.7,6.2,463,87.9,15.8,0,15.8,70,0,1
11/20/24 15:00,0.7,6.2,463,87.6,15.84,0,15.84,72,0,1
11/20/24 16:00,0.7,6.1,465,85,15.84,0,15.84,69,0,1
11/20/24 17:00,0.7,6.1,459,88.1,15.96,0,15.96,129,0,1
11/20/24 18:00,0.7,6.1,459,86.2,16.08,0,16.08,129,0,1
11/20/24 19:00,0.7,6.1,460,86.5,16.08,0,16.08,131,0,1
11/20/24 20:00,0.7,6.2,461,87.4,16.08,0,16.08,131,0,1
11/20/24 21:00,0.7,6.2,461,86.8,16.08,0,16.08,128,0,1
11/20/24 22:00,0.7,6.2,456,88.9,16.02,0,16.02,111,0,1
11/20/24 23:00,0.7,6.3,456,89.8,16.02,0,16.02,111,0,1
11/21/24 0:00,0.7,6.3,455,89,16.02,0,16.02,109,0,1
11/21/24 1:00,0.7,6.3,455,88.1,16.02,0,16.02,113,0,1
11/21/24 2:00,0.7,6.3,455,88.3,15.8,0,15.8,110,0,1
11/21/24 3:00,0.7,6.3,455,88.2,15.8,0,15.8,111,0,1
11/21/24 4:00,0.7,6.3,456,88.6,15.14,0,15.14,86,0,1
11/21/24 5:00,0.7,6.3,455,87.8,15.14,0,15.14,82,0,1
11/21/24 6:00,0.7,6.3,455,86.7,15.04,0,15.04,82,0,1
11/21/24 7:00,0.7,6.3,455,86.8,15.04,0,15.04,83,0,1
11/21/24 8:00,0.7,6.3,454,87.3,15.04,0,15.04,83,0,1
11/21/24 9:00,0.7,6.3,454,87.8,15.04,0,15.04,87,0,1
11/21/24 10:00,0.7,6.3,448,84.4,14.46,3,14.46,88,0,1
11/21/24 11:00,0.8,6.3,449,86.7,14.46,3,14.46,89,0,1
11/21/24 12:00,4.2,6,450,86,14.46,3,14.46,88,0,1
11/21/24 13:00,4.3,6.1,450,85.8,14.46,3,14.46,88,0,1
11/21/24 14:00,0.9,6.3,451,85.6,14.46,3,14.46,85,0,1
11/21/24 15:00,0.9,6.2,452,88.3,14.78,3,14.78,79,0,1
11/21/24 16:00,0.7,6.2,453,93.6,14.6,40,14.6,80,0,1
11/21/24 17:00,0.7,6.2,454,91.8,14.6,38,14.6,77,0,1
11/21/24 18:00,0.7,6.2,454,93.3,14.6,38,14.6,72,0,1
11/21/24 19:00,0.7,6.2,454,93.9,14.6,32,14.6,81,0,1
11/21/24 20:00,0.7,6.2,454,92.7,14.6,33,14.6,88,0,1
11/21/24 21:00,0.7,6.3,454,92,14.56,33,14.56,86,0,1
11/21/24 22:00,0.7,6.3,453,85.9,16.54,94,16.54,78,0,1
11/21/24 23:00,0.7,6.3,454,85.7,16.54,97,16.54,89,0,1
11/22/24 0:00,0.7,6.3,454,86.5,16.54,98,16.54,73,0,1
11/22/24 1:00,0.7,6.3,453,87.1,16.8,98,16.8,83,0,1
11/22/24 2:00,0.7,6.3,453,87.3,16.8,98,16.8,79,0,1
11/22/24 3:00,0.7,6.3,452,87.2,16.8,109,16.8,91,0,1
11/22/24 4:00,0.7,6.3,453,79.8,18.7,468,18.7,177,0,1
11/22/24 5:00,0.7,6.3,453,79,18.7,468,18.7,169,0,1
11/22/24 6:00,0.8,6.3,451,78.7,18.7,459,18.7,224,1,1
11/22/24 7:00,0.8,6.3,450,80.1,18.7,443,18.7,308,2.1,1
11/22/24 8:00,0.8,6.3,450,80.2,18.7,427,18.7,308,1,1
11/22/24 9:00,0.7,6.3,438,77.8,18.68,159,18.68,199,0.5,1
11/22/24 10:00,0.8,6.3,440,77.8,18.68,153,18.68,203,0.5,1
11/22/24 11:00,0.8,6.3,440,77.7,18.68,155,18.68,201,0.5,1
11/22/24 12:00,4.2,6.1,440,78.5,18.68,147,18.68,191,1,1
11/22/24 13:00,4.3,6.1,439,78.2,19.14,149,19.14,203,0.5,1
11/22/24 14:00,0.9,6.4,438,78.8,19.14,149,19.14,191,2.1,1
11/22/24 15:00,0.9,6.3,445,70.3,19.2,194,19.2,259,1.5,1
11/22/24 16:00,0.8,6.3,444,69.5,19.2,198,19.2,282,2.1,1
11/22/24 17:00,0.7,6.3,442,69.4,18.84,198,18.84,346,1.5,1
11/22/24 18:00,0.7,6.3,442,69.3,18.84,203,18.84,281,2.6,1
11/22/24 19:00,0.7,6.3,441,70.1,18.84,203,18.84,256,3.1,1
11/22/24 20:00,0.7,6.3,447,60,19.28,547,19.28,360,3.1,1
11/22/24 21:00,0.7,6.3,448,59.6,19.28,550,19.28,339,1,1
11/22/24 22:00,0.7,6.4,449,59.4,19.28,547,19.28,72,1,1
11/22/24 23:00,0.7,6.4,450,59.7,19.28,542,19.28,74,1.5,1
11/23/24 0:00,0.7,6.4,450,59.4,19.28,539,19.28,245,1.5,1
11/23/24 1:00,0.7,6.4,450,60.9,19.28,539,19.28,336,4.2,1
11/23/24 2:00,0.7,6.4,438,54.3,20.06,394,20.06,63,0.5,1
11/23/24 3:00,0.8,6.4,438,54.5,20.06,396,20.06,50,1,1
11/23/24 4:00,0.7,6.4,439,55.1,20.06,394,20.06,312,2.1,1
11/23/24 5:00,0.8,6.4,438,55.1,20.06,394,20.06,192,1.5,1
11/23/24 6:00,0.7,6.4,438,55.6,19.88,391,19.88,185,4.2,1
11/23/24 7:00,0.8,6.3,440,53.8,18.88,236,18.88,303,1,1
11/23/24 8:00,0.8,6.4,441,53.5,18.88,236,18.88,303,1,1
11/23/24 9:00,0.8,6.3,441,54.1,18.6,235,18.6,306,0,1
11/23/24 10:00,0.8,6.4,441,53.8,18.6,233,18.6,308,1,1
11/23/24 11:00,0.8,6.3,441,54.3,18.6,228,18.6,307,0.5,1
11/23/24 12:00,4.3,6.1,441,54.2,18.6,230,18.6,156,2.1,1
11/23/24 13:00,4.3,6.1,438,55.6,18.2,74,18.2,354,0.5,1
11/23/24 14:00,0.9,6.3,436,54.5,18.2,73,18.2,341,1,1
11/23/24 15:00,0.9,6.3,436,55,18.2,75,18.2,339,1.5,1
11/23/24 16:00,0.7,6.2,436,55.4,18.2,80,18.2,294,4.2,1
11/23/24 17:00,0.8,6.2,436,54.9,18.2,76,18.2,152,3.1,1
11/23/24 18:00,0.9,6.2,414,65.7,15.24,2,15.24,347,2.1,1
11/23/24 19:00,0.9,6.2,414,65,15.24,2,15.24,339,2.1,1
11/23/24 20:00,0.9,6.2,415,65.9,15.24,0,15.24,342,1.5,1
11/23/24 21:00,0.9,6.3,416,66.6,15.38,0,15.38,272,1.5,1
11/23/24 22:00,0.9,6.3,416,65.9,15.38,0,15.38,297,1.5,1
11/23/24 23:00,0.9,6.3,417,66,15.38,8,15.38,303,2.1,1
11/24/24 0:00,0.9,6.3,426,65.5,13.78,0,13.78,295,2.6,1
11/24/24 1:00,0.9,6.3,427,65.5,13.78,0,13.78,360,2.1,1
11/24/24 2:00,0.9,6.2,426,67.7,13.94,0,13.94,0,3.1,1
11/24/24 3:00,0.9,6.3,427,67.2,13.94,0,13.94,339,2.1,1
11/24/24 4:00,0.9,6.2,427,67.3,13.94,0,13.94,284,2.1,1
11/24/24 5:00,0.7,6.2,427,68.4,13.94,0,13.94,307,2.1,1
11/24/24 6:00,0.7,6.3,442,73.1,13.5,0,13.5,186,0,1
11/24/24 7:00,0.7,6.2,442,72.7,13.5,0,13.5,188,0,1
11/24/24 8:00,0.7,6.2,443,72.1,13.5,0,13.5,187,0.5,1
11/24/24 9:00,0.7,6.2,444,72.8,13.5,0,13.5,211,2.1,1
11/24/24 10:00,0.7,6.2,444,73.8,13.5,0,13.5,210,1.5,1
11/24/24 11:00,0.7,6.2,444,73.9,13.5,0,13.5,318,2.1,1
11/24/24 12:00,0.7,6.2,440,73.6,12.82,0,12.82,306,1,1
11/24/24 13:00,0.7,6.2,440,72.4,12.82,0,12.82,300,1,1
11/24/24 14:00,0.7,6.2,440,72.2,12.82,0,12.82,298,1.5,1
11/24/24 15:00,0.7,6.2,441,72.5,12.4,0,12.4,301,0.5,1
11/24/24 16:00,0.7,6.2,441,71.6,12.4,0,12.4,253,2.1,1
11/24/24 17:00,0.7,6.2,441,70.6,12.4,0,12.4,358,2.6,1
11/24/24 18:00,0.7,6.2,437,73.7,12.62,0,12.62,288,1.5,1
11/24/24 19:00,0.7,6.2,437,73.6,12.24,0,12.24,290,1,1
11/24/24 20:00,0.7,6.2,436,73.5,12.24,0,12.24,291,1,1
11/24/24 21:00,0.7,6.2,435,73.7,12.24,0,12.24,295,1.5,1
11/24/24 22:00,0.7,6.2,435,72.9,12.24,0,12.24,352,2.6,1
11/24/24 23:00,0.7,6.3,437,74,10.88,0,10.88,283,0,1
11/25/24 0:00,0.7,6.2,437,72.7,10.88,0,10.88,286,0,1
11/25/24 1:00,0.7,6.3,437,72.5,10.88,0,10.88,290,0,1
11/25/24 2:00,0.7,6.3,437,72.3,10.88,0,10.88,288,0,1
11/25/24 3:00,0.7,6.3,437,72.6,10.88,0,10.88,285,0,1
11/25/24 4:00,0.7,6.3,436,74,10.88,0,10.88,291,0,1
11/25/24 5:00,0.7,6.3,437,72.1,10.64,0,10.64,266,1.5,1
11/25/24 6:00,0.7,6.3,437,71.9,10.64,0,10.64,290,1.5,1
11/25/24 7:00,0.7,6.3,437,71.8,10.64,0,10.64,265,1.5,1
11/25/24 8:00,0.7,6.3,437,71.5,10.5,0,10.5,275,1,1
11/25/24 9:00,0.7,6.3,437,71.3,10.5,0,10.5,275,1,1
11/25/24 10:00,0.7,6.2,436,71.6,10.5,0,10.5,294,1,1
11/25/24 11:00,0.7,6.2,441,69.9,10.06,0,10.06,300,0.5,1
11/25/24 12:00,0.7,6.2,441,69.3,10.22,0,10.22,295,0,1
11/25/24 13:00,0.7,6.2,441,68.8,10.22,0,10.22,294,0,1
11/25/24 14:00,1.3,6.2,441,69,10.22,0,10.22,296,0,1
11/25/24 15:00,1.3,6.2,442,69,10.22,0,10.22,301,0,1
11/25/24 16:00,2,6.2,443,69.3,10.22,0,10.22,297,0.5,1
11/25/24 17:00,1.9,6.1,445,68.7,10.54,0,10.54,248,0,1
11/25/24 18:00,0.8,6.1,446,68.7,10.54,0,10.54,247,0,1
11/25/24 19:00,0.8,6.1,444,69.3,10.54,0,10.54,246,0,1
11/25/24 20:00,1.3,6.1,444,69.8,10.54,0,10.54,246,0,1
11/25/24 21:00,1.3,6.1,443,69.6,10.54,0,10.54,242,0,1
11/25/24 22:00,1.3,6.1,443,70.3,10.54,0,10.54,244,0,1
11/25/24 23:00,1.3,6.1,443,72.8,9.2,0,9.2,64,0,1
11/26/24 0:00,1.3,6.2,442,72.6,9.2,0,9.2,63,0,1
11/26/24 1:00,1.3,6.2,442,72.3,9.2,0,9.2,64,0,1
11/26/24 2:00,1.3,6.2,442,73.1,9.1,0,9.1,62,0,1
11/26/24 3:00,1.3,6.2,443,74.4,9.1,0,9.1,61,0,1
11/26/24 4:00,1.3,6.2,443,74,9.1,0,9.1,63,0,1
11/26/24 5:00,1.3,6.2,447,69.2,7.74,0,7.74,52,0.5,1
11/26/24 6:00,1.3,6.2,449,70,7.74,0,7.74,44,0.5,1
11/26/24 7:00,1.3,6.2,448,70.2,7.74,0,7.74,50,1,1
11/26/24 8:00,1.3,6.2,449,70.4,7.74,0,7.74,52,1,1
11/26/24 9:00,1.3,6.2,450,71.2,7.74,0,7.74,48,1,1
11/26/24 10:00,1.3,6.2,450,72.3,7.74,0,7.74,50,0.5,1
11/26/24 11:00,1.3,6.2,447,71.5,7.82,0,7.82,72,0,1
11/26/24 12:00,1.3,6.2,449,71,7.82,0,7.82,69,0,1
11/26/24 13:00,1.3,6.2,449,71.3,7.82,0,7.82,69,0,1
11/26/24 14:00,0.8,6.2,450,73.1,7.82,0,7.82,68,0,1
11/26/24 15:00,0.8,6.1,450,73.2,7.68,0,7.68,72,0,1
11/26/24 16:00,0.9,6.1,450,73.5,7.68,0,7.68,66,0,1
11/26/24 17:00,0.9,6.1,449,73.4,7,0,7,66,0,1
11/26/24 18:00,1.2,6.1,449,73.6,7,0,7,73,0,1
11/26/24 19:00,1.2,6.1,448,73.3,6.58,0,6.58,71,0,1
11/26/24 20:00,1.6,6.1,448,73.6,6.58,0,6.58,69,0,1
11/26/24 21:00,1.6,6.1,449,73.2,6.58,0,6.58,71,0.5,1
11/26/24 22:00,1.7,6.1,448,73.2,6.58,0,6.58,69,0.5,1
11/26/24 23:00,1.7,6.1,455,71.2,6.6,0,6.6,72,0.5,1
11/27/24 0:00,1.7,6.1,455,70.5,6.6,0,6.6,67,0,1
11/27/24 1:00,1.7,6.1,456,70.6,6.6,0,6.6,69,0.5,1
11/27/24 2:00,1.7,6.1,457,70.8,6.6,0,6.6,67,0.5,1
11/27/24 3:00,1.7,6.1,457,70.3,6.6,0,6.6,72,1,1
11/27/24 4:00,1.7,6.1,457,70.1,6.6,0,6.6,73,1,1
11/27/24 5:00,1.7,6.1,459,75.2,7.1,4,7.1,65,0,1
11/27/24 6:00,1.7,6.1,459,75.2,7.1,4,7.1,74,0,1
11/27/24 7:00,1.7,6.1,460,75.3,7.1,4,7.1,73,0,1
11/27/24 8:00,1.7,6.1,460,75.3,6.82,4,6.82,74,0.5,1
11/27/24 9:00,1.7,6.1,460,74.8,6.82,4,6.82,65,0.5,1
11/27/24 10:00,1.7,6.1,462,74.2,8.58,55,8.58,74,0,1
11/27/24 11:00,1.7,6.1,461,74.6,8.56,52,8.56,67,0,1
11/27/24 12:00,1.7,6.1,461,74.8,8.56,52,8.56,73,0,1
11/27/24 13:00,1.7,6.1,460,73.8,8.56,49,8.56,72,0,1
11/27/24 14:00,0.9,6.2,459,73.6,8.56,46,8.56,72,0,1
11/27/24 15:00,0.9,6.2,460,73.6,8.56,45,8.56,64,0,1
11/27/24 16:00,0.8,6.2,459,71.6,9.1,77,9.1,70,0,1
11/27/24 17:00,0.9,6.2,459,71,9.1,71,9.1,71,0,1
11/27/24 18:00,0.9,6.1,459,71.4,9.1,78,9.1,66,0,1
11/27/24 19:00,1.3,6.1,458,70.7,9.1,75,9.1,69,0,1
11/27/24 20:00,1.9,6.1,457,70.4,9.1,77,9.1,71,0,1
11/27/24 21:00,1.9,6.2,456,73.8,9.58,78,9.58,70,0,1
11/27/24 22:00,1.8,6.2,456,64.7,11.52,334,11.52,311,0,1
11/27/24 23:00,1.9,6.2,456,64.7,11.52,335,11.52,278,0,1
11/28/24 0:00,1.9,6.2,457,64.5,11.82,337,11.82,200,0,1
11/28/24 1:00,1.9,6.2,457,63.2,11.82,335,11.82,212,0,1
11/28/24 2:00,1.9,6.2,458,63.1,11.82,329,11.82,230,0,1
11/28/24 3:00,1.9,6.2,459,63.2,11.82,332,11.82,186,0,1
11/28/24 4:00,1.9,6.2,440,53.9,12.5,449,12.5,200,1.5,1
11/28/24 5:00,1.9,6.2,440,54.1,12.72,449,12.72,206,1.5,1
11/28/24 6:00,1.9,6.2,440,54.3,12.72,452,12.72,199,1.5,1
11/28/24 7:00,1.9,6.2,440,54.8,12.72,454,12.72,214,2.1,1
11/28/24 8:00,1.9,6.2,440,54.4,12.72,454,12.72,208,1.5,1
11/28/24 9:00,1.9,6.2,441,55.2,12.72,456,12.72,231,1,1
11/28/24 10:00,1.9,6.2,796,51.6,13.24,504,13.24,274,2.6,1
11/28/24 11:00,1.9,6.2,788,51.6,13.24,503,13.24,331,1.5,1
11/28/24 12:00,1.9,6.2,781,50.4,13.24,505,13.24,344,1,1
11/28/24 13:00,1.9,6.2,776,50.1,13.24,506,13.24,339,1,1
11/28/24 14:00,0.9,6.2,770,51.2,13.12,507,13.12,202,1.5,1
11/28/24 15:00,0.9,6.2,761,51.4,13.12,507,13.12,200,1.5,1
11/28/24 16:00,0.7,6.2,436,51.3,14.18,478,14.18,303,3.1,1
11/28/24 17:00,0.7,6.2,436,51.5,14.18,480,14.18,297,3.6,1
11/28/24 18:00,0.7,6.1,436,51.7,14.06,479,14.06,296,2.6,1
11/28/24 19:00,0.7,6.1,436,52.3,14.06,479,14.06,286,2.1,1
11/28/24 20:00,0.7,6.1,437,52.3,14.06,477,14.06,299,2.1,1
11/28/24 21:00,0.7,6.1,437,51.8,14.06,475,14.06,298,2.6,1
11/28/24 22:00,0.7,6.2,447,48.5,13.7,385,13.7,245,1,1
11/28/24 23:00,0.7,6.2,446,48.4,13.7,386,13.7,173,1.5,1
11/29/24 0:00,0.7,6.2,447,48.7,13.7,386,13.7,177,1.5,1
11/29/24 1:00,0.7,6.3,447,48.1,13.7,386,13.7,181,2.6,1
11/29/24 2:00,0.7,6.3,447,48.1,13.7,384,13.7,235,2.6,1
11/29/24 3:00,0.7,6.3,446,48.2,13.64,383,13.64,205,1.5,1
11/29/24 4:00,0.7,6.3,444,50.8,13.86,214,13.86,329,3.1,1
11/29/24 5:00,0.7,6.3,443,51,13.86,211,13.86,326,3.1,1
11/29/24 6:00,0.7,6.3,442,50.8,13.82,206,13.82,296,1.5,1
11/29/24 7:00,0.7,6.3,440,50,13.82,204,13.82,313,3.6,1
11/29/24 8:00,0.7,6.3,440,50.1,13.82,203,13.82,308,2.6,1
11/29/24 9:00,0.7,6.3,439,50.3,13.82,203,13.82,334,1,1
11/29/24 10:00,0.7,6.3,443,52.7,12.88,66,12.88,279,2.1,1
11/29/24 11:00,0.7,6.3,443,52.8,12.88,66,12.88,238,2.1,1
11/29/24 12:00,0.7,6.3,444,53.6,12.88,66,12.88,77,2.1,1
11/29/24 13:00,0.8,6.3,443,53.5,12.88,66,12.88,245,2.1,1
11/29/24 14:00,4.2,6,442,53.6,12.88,64,12.88,92,1.5,1
11/29/24 15:00,4.3,6.1,442,53.8,12.88,62,12.88,343,4.7,1
11/29/24 16:00,0.9,6.3,413,57.9,12.36,0,12.36,325,1.5,1
11/29/24 17:00,0.9,6.2,413,57.6,12.36,0,12.36,315,2.1,1
11/29/24 18:00,0.7,6.2,414,57.7,12.36,0,12.36,293,2.1,1
11/29/24 19:00,0.7,6.2,413,60.2,12.36,0,12.36,272,1,1
11/29/24 20:00,0.7,6.2,413,60.8,12.24,0,12.24,252,0.5,1
11/29/24 21:00,0.7,6.2,414,61.7,12.24,0,12.24,254,0.5,1
11/29/24 22:00,0.7,6.2,420,63,11.22,0,11.22,126,1.5,1
11/29/24 23:00,0.7,6.3,420,63.8,11.22,0,11.22,122,1,1
11/30/24 0:00,0.7,6.3,420,63.3,11.28,0,11.28,304,1.5,1
11/30/24 1:00,0.7,6.3,420,62.8,11.28,0,11.28,289,0.5,1
11/30/24 2:00,0.7,6.3,421,62.5,11.28,0,11.28,287,0.5,1
11/30/24 3:00,0.7,6.3,421,63.1,11.28,0,11.28,287,1,1
11/30/24 4:00,0.7,6.3,429,63,10.58,0,10.58,302,2.6,1
11/30/24 5:00,0.7,6.3,428,63,10.58,0,10.58,202,3.1,1
11/30/24 6:00,0.7,6.3,428,62.6,10.58,0,10.58,232,1,1
11/30/24 7:00,0.7,6.3,427,63,10.58,0,10.58,235,1.5,1
11/30/24 8:00,0.8,6.3,426,62.8,10.58,0,10.58,211,1,1
11/30/24 9:00,0.8,6.3,426,62.7,10.58,0,10.58,186,1,1
11/30/24 10:00,0.8,6.3,429,61.9,10.28,0,10.28,21,1,1
11/30/24 11:00,0.7,6.3,428,61.2,10.28,0,10.28,12,1,1
11/30/24 12:00,0.8,6.3,429,60.8,10.28,0,10.28,283,1,1
11/30/24 13:00,0.8,6.3,429,60.6,10.28,0,10.28,230,3.1,1
11/30/24 14:00,4.2,6.1,429,60.7,10.14,0,10.14,7,2.6,1
11/30/24 15:00,4.3,6.1,429,60.8,10.14,0,10.14,6,1,1
11/30/24 16:00,0.9,6.4,433,61.2,9.46,0,9.46,289,1.5,1
11/30/24 17:00,0.9,6.3,434,61.1,9.38,0,9.38,291,2.1,1
11/30/24 18:00,0.8,6.3,433,60.9,9.38,0,9.38,331,1.5,1
11/30/24 19:00,0.7,6.3,432,60.6,9.38,0,9.38,332,1,1
11/30/24 20:00,0.7,6.3,432,61.3,9.38,0,9.38,330,1,1
11/30/24 21:00,0.7,6.3,432,60.8,9.38,0,9.38,333,1.5,1
11/30/24 22:00,0.7,6.3,438,62.4,8.88,0,8.88,229,2.1,1
11/30/24 23:00,0.7,6.3,437,63.6,8.88,0,8.88,228,1.5,1
12/1/24 0:00,0.7,6.4,465,99.9,9.7,0,4.62,112,0,1
12/1/24 1:00,0.7,6.4,464,99.9,9.8,0,4.62,107,0,1
12/1/24 2:00,0.7,6.4,465,99.9,9.8,0,4.62,95,0,1
12/1/24 3:00,0.7,6.4,463,99.9,9.8,0,4.62,100,0,1
12/1/24 4:00,0.7,6.4,462,99.9,9.7,0,4.62,116,0,1
12/1/24 5:00,0.8,6.4,461,99.9,9.7,0,4.6,110,0,1
12/1/24 6:00,0.7,6.4,470,99.9,8.9,0,4.42,102,0,1
12/1/24 7:00,0.8,6.4,469,99.9,9,0,4.42,104,0,1
12/1/24 8:00,0.7,6.4,468,99.9,9,0,4.42,102,0,1
12/1/24 9:00,0.8,6.3,466,99.9,9,0,4.42,108,0,1
12/1/24 10:00,0.8,6.4,466,99.9,8.9,0,4.64,105,0,1
12/1/24 11:00,0.8,6.3,466,99.9,8.9,0,4.64,102,0,1
12/1/24 12:00,0.8,6.4,473,99.9,8.2,0,3.32,105,0,1
12/1/24 13:00,0.8,6.3,473,99.9,8.2,0,3.88,105,0,1
12/1/24 14:00,4.3,6.1,472,99.9,8.2,0,3.88,98,0,1
12/1/24 15:00,4.3,6.1,470,99.9,8.2,0,3.88,104,0,1
12/1/24 16:00,0.9,6.3,469,99.9,8.2,0,3.88,101,0,1
12/1/24 17:00,0.9,6.3,467,99.9,8.2,0,3.88,113,0,1
12/1/24 18:00,0.7,6.2,477,99.9,7.8,0,4.1,103,0,1
12/1/24 19:00,0.8,6.2,477,99.9,7.8,0,4.1,99,0,1
12/1/24 20:00,0.9,6.2,478,99.9,7.8,0,4.1,106,0,1
12/1/24 21:00,0.9,6.2,478,99.9,7.8,0,4.1,112,0,1
12/1/24 22:00,0.9,6.2,478,99.9,7.7,0,4.08,115,0,1
12/1/24 23:00,0.9,6.3,480,99.9,7.7,0,4.08,109,0,1
12/2/24 0:00,0.9,6.3,485,99.9,7.4,0,1.54,106,0,1
12/2/24 1:00,0.9,6.3,486,99.9,7.4,0,1.54,112,0,1
12/2/24 2:00,0.9,6.3,486,99.9,7.4,0,2.24,100,0,1
12/2/24 3:00,0.9,6.3,486,99.9,7.4,0,2.24,102,0,1
12/2/24 4:00,0.9,6.2,487,99.9,7.5,0,2.24,112,0,1
12/2/24 5:00,0.9,6.3,486,99.9,7.5,0,2.24,95,0,1
12/2/24 6:00,0.9,6.2,494,99.9,7.2,0,2.6,103,0,1
12/2/24 7:00,0.7,6.2,494,99.9,7.2,0,2.6,106,0,1
12/2/24 8:00,0.7,6.3,495,99.9,7.2,0,2.6,96,0,1
12/2/24 9:00,0.7,6.2,496,99.9,7.2,0,2.6,105,0,1
12/2/24 10:00,0.7,6.2,493,99.9,7.2,0,2.6,110,0,1
12/2/24 11:00,0.7,6.2,492,99.9,7.2,0,2.62,104,0,1
12/2/24 12:00,0.7,6.2,492,99.9,7,0,-0.19,108,0,1
12/2/24 13:00,0.7,6.2,492,99.9,7,0,-0.19,108,0,1
12/2/24 14:00,0.7,6.2,492,99.9,7,0,1.2,107,0,1
12/2/24 15:00,0.7,6.2,491,99.9,7,0,1.2,102,0,1
12/2/24 16:00,0.7,6.2,489,99.9,7,0,1.2,104,0,1
12/2/24 17:00,0.7,6.2,490,99.9,7,0,1.2,100,0,1
12/2/24 18:00,0.7,6.2,493,99.9,7,0,2,89,0,1
12/2/24 19:00,0.7,6.2,495,99.9,7,0,2,104,0,1
12/2/24 20:00,0.7,6.2,496,99.9,7,0,2,99,0,1
12/2/24 21:00,0.7,6.2,495,99.9,7,0,2,97,0,1
12/2/24 22:00,0.7,6.2,495,99.9,7,0,2,109,0,1
12/2/24 23:00,0.7,6.2,493,99.9,7,0,1.54,101,0,1
12/3/24 0:00,0.7,6.2,499,99.9,7.6,4,3.02,105,0,1
12/3/24 1:00,0.7,6.3,500,99.9,7.6,3,3.02,108,0,1
12/3/24 2:00,0.7,6.2,501,99.9,7.6,3,3.02,104,0,1
12/3/24 3:00,0.7,6.3,500,99.9,7.5,4,3.3,117,0,1
12/3/24 4:00,0.7,6.3,499,99.9,7.5,5,3.3,116,0,1
12/3/24 5:00,0.7,6.3,498,99.9,7.6,9,3.3,106,0,1
12/3/24 6:00,0.7,6.3,491,99.9,10,91,3.32,101,0,1
12/3/24 7:00,0.7,6.3,491,99.7,10,91,3.32,109,0,1
12/3/24 8:00,0.7,6.3,492,99.3,10,86,3.32,113,0,1
12/3/24 9:00,0.7,6.3,491,99.9,10,83,3.32,96,0,1
12/3/24 10:00,0.7,6.3,492,99.9,10,85,3.32,101,0,1
12/3/24 11:00,0.7,6.3,493,99.9,10,85,3.32,108,0,1
12/3/24 12:00,0.7,6.2,471,99.9,14.1,187,7.2,164,0,1
12/3/24 13:00,0.7,6.2,472,99.7,14.2,191,7.2,162,0,1
12/3/24 14:00,0.7,6.2,471,99.1,14.3,198,7.2,162,0,1
12/3/24 15:00,0.7,6.2,472,99.6,14.2,194,6.8,167,0,1
12/3/24 16:00,1.3,6.2,472,99.6,14.2,198,6.8,157,0,1
12/3/24 17:00,1.3,6.2,437,98.7,18.9,235,9.56,135,0.5,1
12/3/24 18:00,2,6.2,436,98.5,18.9,230,9.18,132,0.5,1
12/3/24 19:00,1.9,6.1,436,98.5,18.9,230,9.18,154,1,1
12/3/24 20:00,0.8,6.1,436,99.3,18.9,228,9.18,150,1,1
12/3/24 21:00,0.8,6.1,437,99.7,18.9,228,9.18,156,1,1
12/3/24 22:00,1.3,6.1,411,99.9,20.5,249,10.92,70,1,1
12/3/24 23:00,1.3,6.1,411,99.9,20.5,249,10.92,77,1,1
12/4/24 0:00,1.3,6.1,414,99.9,20.6,251,10.92,101,1,1
12/4/24 1:00,1.3,6.1,413,99.9,20.5,256,10.92,98,1,1
12/4/24 2:00,1.3,6.2,415,99.9,20.5,257,10.92,87,0.5,1
12/4/24 3:00,1.3,6.2,394,98.3,22.4,370,11.58,170,1,1
12/4/24 4:00,1.3,6.2,395,98,22.5,371,11.58,159,0,1
12/4/24 5:00,1.3,6.2,394,97.1,22.5,370,11.58,159,0,1
12/4/24 6:00,1.3,6.2,394,98,22.5,368,11.58,152,0,1
12/4/24 7:00,1.3,6.2,393,98.1,22.5,362,12.06,154,0.5,1
12/4/24 8:00,1.3,6.2,393,98.4,22.6,362,12.06,143,0,1
12/4/24 9:00,1.3,6.2,408,99.9,20,164,12.62,121,0.5,1
12/4/24 10:00,1.3,6.2,408,99.9,20,161,12.82,88,2.6,1
12/4/24 11:00,1.3,6.2,408,99.9,20,162,12.82,118,2.6,1
12/4/24 12:00,1.3,6.2,407,99.9,20,156,12.82,171,1,1
12/4/24 13:00,1.3,6.2,407,99.9,20,154,12.82,221,0.5,1
12/4/24 14:00,1.3,6.2,407,99.9,20,146,12.82,140,1,1
12/4/24 15:00,1.3,6.2,399,99.9,18.6,88,11.96,71,1.5,1
12/4/24 16:00,0.8,6.2,399,99.9,18.6,89,11.96,98,3.1,1
12/4/24 17:00,0.8,6.1,400,99.9,18.6,92,11.96,121,3.1,1
12/4/24 18:00,0.9,6.1,401,99.9,18.6,93,11.96,118,3.1,1
12/4/24 19:00,0.9,6.1,403,99.9,18.6,93,11.58,143,2.1,1
12/4/24 20:00,1.2,6.1,403,99.9,18.6,98,11.58,133,1.5,1
12/4/24 21:00,1.2,6.1,407,99.9,16.4,10,11.8,100,0.5,1
12/4/24 22:00,1.6,6.1,408,99.9,16.4,12,11.8,90,0.5,1
12/4/24 23:00,1.6,6.1,408,99.9,16.4,13,12.22,104,0.5,1
12/5/24 0:00,1.7,6.1,407,99.9,16.4,12,12.22,104,0.5,1
12/5/24 1:00,1.7,6.1,407,99.9,16.4,14,12.22,105,0.5,1
12/5/24 2:00,1.7,6.1,408,99.9,16.4,14,12.22,95,0,1
12/5/24 3:00,1.7,6.1,413,99.9,14.5,6,11.7,86,0.5,1
12/5/24 4:00,1.7,6.1,413,99.9,14.5,6,11.7,87,1,1
12/5/24 5:00,1.7,6.1,414,99.9,14.5,6,11.7,88,1.5,1
12/5/24 6:00,1.7,6.1,415,99.9,14.5,6,11.7,85,1,1
12/5/24 7:00,1.7,6.1,415,99.9,14.5,6,11.7,63,1.5,1
12/5/24 8:00,1.7,6.1,427,99.9,13.1,0,10.94,72,0,1
12/5/24 9:00,1.7,6.1,424,99.9,13.1,0,10.94,73,0,1
12/5/24 10:00,1.7,6.1,424,99.9,13.1,0,10.94,77,0,1
12/5/24 11:00,1.7,6.1,423,99.9,13.1,0,10.94,68,0,1
12/5/24 12:00,1.7,6.1,423,99.9,13.1,0,10.94,73,0,1
12/5/24 13:00,1.7,6.1,424,99.9,13.1,0,10.94,71,0,1
12/5/24 14:00,1.7,6.1,431,99.9,12.9,0,10.7,82,1,1
12/5/24 15:00,1.7,6.1,431,99.9,12.9,0,10.34,93,1,1
12/5/24 16:00,0.9,6.2,431,99.9,12.9,0,10.34,93,1,1
12/5/24 17:00,0.9,6.2,432,99.9,12.9,0,10.34,89,1,1
12/5/24 18:00,0.8,6.2,433,99.9,12.9,0,10.34,104,1,1
12/5/24 19:00,0.9,6.2,434,99.9,12.9,0,10.34,102,1,1
12/5/24 20:00,0.9,6.1,443,99.9,12.7,0,10.02,91,0,1
12/5/24 21:00,1.3,6.1,441,99.9,12.7,0,10.02,95,0,1
12/5/24 22:00,1.9,6.1,440,99.5,12.7,0,10.02,92,0,1
12/5/24 23:00,1.9,6.2,441,99.2,12.7,0,10.02,100,0,1
12/6/24 0:00,1.8,6.2,440,99,12.7,0,10.02,92,0,1
12/6/24 1:00,1.9,6.2,440,99.8,12.8,0,10.02,97,0,1
12/6/24 2:00,1.9,6.2,445,99.9,12.5,0,10.26,213,0,1
12/6/24 3:00,1.9,6.2,445,99.9,12.5,0,10.26,199,0,1
12/6/24 4:00,1.9,6.2,446,99.9,12.5,0,10.26,212,0.5,1
12/6/24 5:00,1.9,6.2,447,99.9,12.6,0,9.92,200,0.5,1
12/6/24 6:00,1.9,6.2,447,99.9,12.6,0,9.92,205,1,1
12/6/24 7:00,1.9,6.2,448,99.9,12.6,0,9.92,204,0.5,1
12/6/24 8:00,1.9,6.2,451,99.9,12,0,9.6,92,0,1
12/6/24 9:00,1.9,6.2,451,99.9,12,0,9.6,94,0.5,1
12/6/24 10:00,1.9,6.2,452,99.9,12,0,9.6,92,0.5,1
12/6/24 11:00,1.9,6.2,451,99.9,12,0,9.6,90,0.5,1
12/6/24 12:00,1.9,6.2,451,99.9,12,0,9.6,96,1,1
12/6/24 13:00,1.9,6.2,451,99.9,12,0,9.6,108,1,1
12/6/24 14:00,1.9,6.2,454,99.9,11.9,0,9.86,117,1,1
12/6/24 15:00,1.9,6.2,454,99.9,12,0,9.86,109,1,1
12/6/24 16:00,0.9,6.2,454,99.9,11.9,0,9.86,110,1,1
12/6/24 17:00,0.9,6.2,454,99.9,11.9,0,9.32,116,0.5,1
12/6/24 18:00,0.7,6.2,454,99.9,12,0,9.32,101,1,1
12/6/24 19:00,0.7,6.2,452,99.9,10.8,0,9.46,102,0,1
12/6/24 20:00,0.7,6.1,452,99.9,10.8,0,9.46,95,0,1
12/6/24 21:00,0.7,6.1,451,99.9,10.8,0,9.46,101,0,1
12/6/24 22:00,0.7,6.1,451,99.4,10.8,0,9.46,100,1,1
12/6/24 23:00,0.7,6.1,449,99.6,10.8,0,9.46,97,1,1
12/7/24 0:00,0.7,6.2,456,99.9,10.3,0,9.46,126,1.5,1
12/7/24 1:00,0.7,6.2,454,99.9,10.3,0,9.46,126,1,1
12/7/24 2:00,0.7,6.2,455,99.9,10.3,0,9.46,116,1,1
12/7/24 3:00,0.7,6.3,455,99.9,10.3,0,9.46,122,1.5,1
12/7/24 4:00,0.7,6.3,455,99.9,10.3,0,9.46,117,1,1
12/7/24 5:00,0.7,6.3,451,99.9,10.3,0,9.26,126,1,1
12/7/24 6:00,0.7,6.3,455,99.9,10,0,8.7,84,0,1
12/7/24 7:00,0.7,6.3,457,99.9,10,0,8.7,91,0.5,1
12/7/24 8:00,0.7,6.3,460,99.9,10,0,8.7,88,1,1
12/7/24 9:00,0.7,6.3,460,99.9,10,0,8.54,97,3.1,1
12/7/24 10:00,0.7,6.3,459,99.9,10,0,8.54,89,1,1
12/7/24 11:00,0.7,6.3,457,99.9,10,0,8.54,91,0.5,1
12/7/24 12:00,0.7,6.3,455,99.9,10,0,9.5,72,1.5,1
12/7/24 13:00,0.7,6.3,458,99.9,10,0,9.5,86,1.5,1
12/7/24 14:00,0.7,6.3,460,99.9,10,0,9.4,79,1.5,1
12/7/24 15:00,0.8,6.3,461,99.9,10,0,9.4,82,2.1,1
12/7/24 16:00,4.2,6,461,99.9,10,0,9.4,103,1,1
12/7/24 17:00,4.3,6.1,461,99.9,10,0,9.4,112,1,1
12/7/24 18:00,0.9,6.3,450,99.9,9.8,0,9.2,85,0,1
12/7/24 19:00,0.9,6.2,450,99.9,9.8,0,8.74,88,0,1
12/7/24 20:00,0.7,6.2,451,99.9,9.8,0,8.74,81,0.5,1
12/7/24 21:00,0.7,6.2,452,99.9,9.8,0,8.74,88,0.5,1
12/7/24 22:00,0.7,6.2,451,99.9,9.8,0,8.74,88,0.5,1
12/7/24 23:00,0.7,6.2,452,99.9,9.9,0,8.74,80,0.5,1
12/8/24 0:00,0.7,6.2,450,99.9,9.7,0,9.46,89,1,1
12/8/24 1:00,0.7,6.3,451,99.8,9.7,0,9.46,82,1.5,1
12/8/24 2:00,0.7,6.3,453,99.9,9.6,0,9.46,104,1,1
12/8/24 3:00,0.7,6.3,453,99.9,9.6,0,9.46,103,1,1
12/8/24 4:00,0.7,6.3,452,99.9,9.6,0,9.96,99,1.5,1
12/8/24 5:00,0.7,6.3,451,99.9,9.6,0,9.96,105,0.5,1
12/8/24 6:00,0.7,6.3,448,99.9,9.5,0,8.62,100,0.5,1
12/8/24 7:00,0.7,6.3,448,99.9,9.5,0,8.62,116,0.5,1
12/8/24 8:00,0.7,6.3,446,99.9,9.5,0,8.14,104,0.5,1
12/8/24 9:00,0.7,6.3,445,99.9,9.5,0,8.14,102,0,1
12/8/24 10:00,0.8,6.3,446,99.9,9.5,0,8.14,109,0,1
12/8/24 11:00,0.8,6.3,446,99.9,9.5,0,8.14,111,0,1
12/8/24 12:00,0.8,6.3,448,99.9,9.5,0,8.34,45,0.5,1
12/8/24 13:00,0.7,6.3,448,99.9,9.5,0,8.34,59,1.5,1
12/8/24 14:00,0.8,6.3,447,99.9,9.4,0,8.34,83,1.5,1
12/8/24 15:00,0.8,6.3,448,99.9,9.5,0,8.34,88,1.5,1
12/8/24 16:00,4.2,6.1,448,99.9,9.5,0,8.34,76,0.5,1
12/8/24 17:00,4.3,6.1,448,99.9,9.5,0,8.34,77,0.5,1
12/8/24 18:00,0.9,6.4,448,99.6,9.8,6,9.44,28,1,1
12/8/24 19:00,0.9,6.3,447,99.9,9.8,5,9.44,25,1,1
12/8/24 20:00,0.8,6.3,448,99.9,9.8,5,9.44,27,0.5,1
12/8/24 21:00,0.7,6.3,447,99.9,9.8,5,9.7,27,1,1
12/8/24 22:00,0.7,6.3,449,99.9,9.8,6,9.7,22,1,1
12/8/24 23:00,0.7,6.3,449,99.9,9.8,6,9.7,31,0.5,1
12/9/24 0:00,0.7,6.3,436,99.3,12.8,89,10.44,225,0,1
12/9/24 1:00,0.7,6.3,436,99.3,12.8,87,10.14,224,0,1
12/9/24 2:00,0.7,6.4,436,98.4,12.9,85,10.14,217,0.5,1
12/9/24 3:00,0.7,6.4,436,98.7,12.9,81,10.14,231,0.5,1
12/9/24 4:00,0.7,6.4,436,99.9,12.9,77,10.14,226,0,1
12/9/24 5:00,0.7,6.4,436,99.9,12.9,78,10.14,223,0,1
12/9/24 6:00,0.7,6.4,1869,98.8,17.4,220,11.06,31,1.5,1
12/9/24 7:00,0.8,6.4,1617,98.5,17.4,223,11.06,28,1.5,1
12/9/24 8:00,0.7,6.4,1403,97.9,17.5,222,11.06,26,0.5,1
12/9/24 9:00,0.8,6.4,1113,97.7,17.5,220,11.06,72,2.1,1
12/9/24 10:00,0.7,6.4,794,97,17.6,221,11.06,78,1.5,1
12/9/24 11:00,0.8,6.3,521,97.2,17.6,221,10.62,75,1.5,1
12/9/24 12:00,0.8,6.4,1531,98.5,21.5,273,13.16,78,0.5,1
12/9/24 13:00,0.8,6.3,1527,98.1,21.5,273,13.16,79,0.5,1
12/9/24 14:00,0.8,6.4,1523,97.8,21.6,270,13.16,77,0.5,1
12/9/24 15:00,0.8,6.3,1520,98,21.6,270,13.12,78,0,1
12/9/24 16:00,4.3,6.1,1517,98.1,21.5,270,13.12,75,0,1
12/9/24 17:00,4.3,6.1,1515,98,21.5,262,13.12,78,0.5,1
12/9/24 18:00,0.9,6.3,810,99.9,24.3,277,15.24,79,0,1
12/9/24 19:00,0.9,6.3,806,99.9,24.3,282,15.24,84,0,1
12/9/24 20:00,0.7,6.2,802,99.9,24.2,276,15.24,75,0,1
12/9/24 21:00,0.8,6.2,799,99.9,24.2,276,15.24,84,0,1
12/9/24 22:00,0.9,6.2,795,99.9,24.2,281,15.24,83,0,1
12/9/24 23:00,0.9,6.2,790,99.9,24.2,278,15.24,78,0.5,1
12/10/24 0:00,0.9,6.2,511,98.6,22.7,369,15.7,193,3.6,1
12/10/24 1:00,0.9,6.3,511,98.9,22.7,369,15.7,237,1.5,1
12/10/24 2:00,0.9,6.3,513,98.8,22.7,367,15.7,278,1.5,1
12/10/24 3:00,0.9,6.3,513,98.4,22.8,362,15.7,218,3.1,1
12/10/24 4:00,0.9,6.3,512,98.3,22.8,359,15.7,214,2.6,1
12/10/24 5:00,0.9,6.3,512,98.6,22.8,357,15.44,225,2.6,1
12/10/24 6:00,0.9,6.2,456,97.5,22.6,229,15.9,242,1.5,1
12/10/24 7:00,0.9,6.3,456,97.9,22.6,228,15.9,245,1,1
12/10/24 8:00,0.9,6.2,456,97.9,22.7,230,15.9,183,2.1,1
12/10/24 9:00,0.7,6.4,456,98.3,22.7,225,15.8,220,3.1,1
12/10/24 10:00,0.7,6.4,455,98.4,22.7,226,15.8,198,1,1
12/10/24 11:00,0.7,6.4,454,98.4,22.7,226,15.8,287,2.6,1
12/10/24 12:00,0.7,6.4,940,99.6,22.6,32,13.3,295,2.1,1
12/10/24 13:00,0.7,6.4,939,99.3,22.6,28,13.6,289,1.5,1
12/10/24 14:00,0.8,6.4,939,99,22.5,23,13.6,295,0.5,1
12/10/24 15:00,0.7,6.4,940,99.5,22.6,23,13.6,295,1,1
12/10/24 16:00,0.8,6.4,940,99.7,22.6,17,13.6,37,2.1,1
12/10/24 17:00,0.7,6.4,939,99.9,22.5,16,13.6,9,2.6,1
12/10/24 18:00,0.8,6.3,652,99.9,17.9,9,10.28,224,1,1
12/10/24 19:00,0.8,6.4,652,99.9,17.9,9,10.28,195,2.1,1
12/10/24 20:00,0.8,6.3,654,99.9,17.9,8,10.28,195,1.5,1
12/10/24 21:00,0.8,6.4,654,99.9,17.9,8,10.28,186,1,1
12/10/24 22:00,0.8,6.3,655,99.9,17.9,8,10.28,194,1,1
12/10/24 23:00,4.3,6.1,655,99.9,17.9,9,10.68,206,1,1
12/11/24 0:00,4.3,6.1,598,99.9,17,0,11.14,330,0.5,1
12/11/24 1:00,0.9,6.3,598,99.9,17,1,11.14,311,0.5,1
12/11/24 2:00,0.9,6.3,598,99.9,16.9,1,11.14,272,1,1
12/11/24 3:00,0.7,6.2,598,99.9,16.9,1,10.7,286,0.5,1
12/11/24 4:00,0.8,6.2,598,99.9,16.9,1,10.7,284,1.5,1
12/11/24 5:00,0.9,6.2,597,99.9,16.9,1,10.7,289,1.5,1
12/11/24 6:00,0.9,6.2,561,99.9,15.9,0,8.64,290,2.6,1
12/11/24 7:00,0.9,6.2,561,99.9,15.9,0,8.64,309,1.5,1
12/11/24 8:00,0.9,6.3,561,99.9,15.9,0,8.64,266,1,1
12/11/24 9:00,0.9,6.3,563,99.9,15.9,0,8.64,229,0.5,1
12/11/24 10:00,0.9,6.3,563,99.9,15.9,0,8.64,226,1,1
12/11/24 11:00,0.9,6.3,537,99.9,14.7,0,8.16,244,0,1
12/11/24 12:00,0.9,6.3,537,99.9,14.7,0,8.16,239,1,1
12/11/24 13:00,0.9,6.2,538,99.9,14.7,0,8.16,261,1,1
12/11/24 14:00,0.9,6.3,539,99.9,14.7,0,8.64,258,1.5,1
12/11/24 15:00,0.9,6.2,540,99.9,14.7,0,8.64,274,1,1
12/11/24 16:00,0.7,6.2,541,99.9,14.6,0,8.64,272,0.5,1
12/11/24 17:00,0.7,6.3,519,99.9,13.7,0,9.1,226,1,1
12/11/24 18:00,0.7,6.2,520,99.9,13.8,0,9.14,216,1,1
12/11/24 19:00,0.7,6.2,518,99.9,13.7,0,9.14,229,0.5,1
12/11/24 20:00,0.7,6.2,519,99.5,13.7,0,9.14,295,2.6,1
12/11/24 21:00,0.7,6.2,518,99.9,13.8,0,9.14,304,2.1,1
12/11/24 22:00,0.7,6.2,518,99.9,13.7,0,9.14,274,1,1
12/11/24 23:00,0.7,6.2,506,99.7,13.4,0,8.08,234,0.5,1
12/12/24 0:00,0.7,6.2,506,99.1,13.4,0,8.08,224,0.5,1
12/12/24 1:00,0.7,6.2,505,98.3,13.5,0,8.08,219,0,1
12/12/24 2:00,0.7,6.2,506,98.1,13.5,0,8.08,240,1,1
12/12/24 3:00,0.7,6.2,505,98.1,13.5,0,8.08,224,0,1
12/12/24 4:00,0.7,6.2,504,98.1,13.5,0,8.58,226,0.5,1
12/12/24 5:00,0.7,6.2,495,99.9,13.5,0,4.66,246,0,1
12/12/24 6:00,0.7,6.2,496,99.9,13.5,0,4.66,17,1,1
12/12/24 7:00,0.7,6.2,496,99.9,13.5,0,4.66,28,0.5,1
12/12/24 8:00,0.7,6.2,495,99.9,13.5,0,4.64,27,0.5,1
12/12/24 9:00,0.7,6.2,495,99.9,13.5,0,4.64,162,1.5,1
12/12/24 10:00,0.7,6.3,494,99.9,13.5,0,4.64,180,2.6,1
12/12/24 11:00,0.7,6.2,481,99.9,13,0,6.06,301,0.5,1
12/12/24 12:00,0.7,6.3,481,99.9,13,0,5.34,311,1,1
12/12/24 13:00,0.7,6.3,481,99.9,13,0,5.34,311,2.1,1
12/12/24 14:00,0.7,6.3,481,99.9,13,0,5.34,294,2.6,1
12/12/24 15:00,0.7,6.3,482,99.9,13,0,5.34,243,1.5,1
12/12/24 16:00,0.7,6.3,482,99.9,13,0,5.34,271,2.1,1
12/12/24 17:00,0.7,6.3,472,99.9,12.8,0,4.08,272,4.2,1
12/12/24 18:00,0.7,6.3,473,99.9,12.8,0,4.08,310,2.1,1
12/12/24 19:00,0.7,6.3,473,99.9,12.7,0,4.08,271,2.1,1
12/12/24 20:00,0.7,6.3,473,99.9,12.7,0,4.28,309,2.1,1
12/12/24 21:00,0.7,6.2,473,99.9,12.8,0,4.28,272,2.1,1
12/12/24 22:00,0.7,6.2,474,99.9,12.8,0,4.28,246,2.1,1
12/12/24 23:00,0.7,6.2,461,99.9,12.5,0,3.24,279,1,1
12/13/24 0:00,0.7,6.2,460,99.9,12.5,0,3.24,279,0.5,1
12/13/24 1:00,1.3,6.2,460,99.9,12.5,0,3.24,277,1,1
12/13/24 2:00,1.3,6.2,461,99.9,12.5,0,3.24,289,1,1
12/13/24 3:00,2,6.2,461,99.9,12.5,0,3.24,286,0.5,1
12/13/24 4:00,1.9,6.1,461,99.9,12.5,0,3.24,186,1,1
12/13/24 5:00,0.8,6.1,453,99.9,12.3,0,0.54,232,1,1
12/13/24 6:00,0.8,6.1,453,99.9,12.3,0,0.54,300,2.1,1
12/13/24 7:00,1.3,6.1,453,99.9,12.3,0,0.54,296,1.5,1
12/13/24 8:00,1.3,6.1,452,99.9,12.3,0,0.54,320,1.5,1
12/13/24 9:00,1.3,6.1,453,99.9,12.2,0,0.54,224,1,1
12/13/24 10:00,1.3,6.1,452,99.9,12.2,0,0.62,238,1,1
12/13/24 11:00,1.3,6.2,455,99.9,12,0,2.44,278,0.5,1
12/13/24 12:00,1.3,6.2,454,99.9,12,0,2.44,276,0,1
12/13/24 13:00,1.3,6.2,453,99.9,12,0,2.44,279,0,1
12/13/24 14:00,1.3,6.2,452,99.9,11.9,0,2.44,277,0,1
12/13/24 15:00,1.3,6.2,452,99.9,12,0,2.44,274,0,1
12/13/24 16:00,1.3,6.2,448,99.8,11.9,0,1.44,286,2.1,1
12/13/24 17:00,1.3,6.2,449,99.6,11.9,0,1.44,286,1.5,1
12/13/24 18:00,1.3,6.2,449,98,11.9,0,1.44,289,1,1
12/13/24 19:00,1.3,6.2,450,99.9,11.8,0,1.44,291,1,1
12/13/24 20:00,1.3,6.2,451,99.9,11.8,0,1.44,277,0.5,1
12/13/24 21:00,1.3,6.2,443,99.9,11.9,0,-0.01,293,1.5,1
12/13/24 22:00,1.3,6.2,443,99.9,11.9,0,-0.01,289,1.5,1
12/13/24 23:00,1.3,6.2,443,99.9,11.9,0,-0.01,294,1.5,1
12/14/24 0:00,1.3,6.2,444,99.9,11.9,0,0,206,2.1,1
12/14/24 1:00,0.8,6.2,445,99.9,11.9,0,0,286,1,1
12/14/24 2:00,0.8,6.1,446,99.9,12,0,0,307,1.5,1
12/14/24 3:00,0.9,6.1,446,99.9,11.9,0,1.54,263,0.5,1
12/14/24 4:00,0.9,6.1,446,99.9,11.9,0,1.56,244,1.5,1
12/14/24 5:00,1.2,6.1,446,99.8,11.9,0,1.56,253,0.5,1
12/14/24 6:00,1.2,6.1,446,99.8,11.9,0,1.56,248,1,1
12/14/24 7:00,1.6,6.1,445,99.3,11.9,0,1.56,244,1,1
12/14/24 8:00,1.6,6.1,445,99.6,11.9,0,1.56,251,1,1
12/14/24 9:00,1.7,6.1,443,99.9,11.9,0,-0.87,32,0.5,1
12/14/24 10:00,1.7,6.1,442,99.9,11.9,0,-0.87,311,2.6,1
12/14/24 11:00,1.7,6.1,442,99.9,11.9,0,-0.87,300,2.1,1
12/14/24 12:00,1.7,6.1,443,99.9,11.9,0,-0.87,304,2.1,1
12/14/24 13:00,1.7,6.1,443,99.9,11.8,0,-0.45,296,1,1
12/14/24 14:00,1.7,6.1,442,99.9,11.9,5,-0.55,286,0.5,1
12/14/24 15:00,1.7,6.1,442,99.9,11.8,5,-0.55,292,0.5,1
12/14/24 16:00,1.7,6.1,445,99.9,11.8,5,-0.55,288,0.5,1
12/14/24 17:00,1.7,6.1,444,99.9,11.8,16,-0.37,286,0.5,1
12/14/24 18:00,1.7,6.1,444,99.9,11.8,16,-0.37,291,0.5,1
12/14/24 19:00,1.7,6.1,443,99.9,11.8,16,-0.37,290,1,1
12/14/24 20:00,1.7,6.1,445,99.9,12.5,43,-0.53,314,0.5,1
12/14/24 21:00,1.7,6.1,445,99.9,12.5,44,-0.53,318,0.5,1
12/14/24 22:00,1.7,6.1,446,99.9,12.4,44,-0.53,315,0,1
12/14/24 23:00,1.7,6.1,446,99.9,12.4,42,-0.53,318,0.5,1
12/15/24 0:00,1.7,6.1,446,99.9,12.4,45,-0.53,317,0.5,1
12/15/24 1:00,0.9,6.2,437,99.9,13.7,172,-0.43,360,1.5,1
12/15/24 2:00,0.9,6.2,437,99.9,13.7,172,-0.43,103,1.5,1
12/15/24 3:00,0.8,6.2,440,99.9,13.7,166,-0.43,360,1,1
12/15/24 4:00,0.9,6.2,440,99.9,13.8,165,-0.43,360,1,1
12/15/24 5:00,0.9,6.1,441,99.9,13.8,166,-0.43,358,1.5,1
12/15/24 6:00,1.3,6.1,442,99.9,13.8,166,-0.43,309,1.5,1
12/15/24 7:00,1.9,6.1,423,99.9,18.4,285,1.28,301,1,1
12/15/24 8:00,1.9,6.2,425,99.8,18.5,291,1.28,287,0.5,1
12/15/24 9:00,1.8,6.2,424,99.4,18.5,291,1.28,313,1.5,1
12/15/24 10:00,1.9,6.2,424,99.1,18.5,295,1.94,291,2.1,1
12/15/24 11:00,1.9,6.2,424,99.7,18.5,300,1.94,303,1,1
12/15/24 12:00,1.9,6.2,423,99.9,18.5,312,1.94,304,1.5,1
12/15/24 13:00,1.9,6.2,420,99.4,20.6,369,2.3,252,1.5,1
12/15/24 14:00,1.9,6.2,420,99.4,20.6,371,2.3,360,2.1,1
12/15/24 15:00,1.9,6.2,420,99.9,20.6,372,1.9,360,1.5,1
12/15/24 16:00,1.9,6.2,421,99.9,20.6,376,1.9,360,1,1
12/15/24 17:00,1.9,6.2,421,99.9,20.5,376,1.9,131,1.5,1
12/15/24 18:00,1.9,6.2,421,99.9,20.6,375,1.9,360,1,1
12/15/24 19:00,1.9,6.2,422,99.9,23.1,349,3.9,273,4.2,1
12/15/24 20:00,1.9,6.2,422,99.9,23.1,349,3.9,319,2.6,1
12/15/24 21:00,1.9,6.2,423,99.6,23.1,350,3.9,318,1,1
12/15/24 22:00,1.9,6.2,423,99.4,23.1,350,3.9,281,2.6,1
12/15/24 23:00,1.9,6.2,423,99.5,23.1,351,3.9,281,2.1,1
12/16/24 0:00,1.9,6.2,423,99.6,23.1,353,3.08,294,1,1
12/16/24 1:00,0.9,6.2,423,99.9,24.8,271,4.36,278,3.6,1
12/16/24 2:00,0.9,6.2,423,99.9,24.7,272,4.36,302,1.5,1
12/16/24 3:00,0.7,6.2,424,99.9,24.7,272,4.36,308,2.1,1
12/16/24 4:00,0.7,6.2,425,99.9,24.8,275,4.28,327,2.6,1
12/16/24 5:00,0.7,6.1,427,99.9,24.8,275,4.28,324,1,1
12/16/24 6:00,0.7,6.1,428,99.9,24.8,274,4.28,343,1.5,1
12/16/24 7:00,0.7,6.1,427,99.9,24.7,155,3.66,267,2.1,1
12/16/24 8:00,0.7,6.1,427,99.9,24.7,155,3.96,233,2.6,1
12/16/24 9:00,0.7,6.2,426,99.9,24.8,153,3.96,290,1.5,1
12/16/24 10:00,0.7,6.2,425,99.9,24.8,154,3.96,280,2.1,1
12/16/24 11:00,0.7,6.2,426,99.9,24.7,156,3.96,288,2.6,1
12/16/24 12:00,0.7,6.3,426,99.9,24.7,156,3.96,284,1.5,1
12/16/24 13:00,0.7,6.3,430,99.9,24.2,22,4.18,296,0.5,1
12/16/24 14:00,0.7,6.3,429,99.9,24.2,26,4.18,246,1,1
12/16/24 15:00,0.7,6.3,429,99.9,24.2,27,4.18,250,1,1
12/16/24 16:00,0.7,6.3,429,99.9,24.1,27,4.18,244,1,1
12/16/24 17:00,0.7,6.3,428,99.9,24.1,26,4.6,259,1.5,1
12/16/24 18:00,0.7,6.3,427,99.9,24.1,26,4.6,250,1.5,1
12/16/24 19:00,0.7,6.3,425,99.9,19.3,0,3.5,263,1,1
12/16/24 20:00,0.7,6.3,423,99.9,19.3,0,3.04,268,1,1
12/16/24 21:00,0.7,6.3,424,99.9,19.2,0,3.04,266,1,1
12/16/24 22:00,0.7,6.3,424,99.9,19.2,0,3.04,265,0.5,1
12/16/24 23:00,0.7,6.3,424,99.9,19.1,0,3.04,266,1,1
12/17/24 0:00,0.8,6.3,422,99.9,15.6,0,1.78,307,0,1
12/17/24 1:00,4.2,6,422,99.9,15.6,0,1.78,307,0,1
12/17/24 2:00,4.3,6.1,422,99.9,15.6,0,1.78,306,0,1
12/17/24 3:00,0.9,6.3,422,99.9,15.6,0,1.78,311,0,1
12/17/24 4:00,0.9,6.2,424,99.9,15.6,0,1.78,304,0,1
12/17/24 5:00,0.7,6.2,424,99.2,15.5,0,1.94,304,0,1
12/17/24 6:00,0.7,6.2,435,99.9,14,0,1.76,204,0.5,1
12/17/24 7:00,0.7,6.2,434,99.9,14,0,1.76,206,0,1
12/17/24 8:00,0.7,6.2,433,99.9,13.9,0,1.26,209,0.5,1
12/17/24 9:00,0.7,6.2,432,99.9,13.9,0,1.26,199,0.5,1
12/17/24 10:00,0.7,6.3,430,99.9,13.9,0,1.26,200,0.5,1
12/17/24 11:00,0.7,6.3,441,99.9,13.3,0,1.62,87,0,1
12/17/24 12:00,0.7,6.3,440,99.9,13.4,0,1.06,88,0,1
12/17/24 13:00,0.7,6.3,440,99.9,13.4,0,1.06,81,0,1
12/17/24 14:00,0.7,6.3,440,99.9,13.4,0,1.06,92,0,1
12/17/24 15:00,0.7,6.3,439,99.9,13.4,0,1.06,89,0,1
12/17/24 16:00,0.7,6.3,447,99.1,12.8,0,0.8,83,0,1
12/17/24 17:00,0.7,6.3,446,99.9,12.8,0,0.8,91,0,1
12/17/24 18:00,0.7,6.3,446,99.9,12.8,0,0.8,81,0,1
12/17/24 19:00,0.8,6.3,446,99.9,12.9,0,0.8,84,0,1
12/17/24 20:00,0.8,6.3,447,99.9,12.8,0,0.8,79,0,1
12/17/24 21:00,0.8,6.3,447,99.9,12.8,0,0.48,89,0,1
12/17/24 22:00,0.7,6.3,450,99.9,12.8,0,0,85,0,1
12/17/24 23:00,0.8,6.3,450,99.9,12.8,0,0,83,0,1
12/18/24 0:00,0.8,6.3,450,99.9,12.9,0,0,89,0,1
12/18/24 1:00,4.2,6.1,450,99.9,12.9,0,-0.09,87,0,1
12/18/24 2:00,4.3,6.1,450,99.9,12.9,0,-0.09,85,0,1
12/18/24 3:00,0.9,6.4,451,99.9,12.9,0,-0.09,87,0,1
12/18/24 4:00,0.9,6.3,458,99.9,13,0,0.66,121,0.5,1
12/18/24 5:00,0.8,6.3,458,99.9,13,0,0.66,122,0.5,1
12/18/24 6:00,0.7,6.3,458,99.9,12.9,0,0.66,120,0.5,1
12/18/24 7:00,0.7,6.3,459,99.9,12.9,0,0.66,126,1,1
12/18/24 8:00,0.7,6.3,458,99.9,13,0,0.66,122,0,1
12/18/24 9:00,0.7,6.3,459,99.9,13.2,0,1.5,111,0.5,1
12/18/24 10:00,0.7,6.3,460,99.9,13.2,0,1.5,114,1,1
12/18/24 11:00,0.7,6.4,459,99.9,13.1,0,1.5,118,0.5,1
12/18/24 12:00,0.7,6.4,460,99.9,13.2,0,1.5,122,0,1
12/18/24 13:00,0.7,6.4,459,99.9,13.2,0,1.5,117,0,1
12/18/24 14:00,0.7,6.4,457,99.9,13.1,0,1.58,113,0,1
12/18/24 15:00,0.7,6.4,459,99.9,13,0,2.14,131,0,1
12/18/24 16:00,0.8,6.4,459,99.9,13.1,0,2.14,140,0,1
12/18/24 17:00,0.7,6.4,459,99.9,13.1,0,2.14,136,0,1
12/18/24 18:00,0.8,6.4,460,99.9,13.1,0,2.06,128,0,1
12/18/24 19:00,0.7,6.4,459,99.9,13.1,0,2.06,141,0,1
12/18/24 20:00,0.8,6.3,459,99.9,13,0,2.06,136,0,1
12/18/24 21:00,0.8,6.4,457,99.9,13.1,0,0.7,108,0.5,1
12/18/24 22:00,0.8,6.3,456,99.9,13.2,0,0.7,106,0,1
12/18/24 23:00,0.8,6.4,456,99.9,13.3,0,0.7,104,1,1
12/19/24 0:00,0.8,6.3,457,99.9,13.3,0,0.7,111,0.5,1
12/19/24 1:00,4.3,6.1,456,99.9,13.3,0,0.7,107,0.5,1
12/19/24 2:00,4.3,6.1,457,99.9,13.3,0,0.26,110,1,1
12/19/24 3:00,0.9,6.3,454,99.9,13,0,1.82,111,0,1
12/19/24 4:00,0.9,6.3,453,99.9,13,0,1.82,104,1,1
12/19/24 5:00,0.7,6.2,454,99.9,13,0,1.82,105,1,1
12/19/24 6:00,0.8,6.2,455,99.9,13,0,1.82,104,1,1
12/19/24 7:00,0.9,6.2,456,99.9,13,0,0.94,103,0.5,1
12/19/24 8:00,0.9,6.2,456,99.9,13,0,0.94,107,1,1
12/19/24 9:00,0.9,6.2,455,99.9,12.9,0,2.06,106,0,1
12/19/24 10:00,0.9,6.3,455,99.9,12.9,0,2.06,113,0,1
12/19/24 11:00,0.9,6.3,456,99.9,13,0,2.06,103,0,1
12/19/24 12:00,0.9,6.3,457,99.9,13,0,2.06,107,0,1
12/19/24 13:00,0.9,6.3,456,99.9,13,0,2.06,101,0,1
12/19/24 14:00,0.9,6.3,456,99.9,13,0,2.06,109,0,1
12/19/24 15:00,0.9,6.2,452,99.1,13,0,0.92,55,0,1
12/19/24 16:00,0.9,6.3,451,99,13,0,0.92,61,0,1
12/19/24 17:00,0.9,6.2,451,98.7,13,0,0.92,52,0,1
12/19/24 18:00,0.7,6.4,450,99,13,0,0.92,57,0,1
12/19/24 19:00,0.7,6.4,450,98.9,13,0,0.78,51,0,1
12/19/24 20:00,0.7,6.4,451,99.9,13,0,0.78,55,0,1
12/19/24 21:00,0.7,6.4,455,99.9,12.7,0,0.84,53,0,1
12/19/24 22:00,0.7,6.4,455,99.9,12.7,0,0.84,53,0,1
12/19/24 23:00,0.8,6.4,456,99.9,12.6,0,0.82,61,0,1
12/20/24 0:00,0.7,6.4,454,99.9,12.7,0,0.82,55,0,1
12/20/24 1:00,0.8,6.4,453,99.9,12.7,0,0.82,52,0,1
12/20/24 2:00,0.7,6.4,454,99.9,12.7,0,0.82,54,0,1
12/20/24 3:00,0.8,6.3,458,99.9,11.8,0,-0.83,53,0,1
12/20/24 4:00,0.8,6.4,459,99.9,11.8,0,-0.83,52,0,1
12/20/24 5:00,0.8,6.3,460,99.9,11.8,0,-0.83,54,1.5,1
12/20/24 6:00,0.8,6.4,462,99.9,11.8,0,-0.83,57,1,1
12/20/24 7:00,0.8,6.3,462,97.6,11.8,0,-1.01,58,0.5,1
12/20/24 8:00,4.3,6.1,461,97.4,11.8,0,-1.01,51,0.5,1
12/20/24 9:00,4.3,6.1,460,99.9,11.2,4,-0.81,55,0.5,1
12/20/24 10:00,0.9,6.3,462,99.9,11.2,3,-0.81,52,0.5,1
12/20/24 11:00,0.9,6.3,462,99.9,11.2,3,-0.79,58,0.5,1
12/20/24 12:00,0.7,6.2,462,99.9,11.2,5,-0.79,50,0.5,1
12/20/24 13:00,0.8,6.2,462,99.9,11.1,5,-0.79,47,0.5,1
12/20/24 14:00,0.9,6.2,454,99.9,13.7,63,2.7,56,0,1
12/20/24 15:00,0.9,6.2,455,99.9,13.7,63,2.7,56,0,1
12/20/24 16:00,0.9,6.2,456,99.9,13.6,62,2.7,56,0,1
12/20/24 17:00,0.9,6.3,457,99.9,13.6,61,2.7,57,0,1
12/20/24 18:00,0.9,6.3,458,99.9,13.6,63,2.7,53,0,1
12/20/24 19:00,0.9,6.3,448,99.9,18.4,202,3.88,117,0,1
12/20/24 20:00,0.9,6.3,448,99.9,18.4,202,3.88,109,0,1
12/20/24 21:00,0.9,6.3,447,99.9,18.4,201,3.88,108,0,1
12/20/24 22:00,0.9,6.2,448,99.9,18.4,203,3.88,116,0,1
12/20/24 23:00,0.9,6.3,447,99.9,18.4,204,4.68,109,0,1
12/21/24 0:00,0.9,6.2,448,99.9,18.5,206,4.68,116,0,1
12/21/24 1:00,0.7,6.2,1138,99.9,22,316,5.82,49,0.5,1
12/21/24 2:00,0.7,6.3,1279,99.9,22,317,5.82,43,1,1
12/21/24 3:00,0.7,6.2,1401,99.9,22,317,6.08,45,1,1
12/21/24 4:00,0.7,6.2,1562,99.9,22,318,6.08,46,1,1
12/21/24 5:00,0.7,6.2,1790,99.9,22,318,6.08,47,0.5,1
12/21/24 6:00,0.7,6.2,1946,99.9,22,319,6.08,42,0.5,1
12/21/24 7:00,0.7,6.2,770,99.9,24.3,347,5.92,289,0,1
12/21/24 8:00,0.7,6.2,768,99.9,24.3,349,5.92,290,0.5,1
12/21/24 9:00,0.7,6.2,766,99.9,24.3,351,5.92,286,0,1
12/21/24 10:00,0.7,6.2,765,99.9,24.3,351,5.92,264,2.1,1
12/21/24 11:00,0.7,6.2,765,99.9,24.3,349,5.92,251,2.1,1
12/21/24 12:00,0.7,6.2,765,99.9,24.3,350,5.5,315,1.5,1
12/21/24 13:00,0.7,6.2,516,99.9,25.2,325,5.46,266,2.1,1
12/21/24 14:00,0.7,6.2,522,99.9,25.2,330,5.46,267,1,1
12/21/24 15:00,0.7,6.2,526,99.9,25.2,335,5.82,249,1,1
12/21/24 16:00,0.7,6.2,529,99.9,25.2,337,5.82,335,2.1,1
12/21/24 17:00,0.7,6.2,530,99.9,25.2,337,5.82,336,0.5,1
12/21/24 18:00,0.7,6.2,454,99.9,25.7,262,5.8,305,1.5,1
12/21/24 19:00,0.7,6.3,456,99.9,25.7,262,5.8,305,1,1
12/21/24 20:00,0.7,6.2,455,99.9,25.7,262,5.8,307,0.5,1
12/21/24 21:00,0.7,6.3,454,99.9,25.7,259,5.8,316,1,1
12/21/24 22:00,0.7,6.3,454,99.9,25.7,259,5.8,314,1,1
12/21/24 23:00,0.7,6.3,438,99.9,25.9,147,6.14,272,0.5,1
12/22/24 0:00,0.7,6.3,438,99.9,25.9,147,6.14,274,1,1
12/22/24 1:00,0.7,6.3,439,99.9,25.9,146,6.14,277,1,1
12/22/24 2:00,0.7,6.3,438,99.9,25.9,145,6.08,274,1,1
12/22/24 3:00,0.7,6.3,436,99.9,25.9,145,6.08,272,0.5,1
12/22/24 4:00,0.7,6.3,433,99.9,23.6,26,6.52,340,2.6,1
12/22/24 5:00,0.7,6.3,434,99.9,23.7,25,6.52,324,2.1,1
12/22/24 6:00,0.7,6.2,435,99.9,23.7,23,6.48,315,3.1,1
12/22/24 7:00,0.7,6.2,435,99.9,23.6,22,6.48,284,1.5,1
12/22/24 8:00,0.7,6.2,435,99.9,23.5,22,6.48,260,2.1,1
12/22/24 9:00,0.7,6.2,435,99.9,23.5,23,6.48,220,2.1,1
12/22/24 10:00,1.3,6.2,433,99.9,18.9,0,5.24,291,1,1
12/22/24 11:00,1.3,6.2,434,99.9,18.9,0,5.24,291,1,1
12/22/24 12:00,2,6.2,434,99.9,19,0,5.24,289,1.5,1
12/22/24 13:00,1.9,6.1,434,99.8,19,0,5.24,294,1.5,1
12/22/24 14:00,0.8,6.1,432,99.5,18.9,0,5.24,293,0.5,1
12/22/24 15:00,0.8,6.1,436,99.9,15.3,0,4.48,273,0,1
12/22/24 16:00,1.3,6.1,437,99.9,15.3,0,4.48,274,0,1
12/22/24 17:00,1.3,6.1,437,99.9,15.3,0,4.48,277,0,1
12/22/24 18:00,1.3,6.1,437,99.9,15.3,0,4.48,275,0,1
12/22/24 19:00,1.3,6.1,437,99.9,15.3,0,4.58,274,0,1
12/22/24 20:00,1.3,6.2,437,99.9,15.3,0,4.58,276,0,1
12/22/24 21:00,1.3,6.2,450,99.9,13.5,0,1.94,70,0,1
12/22/24 22:00,1.3,6.2,451,99.9,13.5,0,1.88,68,0,1
12/22/24 23:00,1.3,6.2,452,99.9,13.5,0,1.88,71,0,1
12/23/24 0:00,1.3,6.2,452,99.9,13.5,0,1.88,70,0,1
12/23/24 1:00,1.3,6.2,453,99.3,13.5,0,1.88,69,0,1
12/23/24 2:00,1.3,6.2,461,99.9,13.4,0,2.62,66,0,1
12/23/24 3:00,1.3,6.2,460,99.8,13.4,0,2.62,69,0,1
12/23/24 4:00,1.3,6.2,459,99.4,13.4,0,2.62,68,0,1
12/23/24 5:00,1.3,6.2,459,99,13.4,0,2.62,69,0,1
12/23/24 6:00,1.3,6.2,459,99.1,13.4,0,2.62,69,0,1
12/23/24 7:00,1.3,6.2,459,99.2,13.4,0,2.74,70,0,1
12/23/24 8:00,1.3,6.2,467,99.9,12.8,0,2.12,63,0,1
12/23/24 9:00,1.3,6.2,467,99.9,12.8,0,2.12,67,0,1
12/23/24 10:00,0.8,6.2,467,99.9,12.8,0,2.12,69,0,1
12/23/24 11:00,0.8,6.1,469,99.9,12.8,0,2.04,69,0,1
12/23/24 12:00,0.9,6.1,470,99.9,12.8,0,2.04,68,0,1
12/23/24 13:00,0.9,6.1,470,99.9,12.8,0,2.04,71,0,1
12/23/24 14:00,1.2,6.1,475,99.9,12.7,0,2.24,68,0,1
12/23/24 15:00,1.2,6.1,474,99.9,12.7,0,2.24,68,0,1
12/23/24 16:00,1.6,6.1,473,99.9,12.7,0,2.24,70,0,1
12/23/24 17:00,1.6,6.1,472,99.9,12.7,0,2.24,67,0,1
12/23/24 18:00,1.7,6.1,472,99.9,12.7,0,2.24,69,0,1
12/23/24 19:00,1.7,6.1,472,99.9,12.6,0,2.62,70,0,1
12/23/24 20:00,1.7,6.1,478,99.9,11.9,0,1.42,68,0,1
12/23/24 21:00,1.7,6.1,478,99.9,11.9,0,1.42,67,0,1
12/23/24 22:00,1.7,6.1,477,99.9,11.8,0,1.24,69,0,1
12/23/24 23:00,1.7,6.1,477,99.9,11.8,0,1.24,68,0,1
12/24/24 0:00,1.7,6.1,477,99.9,11.9,0,1.24,67,0,1
12/24/24 1:00,1.7,6.1,477,99.9,11.9,0,1.24,70,0,1
12/24/24 2:00,1.7,6.1,478,99.9,11.4,0,-0.63,69,0,1
12/24/24 3:00,1.7,6.1,478,99.9,11.4,0,-0.63,70,0,1
12/24/24 4:00,1.7,6.1,478,99.9,11.4,0,-0.63,68,0,1
12/24/24 5:00,1.7,6.1,477,99.9,11.3,0,-0.63,66,0,1
12/24/24 6:00,1.7,6.1,477,99.9,11.3,0,-0.63,65,0,1
12/24/24 7:00,1.7,6.1,478,99.9,11.4,0,-0.57,68,0,1
12/24/24 8:00,1.7,6.1,475,99.9,11.1,0,-0.07,66,0,1
12/24/24 9:00,1.7,6.1,475,99.9,11.1,0,-0.07,68,0,1
12/24/24 10:00,0.9,6.2,474,99.9,11.1,0,-0.07,68,0,1
12/24/24 11:00,0.9,6.2,473,99.9,11.1,0,-0.07,68,0,1
12/24/24 12:00,0.8,6.2,472,99.9,11,0,0,65,0,1
12/24/24 13:00,0.9,6.2,476,99.9,11.4,0,0.32,68,0,1
12/24/24 14:00,0.9,6.1,476,99.9,11.4,0,0.32,67,0,1
12/24/24 15:00,1.3,6.1,476,99.9,11.4,0,0.56,63,0,1
12/24/24 16:00,1.9,6.1,476,99.9,11.3,0,0.56,67,0,1
12/24/24 17:00,1.9,6.2,477,99.9,11.3,0,0.56,65,0,1
12/24/24 18:00,1.8,6.2,478,99.9,11.4,0,0.56,69,0,1
12/24/24 19:00,1.9,6.2,475,99.9,11.5,0,0.88,68,0,1
12/24/24 20:00,1.9,6.2,474,99.9,11.5,0,0.88,67,0,1
12/24/24 21:00,1.9,6.2,474,99.9,11.5,0,0.88,69,0,1
12/24/24 22:00,1.9,6.2,474,99.9,11.5,0,0.88,67,0,1
12/24/24 23:00,1.9,6.2,475,99.9,11.5,0,0.88,66,0,1
12/25/24 0:00,1.9,6.2,473,99.9,11.5,0,0.88,68,0,1
12/25/24 1:00,1.9,6.2,476,99.9,11.7,0,0.86,67,0,1
12/25/24 2:00,1.9,6.2,476,99.9,11.7,0,0.86,68,0,1
12/25/24 3:00,1.9,6.2,475,99.9,11.7,0,0.86,68,0,1
12/25/24 4:00,1.9,6.2,474,99.9,11.7,0,0.86,67,0,1
12/25/24 5:00,1.9,6.2,474,99.9,11.8,0,0.86,66,0,1
12/25/24 6:00,1.9,6.2,474,99.9,11.7,0,0.54,69,0,1
12/25/24 7:00,1.9,6.2,479,99.9,11.1,0,0.04,68,0,1
12/25/24 8:00,1.9,6.2,479,99.9,11.1,0,0.04,69,0,1
12/25/24 9:00,1.9,6.2,479,99.9,11.1,0,0.06,69,0,1
12/25/24 10:00,0.9,6.2,478,99.9,11.1,0,0.06,67,0,1
12/25/24 11:00,0.9,6.2,477,96.9,11.1,0,0.06,65,0,1
12/25/24 12:00,0.7,6.2,476,98,11.1,0,0.06,68,0,1
12/25/24 13:00,0.7,6.2,485,99.9,10.5,0,-0.39,68,0,1
12/25/24 14:00,0.7,6.1,485,99.9,10.5,0,-0.39,67,0,1
12/25/24 15:00,0.7,6.1,485,99.9,10.5,0,-0.39,69,0,1
12/25/24 16:00,0.7,6.1,483,99.9,10.5,0,-0.39,69,0,1
12/25/24 17:00,0.7,6.1,482,99.9,10.5,0,-0.39,69,0,1
12/25/24 18:00,0.7,6.2,492,99.9,10.3,0,-0.91,67,0,1
12/25/24 19:00,0.7,6.2,490,99.9,10.3,0,-0.91,66,0,1
12/25/24 20:00,0.7,6.2,490,99.9,10.4,0,-0.91,65,0,1
12/25/24 21:00,0.7,6.3,488,99.9,10.3,0,-0.91,68,0,1
12/25/24 22:00,0.7,6.3,487,99.9,10.3,0,-0.91,64,0,1
12/25/24 23:00,0.7,6.3,489,99.9,10.3,0,-0.91,66,0,1
12/26/24 0:00,0.7,6.3,492,99.9,10.4,8,-0.03,66,0,1
12/26/24 1:00,0.7,6.3,491,99.9,10.4,8,-0.03,64,0,1
12/26/24 2:00,0.7,6.3,488,99.9,10.3,7,-0.17,69,0,1
12/26/24 3:00,0.7,6.3,488,99.9,10.4,8,-0.17,67,0,1
12/26/24 4:00,0.7,6.3,486,99.9,10.3,7,-0.17,69,0,1
12/26/24 5:00,0.7,6.3,485,99.9,10.3,7,-0.17,71,0,1
12/26/24 6:00,0.7,6.3,493,99.9,12.3,57,1.54,67,0,1
12/26/24 7:00,0.7,6.3,493,99.9,12.3,57,1.54,65,0,1
12/26/24 8:00,0.7,6.3,493,99.9,12.3,59,1.54,67,0,1
12/26/24 9:00,0.8,6.3,493,99.9,12.3,63,1.54,65,0,1
12/26/24 10:00,4.2,6,493,99.3,12.3,64,1.54,64,0,1
12/26/24 11:00,4.3,6.1,492,99.2,12.3,65,1.42,68,0,1
12/26/24 12:00,0.9,6.3,482,97.7,17.3,130,4,199,0,1
12/26/24 13:00,0.9,6.2,483,97.5,17.3,130,4,196,0,1
12/26/24 14:00,0.7,6.2,483,98.3,17.3,134,4,195,0,1
12/26/24 15:00,0.7,6.2,484,97.7,17.3,136,3.94,196,0,1
12/26/24 16:00,0.7,6.2,484,97.2,17.4,138,3.94,195,0,1
12/26/24 17:00,0.7,6.2,484,97.4,17.4,137,3.94,196,0,1
12/26/24 18:00,0.7,6.2,469,97,19.5,199,6.14,27,0,1
12/26/24 19:00,0.7,6.3,469,97.7,19.5,199,6.14,28,0,1
12/26/24 20:00,0.7,6.3,469,97.8,19.5,196,6,27,0,1
12/26/24 21:00,0.7,6.3,468,98.6,19.5,197,6,26,0,1
12/26/24 22:00,0.7,6.3,468,98.7,19.5,201,6,28,0,1
12/26/24 23:00,0.7,6.3,468,98.4,19.5,228,6,27,0,1
12/27/24 0:00,1.4,6.5,454,99.9,22.2,343,6.24,72,0.5,1
12/27/24 1:00,1.4,6.6,453,99.9,22.2,343,6.24,72,0.5,1
12/27/24 2:00,1.4,6.6,452,99.4,22.2,341,6.24,74,1,1
12/27/24 3:00,1.4,6.5,452,99.5,22.2,341,6.24,73,0,1
12/27/24 4:00,1.4,6.6,452,99.9,22.1,341,6.24,70,0,1
12/27/24 5:00,1.4,6.6,452,99.9,22.2,342,6.24,73,0,1
12/27/24 6:00,1.4,6.6,453,99.9,22.5,137,6.48,332,2.6,1
12/27/24 7:00,1.4,6.6,454,99.9,22.5,133,6.48,360,1.5,1
12/27/24 8:00,1.4,6.6,454,99.9,22.5,133,6.48,360,1,1
12/27/24 9:00,1.4,6.6,455,99.9,22.5,131,6.4,30,0.5,1
12/27/24 10:00,1.1,6.6,454,99.9,22.4,127,6.4,30,0.5,1
12/27/24 11:00,1.1,6.6,438,99.9,18.9,58,6.48,251,1,1
12/27/24 12:00,2,6.5,436,99.9,18.8,58,6.48,250,0.5,1
12/27/24 13:00,2.1,6.5,436,99.9,18.8,59,6.44,178,1.5,1
12/27/24 14:00,1.3,6.5,436,99.9,18.8,62,6.44,178,1.5,1
12/27/24 15:00,1.3,6.5,436,99.9,18.8,62,6.44,206,1.5,1
12/27/24 16:00,1.3,6.5,436,99.9,18.7,60,6.44,352,1.5,1
12/27/24 17:00,1.3,6.5,419,97.7,19.8,214,7.78,345,1,1
12/27/24 18:00,1.3,6.5,419,99.9,19.8,198,7.78,344,0.5,1
12/27/24 19:00,1.4,6.5,419,99.9,19.8,184,7.78,344,0.5,1
12/27/24 20:00,1.3,6.5,420,99.8,19.9,184,7.78,347,1,1
12/27/24 21:00,1.3,6.5,420,99.8,19.9,173,7.78,345,0.5,1
12/27/24 22:00,1.3,6.5,420,99.5,19.9,162,7.78,348,0,1
12/27/24 23:00,1.3,6.5,415,99.9,18.3,41,7.12,197,3.1,1
12/28/24 0:00,1.3,6.5,415,99.9,18.2,41,7.12,194,1.5,1
12/28/24 1:00,1.3,6.6,414,99.9,18.2,41,7.12,197,1,1
12/28/24 2:00,1.3,6.6,415,99.9,18.3,41,7.12,197,2.1,1
12/28/24 3:00,1.3,6.6,414,99.9,18.3,43,7.12,188,2.1,1
12/28/24 4:00,1.3,6.6,415,99.9,18.3,44,7.1,181,3.6,1
12/28/24 5:00,1.3,6.6,418,99.9,15.9,0,6.94,225,0.5,1
12/28/24 6:00,1.3,6.6,418,99.9,15.9,0,6.94,287,1,1
12/28/24 7:00,1.3,6.6,419,99.9,15.9,0,6.94,212,0.5,1
12/28/24 8:00,1.3,6.6,420,99.9,15.9,0,7,360,1,1
12/28/24 9:00,1.3,6.6,419,99.9,15.8,0,7,360,1,1
12/28/24 10:00,1.1,6.6,417,99.9,15.9,0,7,333,1.5,1
12/28/24 11:00,1.1,6.6,429,99.9,13.2,0,4,330,1,1
12/28/24 12:00,1.7,6.6,429,99.9,13.3,0,4,281,1.5,1
12/28/24 13:00,1.6,6.6,430,99.9,13.2,0,4.36,301,2.1,1
12/28/24 14:00,1.6,6.5,430,99.9,13.2,0,4.36,302,1.5,1
12/28/24 15:00,1.5,6.5,430,99.9,13.3,0,4.36,293,0.5,1
12/28/24 16:00,1.5,6.5,429,99.9,13.3,0,4.36,298,0.5,1
12/28/24 17:00,1.5,6.5,435,99.9,12.9,0,6.02,192,0,1
12/28/24 18:00,1.5,6.5,434,99.9,12.9,0,6.02,186,1.5,1
12/28/24 19:00,1.5,6.6,433,99.9,12.9,0,6.02,187,1.5,1
12/28/24 20:00,1.5,6.6,432,99.9,12.9,0,6.02,197,1,1
12/28/24 21:00,1.5,6.6,431,99.9,12.9,0,6.02,201,0.5,1
12/28/24 22:00,1.5,6.6,437,99.9,12.6,0,4.6,317,1.5,1
12/28/24 23:00,1.5,6.6,438,99.9,12.6,0,4.6,327,2.1,1
12/29/24 0:00,1.5,6.6,438,99.9,12.5,0,4.6,240,1.5,1
12/29/24 1:00,1.5,6.6,438,99.9,12.6,0,4.38,314,2.6,1
12/29/24 2:00,0.9,6.2,438,99.9,12.6,0,4.38,360,1.5,1
12/29/24 3:00,1.5,6.6,439,99.9,12.6,0,4.38,327,3.1,1
12/29/24 4:00,1.5,6.6,440,99.9,12.2,0,5.5,213,0.5,1
12/29/24 5:00,1.5,6.6,440,99.9,12.2,0,5.5,213,1,1
12/29/24 6:00,1.5,6.6,440,99.9,12.2,0,5.5,213,1,1
12/29/24 7:00,1.5,6.6,439,99.9,12.2,0,5.5,219,0.5,1
12/29/24 8:00,1.5,6.6,439,99.9,12.2,0,5.5,225,1,1
12/29/24 9:00,1.5,6.6,439,99.9,12.2,0,5.48,218,0,1
12/29/24 10:00,1.5,6.6,439,99.9,12,0,3.92,326,1,1
12/29/24 11:00,1.3,6.6,438,99.9,12,0,3.92,323,0.5,1
12/29/24 12:00,1.3,6.6,436,99.9,12,0,3.92,318,1,1
12/29/24 13:00,2.2,6.5,438,99.9,12,0,2.78,333,1,1
12/29/24 14:00,1.3,6.6,439,99.9,12,0,2.78,313,1,1
12/29/24 15:00,1.3,6.5,440,99.9,12,0,2.78,321,1,1
12/29/24 16:00,1.8,6.5,445,99.9,11.6,0,3.92,357,0,1
12/29/24 17:00,1.8,6.5,445,99.9,11.6,0,3.92,350,0,1
12/29/24 18:00,1.8,6.5,444,99.9,11.7,0,3.92,354,0,1
12/29/24 19:00,1.8,6.5,442,99.9,11.7,0,3.92,351,0,1
12/29/24 20:00,1.8,6.5,443,99.9,11.7,0,3.92,358,0,1
12/29/24 21:00,1.8,6.5,443,99.9,11.7,0,3.92,360,0,1
12/29/24 22:00,1.8,6.5,447,99.2,11.9,0,3.34,26,0,1
12/29/24 23:00,1.8,6.6,446,99.9,11.9,0,3.34,35,0,1
12/30/24 0:00,1.8,6.6,445,99.4,11.9,0,3.34,30,0,1
12/30/24 1:00,1.8,6.6,444,99.9,11.9,0,3.62,38,0,1
12/30/24 2:00,1.8,6.6,442,99.9,11.9,0,3.62,36,0,1
12/30/24 3:00,1.8,6.6,443,99.9,11.9,0,3.62,30,0,1
12/30/24 4:00,1.8,6.6,448,99.9,11.3,0,4.4,304,0.5,1
12/30/24 5:00,1.8,6.6,448,99.9,11.3,0,4.6,311,1,1
12/30/24 6:00,1.8,6.6,447,99.9,11.4,0,4.6,310,1,1
12/30/24 7:00,1.8,6.6,445,99.9,11.4,0,4.6,305,1,1
12/30/24 8:00,1.8,6.6,445,99.9,11.3,0,4.6,307,1,1
12/30/24 9:00,1.8,6.6,444,99.9,11.3,0,4.6,301,0.5,1
12/30/24 10:00,1.8,6.6,441,99.9,11,0,4.12,330,0.5,1
12/30/24 11:00,1.4,6.5,442,99.9,11,0,4.12,329,1,1
12/30/24 12:00,1.4,6.5,442,99.9,11,0,4.12,327,1,1
12/30/24 13:00,1.4,6.5,442,99.9,11,0,4.12,327,1,1
12/30/24 14:00,2.3,6.5,441,99.9,11,0,4.44,331,0.5,1
12/30/24 15:00,2.3,6.5,441,99.9,11,0,4.44,331,0.5,1
12/30/24 16:00,2.3,6.5,443,99.9,10,0,1.9,22,0,1
12/30/24 17:00,2.3,6.5,443,99.9,10,0,1.9,17,0,1
12/30/24 18:00,2.3,6.5,443,99.9,10,0,2.8,21,0,1
12/30/24 19:00,2.3,6.5,442,99.9,10,0,2.8,19,0,1
12/30/24 20:00,2.3,6.5,442,99.9,10,0,2.8,23,0.5,1
12/30/24 21:00,2.3,6.5,442,99.9,10,0,2.8,21,1,1
12/30/24 22:00,2.3,6.5,442,99.9,9.7,0,1.02,291,0,1
12/30/24 23:00,2.3,6.6,442,99.9,9.6,0,1.02,296,0,1
12/31/24 0:00,2.3,6.6,441,99.9,9.6,0,1.02,294,0,1
12/31/24 1:00,2.3,6.6,441,99.9,9.6,0,1.02,296,0,1
12/31/24 2:00,2.3,6.6,442,99.9,9.7,0,1.02,290,0,1
12/31/24 3:00,2.3,6.6,443,99.9,9.7,0,1.08,289,0,1
12/31/24 4:00,2.3,6.6,443,99.9,9.1,0,-0.05,39,0,1
12/31/24 5:00,2.3,6.6,443,99.9,9.1,0,-0.05,28,0,1
12/31/24 6:00,2.3,6.6,442,99.9,9.1,0,-0.01,28,0,1
12/31/24 7:00,2.3,6.6,442,99.9,9.1,0,-0.01,29,0,1
12/31/24 8:00,2.3,6.6,442,99.9,9.1,0,-0.01,39,0,1
12/31/24 9:00,2.3,6.6,446,99.9,9.1,0,-0.03,37,0,1
12/31/24 10:00,2.3,6.6,445,99.9,9.1,0,-0.03,28,0,1
12/31/24 11:00,1.3,6.5,445,99.9,9.1,0,-0.03,34,0,1
12/31/24 12:00,1.3,6.5,444,99.9,9.1,0,-0.03,34,0,1
12/31/24 13:00,0.7,6.5,443,99.9,9,0,-0.03,28,0,1
12/31/24 14:00,0.7,6.5,442,99.9,9,0,-0.03,35,0,1
12/31/24 15:00,0.7,6.4,449,99.9,8.6,0,-1.19,32,0,1
12/31/24 16:00,0.7,6.4,449,99.9,8.6,0,-1.19,35,0,1
12/31/24 17:00,0.7,6.4,449,99.9,8.6,0,-1.19,36,0,1
12/31/24 18:00,0.7,6.4,449,99.9,8.6,0,-1.39,38,0,1
12/31/24 19:00,0.7,6.4,448,99.9,8.6,0,-1.39,32,0,1
12/31/24 20:00,0.7,6.5,448,99.9,8.6,0,-1.39,30,0,1
12/31/24 21:00,0.7,6.5,449,99.9,9.2,23,-0.69,30,0,1
12/31/24 22:00,0.7,6.5,448,99.9,9.2,24,-0.59,26,0,1
12/31/24 23:00,0.7,6.5,448,99.9,9.2,24,-0.59,35,0,1
1/1/25 0:00,0.7,6.5,452,99.9,7.8,0,-2.93,62,0,1
1/1/25 1:00,0.7,6.5,452,99.9,7.8,0,-2.93,64,0,1
1/1/25 2:00,0.8,6.5,453,99.9,7.8,0,-2.97,67,0,1
1/1/25 3:00,0.8,6.5,454,99.9,7.9,0,-2.97,68,0,1
1/1/25 4:00,0.8,6.6,454,99.9,7.9,0,-2.97,69,0,1
1/1/25 5:00,0.8,6.6,453,99.9,7.9,0,-2.97,66,0,1
1/1/25 6:00,0.7,6.6,459,99.9,7.5,0,-3.41,70,0,1
1/1/25 7:00,0.8,6.6,459,99.9,7.6,0,-3.41,66,0,1
1/1/25 8:00,0.8,6.6,459,99.9,7.6,0,-3.41,66,0,1
1/1/25 9:00,0.8,6.5,460,99.9,7.5,0,-3.41,63,0,1
1/1/25 10:00,0.7,6.6,460,99.9,7.5,0,-3.41,66,0,1
1/1/25 11:00,4.3,6.4,460,99.9,7.5,0,-3.31,61,0,1
1/1/25 12:00,4.3,6.4,456,99.9,7.3,0,-2.63,64,0,1
1/1/25 13:00,0.8,6.5,456,99.9,7.3,0,-2.63,68,0,1
1/1/25 14:00,0.7,6.5,457,99.9,7.3,0,-2.63,69,0,1
1/1/25 15:00,0.7,6.5,458,99.9,7.3,0,-2.75,65,0,1
1/1/25 16:00,0.7,6.4,458,99.9,7.2,0,-2.75,64,0,1
1/1/25 17:00,0.7,6.4,460,99.9,7.3,0,-2.75,69,0,1
1/1/25 18:00,0.7,6.4,464,99.9,7.6,0,-3.13,67,0,1
1/1/25 19:00,0.7,6.4,465,99.9,7.6,0,-2.87,64,0,1
1/1/25 20:00,0.7,6.5,465,99.9,7.6,0,-2.87,65,0,1
1/1/25 21:00,0.7,6.4,465,99.9,7.6,0,-2.87,64,0,1
1/1/25 22:00,0.7,6.5,465,99.9,7.6,0,-2.87,69,0,1
1/1/25 23:00,0.7,6.5,466,99.9,7.6,0,-2.87,67,0,1
1/2/25 0:00,0.7,6.5,468,99.9,7.6,0,-3.33,66,0,1
1/2/25 1:00,0.7,6.5,468,99.9,7.6,0,-3.33,66,0,1
1/2/25 2:00,0.7,6.5,467,99.9,7.6,0,-3.33,65,0,1
1/2/25 3:00,0.7,6.5,467,99.9,7.6,0,-3.33,66,0,1
1/2/25 4:00,0.7,6.5,467,99.9,7.6,0,-3.33,68,0,1
1/2/25 5:00,0.7,6.5,474,99.9,7.3,0,-1.71,187,0,1
1/2/25 6:00,0.8,6.5,473,99.9,7.3,0,-1.71,183,0,1
1/2/25 7:00,0.8,6.5,474,99.9,7.3,0,-1.71,184,0,1
1/2/25 8:00,0.8,6.5,473,99.9,7.3,0,-1.71,183,0,1
1/2/25 9:00,0.8,6.6,471,99.9,7.3,0,-1.87,183,0,1
1/2/25 10:00,0.8,6.6,469,99.9,7.3,0,-1.87,184,0,1
1/2/25 11:00,4.3,6.4,470,99.9,7.7,0,-0.81,98,0,1
1/2/25 12:00,4.3,6.4,470,99.9,7.7,0,-1.15,98,0,1
1/2/25 13:00,0.8,6.5,468,99.9,7.7,0,-1.15,100,1,1
1/2/25 14:00,0.7,6.5,468,99.9,7.7,0,-1.15,102,0.5,1
1/2/25 15:00,0.7,6.4,467,99.9,7.6,0,-1.15,100,0.5,1
1/2/25 16:00,0.7,6.4,468,99.9,7.6,0,-1.15,95,0,1
1/2/25 17:00,0.7,6.4,461,99.9,7.3,0,-0.89,105,0,1
1/2/25 18:00,0.7,6.4,461,99.9,7.3,0,-0.89,104,0.5,1
1/2/25 19:00,0.7,6.5,460,99.9,7.4,0,-0.89,105,0,1
1/2/25 20:00,0.7,6.5,461,99.9,7.3,0,-0.89,106,0.5,1
1/2/25 21:00,0.7,6.5,460,99.9,7.3,0,-1.01,110,0,1
1/2/25 22:00,0.7,6.5,461,99.9,7.3,0,-1.01,110,0.5,1
1/2/25 23:00,0.7,6.5,453,99.9,7.5,0,-1.19,95,0,1
1/3/25 0:00,0.7,6.5,454,99.9,7.4,0,-1.19,89,0,1
1/3/25 1:00,0.7,6.5,455,99.9,7.5,0,-1.41,89,0,1
1/3/25 2:00,0.7,6.5,454,99.9,7.5,0,-1.41,94,0,1
1/3/25 3:00,0.7,6.5,456,99.9,7.5,0,-1.41,95,0,1
1/3/25 4:00,0.8,6.5,445,99.9,9.1,44,-0.39,105,0,1
1/3/25 5:00,0.8,6.6,446,99.9,9.1,44,-0.37,101,0,1
1/3/25 6:00,0.8,6.5,446,99.9,9.1,43,-0.37,101,0,1
1/3/25 7:00,0.8,6.6,446,99.9,9.1,43,-0.37,103,0,1
1/3/25 8:00,0.8,6.6,447,99.9,9.1,43,-0.37,103,0,1
1/3/25 9:00,0.8,6.6,448,99.9,9.1,43,-0.37,106,0,1
1/3/25 10:00,0.8,6.6,424,96.8,15.2,164,2.04,93,2.1,1
1/3/25 11:00,4.3,6.4,424,96.4,15.2,164,2.04,89,2.1,1
1/3/25 12:00,4.2,6.4,425,96,15.2,165,2.04,88,1.5,1
1/3/25 13:00,0.8,6.5,426,96.4,15.3,171,2.04,85,1.5,1
1/3/25 14:00,0.7,6.5,427,94.7,15.3,171,2.04,113,1.5,1
1/3/25 15:00,0.7,6.4,426,94.6,15.3,171,1.7,150,1,1
1/3/25 16:00,0.7,6.5,408,95.9,21.4,268,3.96,100,1,1
1/3/25 17:00,0.7,6.5,409,96.6,21.4,269,3.96,104,1.5,1
1/3/25 18:00,0.7,6.5,410,96.7,21.4,268,3.96,105,1.5,1
1/3/25 19:00,0.7,6.5,410,96.9,21.4,268,3.96,103,1.5,1
1/3/25 20:00,0.7,6.5,410,97.1,21.5,268,3.98,100,1,1
1/3/25 21:00,0.7,6.5,411,98.4,21.5,269,3.98,101,1,1
1/3/25 22:00,0.7,6.5,410,98.5,25.4,327,6.62,206,0,1
1/3/25 23:00,0.7,6.5,411,98.5,25.4,328,6.62,200,0.5,1
1/4/25 0:00,0.8,6.5,411,98.7,25.4,328,6.86,202,1,1
1/4/25 1:00,0.8,6.5,411,98.5,25.4,326,6.86,202,0.5,1
1/4/25 2:00,0.8,6.5,411,99.2,25.4,326,6.86,198,1,1
1/4/25 3:00,0.8,6.5,411,99.1,25.4,326,6.86,200,1,1
1/4/25 4:00,0.8,6.5,409,98.9,27.6,309,7.42,192,2.1,1
1/4/25 5:00,0.8,6.6,409,99.1,27.6,309,7.42,195,1.5,1
1/4/25 6:00,0.8,6.6,409,99.7,27.6,308,7.42,194,2.1,1
1/4/25 7:00,0.8,6.6,408,99.6,27.6,306,7.42,199,1.5,1
1/4/25 8:00,0.8,6.6,409,98.6,27.6,306,7.42,196,2.1,1
1/4/25 9:00,0.7,6.6,408,99.4,27.6,305,7.68,196,1.5,1
1/4/25 10:00,0.7,6.6,407,99.9,27.7,261,8.12,348,2.6,1
1/4/25 11:00,4.2,6.4,407,99.9,27.7,259,8.12,318,2.6,1
1/4/25 12:00,4.3,6.4,406,99.9,27.7,256,8.12,304,2.1,1
1/4/25 13:00,0.8,6.5,406,99.9,27.7,252,8,294,2.1,1
1/4/25 14:00,0.7,6.5,407,99.9,27.6,252,8,270,2.1,1
1/4/25 15:00,0.7,6.4,412,99.9,27.3,178,8.48,206,2.1,1
1/4/25 16:00,0.7,6.5,412,99.9,27.3,178,8.48,189,2.6,1
1/4/25 17:00,0.7,6.5,412,99.9,27.3,178,8.48,189,2.6,1
1/4/25 18:00,0.7,6.5,413,99.9,27.4,177,8.48,289,1,1
1/4/25 19:00,0.7,6.5,413,99.9,27.3,178,8.48,332,1.5,1
1/4/25 20:00,0.7,6.5,416,99.9,25,50,8.48,225,1.5,1
1/4/25 21:00,0.7,6.5,415,99.9,25,47,8.48,250,2.6,1
1/4/25 22:00,0.7,6.5,414,99.9,25,48,8.48,268,1,1
1/4/25 23:00,0.7,6.5,413,99.9,25,46,8.48,223,3.6,1
1/5/25 0:00,0.8,6.5,413,99.9,25,47,8.44,213,3.6,1
1/5/25 1:00,0.8,6.5,412,99.9,25,47,8.44,264,2.6,1
1/5/25 2:00,0.8,6.5,405,99.9,19.1,1,7.5,280,1,1
1/5/25 3:00,0.8,6.5,405,99.9,19.1,1,7.58,280,0.5,1
1/5/25 4:00,0.8,6.5,404,99.9,19.1,1,7.58,281,0.5,1
1/5/25 5:00,0.8,6.6,405,99.9,19.1,1,7.58,282,1,1
1/5/25 6:00,0.7,6.5,405,99.9,19,1,7.58,281,0.5,1
1/5/25 7:00,0.8,6.5,406,99.9,19,1,7.58,281,0.5,1
1/5/25 8:00,0.8,6.5,416,99.9,14.5,0,6.48,295,0.5,1
1/5/25 9:00,0.8,6.5,415,99.9,14.4,0,6.48,291,0.5,1
1/5/25 10:00,0.8,6.5,415,99.9,14.4,0,6.48,293,0.5,1
1/5/25 11:00,4.3,6.4,416,99.9,14.4,0,6.48,293,0,1
1/5/25 12:00,4.3,6.4,416,99.9,14.4,0,6.48,297,0,1
1/5/25 13:00,4.2,6.4,414,99.9,14.4,0,6.32,291,0,1
1/5/25 14:00,0.8,6.5,429,99.9,12.6,0,5.66,288,1,1
1/5/25 15:00,0.8,6.5,429,99.9,12.6,0,5.66,285,0.5,1
1/5/25 16:00,0.8,6.5,431,99.9,12.6,0,5.66,288,0.5,1
1/5/25 17:00,0.8,6.5,430,99.9,12.6,0,5.3,287,0.5,1
1/5/25 18:00,0.8,6.5,430,99.9,12.6,0,5.3,288,0,1
1/5/25 19:00,0.8,6.5,429,99.9,12.6,0,5.3,291,0,1
1/5/25 20:00,0.8,6.5,437,99.9,11.5,0,3.02,43,1,1
1/5/25 21:00,0.8,6.5,438,99.9,11.5,0,2.76,44,0.5,1
1/5/25 22:00,0.8,6.5,438,99.9,11.5,0,2.76,46,1,1
1/5/25 23:00,0.8,6.5,438,99.9,11.5,0,2.76,45,0.5,1
1/6/25 0:00,0.8,6.5,440,99.9,11.5,0,2.76,46,0.5,1
1/6/25 1:00,0.8,6.5,439,99.9,11.4,0,2.76,45,0.5,1
1/6/25 2:00,0.8,6.5,447,99.9,10.6,0,2.1,46,0,1
1/6/25 3:00,0.8,6.5,446,99.9,10.6,0,2.1,46,0,1
1/6/25 4:00,0.8,6.5,447,99.9,10.6,0,2.1,45,0,1
1/6/25 5:00,0.8,6.5,449,99.9,10.6,0,2.1,48,0,1
1/6/25 6:00,0.8,6.5,449,99.9,10.6,0,2.26,48,0,1
1/6/25 7:00,0.8,6.5,447,99.9,10.6,0,2.26,46,0,1
1/6/25 8:00,0.8,6.5,456,99.9,10.4,0,1.14,46,0,1
1/6/25 9:00,0.8,6.5,457,99.9,10.4,0,1.14,46,0,1
1/6/25 10:00,0.8,6.5,458,99.9,10.4,0,1.14,47,0,1
1/6/25 11:00,4.3,6.4,458,99.9,10.4,0,1.14,46,0,1
1/6/25 12:00,4.3,6.4,457,99.9,10.4,0,1.14,46,0,1
1/6/25 13:00,4.3,6.4,458,99.9,10.5,0,1.14,45,0,1
1/6/25 14:00,0.8,6.5,459,99.9,10,0,1.38,47,0,1
1/6/25 15:00,0.8,6.5,459,99.9,10,0,1.38,48,0,1
1/6/25 16:00,0.7,6.5,459,99.9,9.9,0,1.38,49,0,1
1/6/25 17:00,0.7,6.5,460,99.9,9.9,0,1.38,48,0,1
1/6/25 18:00,0.8,6.5,461,99.9,9.9,0,1.54,47,0,1
1/6/25 19:00,0.7,6.5,462,99.9,9.9,0,1.54,46,0,1
1/6/25 20:00,0.7,6.5,466,99.9,9.3,0,0.46,50,0,1
1/6/25 21:00,0.7,6.5,467,99.9,9.3,0,0.46,48,0,1
1/6/25 22:00,0.7,6.5,468,99.9,9.4,0,0.56,45,0,1
1/6/25 23:00,0.8,6.5,468,99.9,9.3,0,0.56,49,0,1
1/7/25 0:00,0.8,6.5,467,99.9,9.3,0,0.56,48,0,1
1/7/25 1:00,0.8,6.6,467,99.9,9.4,0,0.56,49,0,1
1/7/25 2:00,0.8,6.5,470,99.9,8.8,0,-0.33,48,0,1
1/7/25 3:00,0.8,6.6,472,99.9,8.8,0,-0.33,49,0,1
1/7/25 4:00,0.8,6.6,472,99.9,8.8,0,-0.33,51,0,1
1/7/25 5:00,0.8,6.6,473,99.9,8.7,0,-0.33,48,0,1
1/7/25 6:00,0.7,6.6,472,99.9,8.7,0,-0.33,47,0,1
1/7/25 7:00,0.8,6.6,473,99.9,8.3,0,-0.79,49,0,1
1/7/25 8:00,0.7,6.6,473,99.9,8.3,0,-0.79,50,0,1
1/7/25 9:00,0.8,6.6,473,99.9,8.3,0,-0.79,48,0,1
1/7/25 10:00,0.8,6.6,474,99.9,8.3,0,-0.79,51,0,1
1/7/25 11:00,4.2,6.4,476,99.9,8.3,0,-1.23,49,0,1
1/7/25 12:00,4.3,6.4,475,98,8.3,0,-1.23,49,0,1
1/7/25 13:00,0.8,6.5,474,99.9,8,0,-1.13,48,0,1
1/7/25 14:00,0.7,6.5,474,99.9,7.9,0,-1.13,54,0,1
1/7/25 15:00,0.7,6.5,473,99.9,7.9,0,-1.43,49,0,1
1/7/25 16:00,0.7,6.5,474,99.9,7.9,0,-1.43,49,0,1
1/7/25 17:00,0.7,6.5,474,99.9,7.9,0,-1.43,48,0,1
1/7/25 18:00,0.7,6.5,475,99.9,7.5,0,-1.59,49,0,1
1/7/25 19:00,0.7,6.5,474,99.9,7.5,0,-1.69,46,0,1
1/7/25 20:00,0.8,6.5,475,99.9,7.5,0,-1.69,48,0,1
1/7/25 21:00,0.8,6.5,474,99.9,7.5,0,-1.69,48,0,1
1/7/25 22:00,0.8,6.5,473,99.9,7.5,0,-1.69,47,0,1
1/7/25 23:00,0.8,6.5,475,99.9,7.2,0,-1.73,53,0,1
1/8/25 0:00,0.8,6.5,475,99.9,7.2,0,-1.73,51,0,1
1/8/25 1:00,0.8,6.5,476,99.9,7.2,0,-1.73,51,0,1
1/8/25 2:00,0.8,6.5,477,99.9,7.1,0,-1.73,51,0,1
1/8/25 3:00,0.8,6.5,477,99.9,7.2,0,-1.73,52,0,1
1/8/25 4:00,0.8,6.6,477,99.9,7.1,0,-1.97,50,0,1
1/8/25 5:00,0.8,6.6,474,99.9,7,0,-2.83,52,0,1
1/8/25 6:00,0.8,6.6,474,99.9,7,0,-2.83,52,0,1
1/8/25 7:00,0.8,6.6,474,99.9,7,0,-2.83,54,0,1
1/8/25 8:00,0.8,6.6,474,99.9,7,0,-2.69,49,0,1
1/8/25 9:00,0.8,6.6,473,99.9,7,0,-2.69,51,0,1
1/8/25 10:00,0.8,6.6,477,99.9,6.8,0,-2.77,53,0,1
1/8/25 11:00,4.3,6.4,479,99.9,6.8,0,-2.77,52,0,1
1/8/25 12:00,4.3,6.4,479,99.9,6.8,0,-2.77,52,0,1
1/8/25 13:00,0.8,6.6,480,99.9,6.8,0,-2.77,52,0,1
1/8/25 14:00,0.8,6.5,481,99.9,6.8,0,-2.77,55,0,1
1/8/25 15:00,0.7,6.5,481,99.9,6.8,0,-2.77,55,0,1
1/8/25 16:00,0.7,6.5,480,99.9,6.6,0,-2.43,53,0,1
1/8/25 17:00,0.7,6.5,480,99.9,6.6,0,-2.43,51,0,1
1/8/25 18:00,0.7,6.5,480,99.9,6.6,0,-2.43,52,0,1
1/8/25 19:00,0.7,6.5,480,99.9,6.6,0,-2.43,49,0,1
1/8/25 20:00,0.8,6.5,484,99.9,6.6,0,-2.43,51,0,1
1/8/25 21:00,0.8,6.5,482,99.9,6.6,0,-2.43,51,0,1
1/8/25 22:00,0.8,6.5,478,99.9,9.1,90,-1.77,51,0,1
1/8/25 23:00,0.8,6.6,477,99.9,9.1,90,-1.77,50,0,1
1/9/25 0:00,0.8,6.5,477,99.9,9.1,92,-1.77,50,0,1
1/9/25 1:00,0.8,6.6,476,99.9,9.1,91,-1.77,52,0,1
1/9/25 2:00,0.8,6.6,477,99.9,9.1,89,-1.71,51,0,1
1/9/25 3:00,0.8,6.6,478,99.9,9.1,89,-1.71,52,0,1
1/9/25 4:00,0.8,6.6,860,99.9,18,165,1.14,49,0,1
1/9/25 5:00,0.7,6.6,877,99.9,18,165,1.14,50,0,1
1/9/25 6:00,0.7,6.6,880,99.9,18,165,1.14,50,0,1
1/9/25 7:00,0.7,6.6,872,99.9,18,168,1.4,53,0,1
1/9/25 8:00,0.7,6.7,856,99.9,18,168,1.4,51,0,1
1/9/25 9:00,0.7,6.6,841,99.9,18,168,1.4,52,0,1
1/9/25 10:00,0.7,6.6,675,98.7,20.8,278,1.78,214,1.5,1
1/9/25 11:00,4.2,6.5,676,99.4,20.7,278,1.86,216,1,1
1/9/25 12:00,4.3,6.5,676,99.2,20.8,277,1.86,215,1,1
1/9/25 13:00,0.8,6.6,674,99.2,20.9,276,1.86,215,1.5,1
1/9/25 14:00,0.8,6.6,674,98.5,20.9,276,1.86,216,1.5,1
1/9/25 15:00,0.8,6.6,673,98.5,21,277,1.86,215,1,1
1/9/25 16:00,0.8,6.6,529,98.6,25,336,3.66,36,0,1
1/9/25 17:00,0.8,6.6,529,98.6,25.1,334,3.66,36,0,1
1/9/25 18:00,0.8,6.6,527,98.6,25.1,333,3.66,36,0,1
1/9/25 19:00,0.7,6.6,526,98.4,25.1,332,3.8,36,0,1
1/9/25 20:00,0.7,6.6,525,98.3,25.1,332,3.8,32,0.5,1
1/9/25 21:00,0.7,6.7,451,99.9,22.7,326,4.14,273,2.1,1
1/9/25 22:00,0.7,6.7,451,99.9,22.7,327,4.14,327,2.6,1
1/9/25 23:00,0.7,6.7,450,99.9,22.7,325,3.8,309,2.6,1
1/10/25 0:00,0.7,6.7,450,99.9,22.7,324,3.8,309,1.5,1
1/10/25 1:00,0.7,6.7,450,99.9,22.7,325,3.8,285,3.1,1
1/10/25 2:00,0.7,6.7,449,99.9,22.6,325,3.8,330,2.1,1
1/10/25 3:00,0.7,6.7,427,97.9,22,258,5.68,321,1.5,1
1/10/25 4:00,0.7,6.7,426,98.2,22.1,256,5.68,260,2.1,1
1/10/25 5:00,0.7,6.7,424,98.1,22.1,257,5.68,315,1,1
1/10/25 6:00,0.7,6.7,424,97.2,22.1,258,5.68,360,2.1,1
1/10/25 7:00,0.7,6.7,423,96.7,22.2,258,5.74,360,2.1,1
1/10/25 8:00,0.7,6.7,432,99.9,23.6,159,5.34,319,1.5,1
1/10/25 9:00,0.7,6.7,431,99.9,23.7,159,5.34,317,1,1
1/10/25 10:00,0.7,6.7,432,99.9,23.7,158,5.34,282,3.1,1
1/10/25 11:00,4.3,6.5,433,99.9,23.7,157,5.34,283,2.1,1
1/10/25 12:00,4.3,6.5,432,99.9,23.7,159,5.2,284,1,1
1/10/25 13:00,0.8,6.6,432,99.9,23.7,159,5.2,283,1.5,1
1/10/25 14:00,0.7,6.6,436,99.9,22.6,43,4.9,282,1.5,1
1/10/25 15:00,0.8,6.6,436,99.9,22.6,43,4.82,317,2.1,1
1/10/25 16:00,0.8,6.6,436,99.9,22.6,44,4.82,323,1.5,1
1/10/25 17:00,0.8,6.6,437,99.9,22.6,47,4.82,309,2.1,1
1/10/25 18:00,0.8,6.6,438,99.9,22.6,45,4.82,257,2.1,1
1/10/25 19:00,0.8,6.5,438,99.9,22.6,45,4.82,200,1.5,1
1/10/25 20:00,0.8,6.6,437,99.9,20.3,0,4.24,187,1.5,1
1/10/25 21:00,0.8,6.6,436,99.9,20.3,0,4.24,183,1.5,1
1/10/25 22:00,0.8,6.6,436,99.9,20.3,0,4.24,183,1,1
1/10/25 23:00,0.8,6.6,435,99.9,20.3,0,4.24,183,0.5,1
1/11/25 0:00,0.8,6.6,435,99.9,20.3,0,4.24,273,1,1
1/11/25 1:00,0.8,6.6,435,99.9,20.3,0,3.94,272,1,1
1/11/25 2:00,0.8,6.6,433,99.9,16,0,2.74,279,1,1
1/11/25 3:00,0.8,6.6,433,99.9,16,0,2.74,279,1,1
1/11/25 4:00,0.8,6.6,434,99.9,16,0,2.74,279,1,1
1/11/25 5:00,0.8,6.6,434,99.9,16,0,2.84,278,1,1
1/11/25 6:00,0.8,6.6,435,99.9,16,0,2.84,279,1,1
1/11/25 7:00,0.8,6.6,435,99.9,16,0,2.84,282,0.5,1
1/11/25 8:00,0.8,6.6,440,99.9,14.1,0,1.94,289,0,1
1/11/25 9:00,0.8,6.6,439,99.9,14.1,0,1.94,292,0,1
1/11/25 10:00,0.8,6.6,437,99.9,14.1,0,1.84,294,0,1
1/11/25 11:00,4.3,6.5,437,99.9,14.1,0,1.84,291,0,1
1/11/25 12:00,0.9,6.8,439,99.9,14.1,0,1.84,292,0,1
1/11/25 13:00,1.9,6.6,440,99.9,14.1,0,1.84,293,0,1
1/11/25 14:00,1.1,6.6,447,99.9,13.2,0,-0.05,50,0,1
1/11/25 15:00,0.9,6.6,448,99.9,13.2,0,-0.05,52,0.5,1
1/11/25 16:00,0.9,6.5,449,99.9,13.2,0,-0.05,52,0.5,1
1/11/25 17:00,0.9,6.5,450,99.9,13.2,0,-0.05,52,0.5,1
1/11/25 18:00,0.9,6.5,451,99.9,13.2,0,-0.05,52,1,1
1/11/25 19:00,0.9,6.5,450,99.9,13.2,0,-0.05,47,1,1
1/11/25 20:00,0.9,6.5,457,99.9,12.5,0,-0.61,50,0,1
1/11/25 21:00,0.9,6.5,456,99.9,12.5,0,-0.61,48,0,1
1/11/25 22:00,0.9,6.5,456,99.9,12.5,0,-0.61,50,0,1
1/11/25 23:00,0.9,6.5,456,99.9,12.5,0,-0.77,50,0,1
1/12/25 0:00,0.9,6.5,456,99.9,12.5,0,-0.77,51,0,1
1/12/25 1:00,0.9,6.5,461,99.9,11.9,0,-1.17,50,0,1
1/12/25 2:00,0.9,6.5,461,99.9,11.9,0,-1.17,50,0,1
1/12/25 3:00,0.9,6.5,461,99.9,11.9,0,-1.17,50,0,1
1/12/25 4:00,0.9,6.6,461,99.9,11.9,0,-1.15,52,0,1
1/12/25 5:00,0.9,6.6,460,99.9,12,0,-1.15,47,0,1
1/12/25 6:00,0.8,6.5,459,99.9,12,0,-1.15,48,0,1
1/12/25 7:00,0.8,6.6,460,99.9,11.6,0,-2.15,49,0,1
1/12/25 8:00,0.8,6.5,462,99.9,11.6,0,-2.15,51,0,1
1/12/25 9:00,0.8,6.6,463,99.9,11.5,0,-2.15,51,0,1
1/12/25 10:00,0.8,6.6,462,99.9,11.5,0,-2.15,50,0,1
1/12/25 11:00,4.3,6.5,464,99.9,11.5,0,-2.15,52,0,1
1/12/25 12:00,0.9,6.8,464,99.9,11.5,0,-2.15,49,0,1
1/12/25 13:00,2,6.6,465,99.9,11.3,0,-2.77,46,0,1
1/12/25 14:00,1,6.6,464,99.9,11.4,0,-2.77,48,0,1
1/12/25 15:00,0.8,6.6,464,99.9,11.3,0,-2.77,50,0,1
1/12/25 16:00,0.8,6.5,463,99.9,11.3,0,-2.77,50,0,1
1/12/25 17:00,0.8,6.5,462,99.9,11.3,0,-2.59,53,0,1
1/12/25 18:00,0.8,6.5,462,99.9,11.3,0,-2.59,51,0,1
1/12/25 19:00,0.8,6.5,454,99.9,11.1,0,-0.17,300,3.6,1
1/12/25 20:00,0.8,6.5,454,99.9,11.1,0,-0.19,315,2.6,1
1/12/25 21:00,0.8,6.5,457,99.9,11.2,0,-0.19,308,2.1,1
1/12/25 22:00,0.8,6.5,458,99.9,11.1,0,-0.19,326,1.5,1
1/12/25 23:00,0.9,6.5,460,99.9,11.1,0,-0.19,316,1.5,1
1/13/25 0:00,0.9,6.5,451,99.9,10.8,0,-1.75,219,1.5,1
1/13/25 1:00,0.8,6.5,452,99.9,10.8,0,-1.75,221,2.1,1
1/13/25 2:00,0.8,6.5,453,99.9,10.8,0,-1.75,257,3.1,1
1/13/25 3:00,0.8,6.5,454,99.9,10.8,0,-1.75,291,1.5,1
1/13/25 4:00,0.8,6.5,454,99.9,10.8,0,-1.75,260,1,1
1/13/25 5:00,0.8,6.5,453,99.9,10.8,0,-1.89,278,3.6,1
1/13/25 6:00,0.8,6.6,445,99.9,10.3,0,-2.35,21,3.6,1
1/13/25 7:00,0.8,6.5,446,99.9,10.3,0,-2.35,28,2.6,1
1/13/25 8:00,0.8,6.5,448,99.9,10.3,0,-2.59,22,1.5,1
1/13/25 9:00,0.8,6.5,446,99.9,10.3,0,-2.59,23,1.5,1
1/13/25 10:00,0.8,6.5,444,99.9,10.3,0,-2.59,268,1.5,1
1/13/25 11:00,4.3,6.5,446,99.9,10.3,0,-2.59,267,1,1
1/13/25 12:00,4.3,6.5,447,99.9,10,0,-2.69,291,0,1
1/13/25 13:00,1.9,6.6,445,99.9,10,0,-2.67,292,0,1
1/13/25 14:00,0.9,6.5,446,99.9,10,0,-2.67,292,0,1
1/13/25 15:00,0.9,6.5,445,99.9,10,0,-2.67,294,0,1
1/13/25 16:00,0.8,6.5,444,99.9,9.9,0,-2.67,294,0,1
1/13/25 17:00,0.8,6.5,443,99.9,10,0,-2.67,288,0,1
1/13/25 18:00,0.8,6.5,443,99.9,9.7,0,-3.17,272,1.5,1
1/13/25 19:00,0.8,6.5,444,99.9,9.7,0,-3.17,276,1.5,1
1/13/25 20:00,0.8,6.5,445,99.9,9.7,0,-3.17,272,1,1
1/13/25 21:00,0.8,6.5,445,99.7,9.7,0,-3.17,272,1,1
1/13/25 22:00,0.8,6.5,445,99.9,9.7,0,-3.11,273,1,1
1/13/25 23:00,0.8,6.5,445,99.5,9.7,0,-3.11,275,1.5,1
1/14/25 0:00,0.8,6.5,445,99.9,9.5,0,-4.47,259,0,1
1/14/25 1:00,0.8,6.5,446,99.9,9.4,0,-4.47,264,0,1
1/14/25 2:00,0.8,6.5,447,99.9,9.4,0,-4.63,307,0,1
1/14/25 3:00,0.8,6.5,448,99.9,9.5,0,-4.63,305,0,1
1/14/25 4:00,0.8,6.5,446,99.9,9.5,0,-4.63,313,0,1
1/14/25 5:00,0.8,6.5,445,99.9,9.5,0,-4.63,331,0,1
1/14/25 6:00,0.8,6.5,450,99.9,9,0,-5.11,7,0,1
1/14/25 7:00,0.8,6.5,451,99.9,9,0,-5.11,5,0,1
1/14/25 8:00,0.8,6.5,451,99.9,9,0,-5.11,10,0,1
1/14/25 9:00,0.8,6.5,451,99.9,9,0,-5.11,8,0,1
1/14/25 10:00,0.8,6.5,451,99.9,9,0,-5.11,7,0,1
1/14/25 11:00,4.3,6.4,454,99.9,8.8,0,-4.87,8,0,1
1/14/25 12:00,4.3,6.4,454,99.9,8.8,0,-4.87,8,0,1
1/14/25 13:00,2.1,6.5,454,99.9,8.8,0,-4.87,7,0,1
1/14/25 14:00,1.1,6.5,454,99.9,8.8,0,-4.87,9,0,1
1/14/25 15:00,1.1,6.4,453,99.9,8.8,0,-5.27,9,0,1
1/14/25 16:00,0.9,6.5,453,99.9,8.8,0,-5.27,10,0,1
1/14/25 17:00,0.9,6.4,460,99.9,9.7,39,-3.19,37,0,1
1/14/25 18:00,0.9,6.4,459,99.9,9.7,36,-3.19,39,0,1
1/14/25 19:00,0.9,6.4,459,99.9,9.8,36,-2.93,38,0,1
1/14/25 20:00,0.9,6.4,458,99.9,9.8,36,-2.93,39,0,1
1/14/25 21:00,0.9,6.4,457,99.9,9.8,35,-2.93,40,0,1
1/14/25 22:00,0.9,6.4,457,99.9,9.8,35,-2.93,38,0,1
1/14/25 23:00,0.9,6.4,443,99.9,16.2,173,-1.11,281,2.6,1
1/15/25 0:00,0.9,6.4,443,99.9,16.3,173,-1.11,301,1.5,1
1/15/25 1:00,0.9,6.4,443,99.9,16.3,175,-1.11,304,1.5,1
1/15/25 2:00,0.9,6.4,444,99.9,16.3,176,-1.11,313,1.5,1
1/15/25 3:00,0.9,6.4,444,99.9,16.3,176,-1.11,313,1,1
1/15/25 4:00,0.9,6.4,442,99.9,16.3,176,-1.11,311,1,1
1/15/25 5:00,0.9,6.5,415,95.8,20.6,289,-0.57,277,1.5,1
1/15/25 6:00,0.9,6.5,415,95.4,20.7,289,-0.57,278,1,1
1/15/25 7:00,0.9,6.5,415,95.2,20.7,287,-0.57,277,0.5,1
1/15/25 8:00,0.9,6.5,415,95.2,20.7,287,-0.57,275,0.5,1
1/15/25 9:00,0.9,6.5,416,95.4,20.7,286,-0.75,279,0.5,1
1/15/25 10:00,0.9,6.5,416,95.8,20.7,287,-0.75,277,1,1
1/15/25 11:00,4.3,6.4,420,99.9,19.4,344,0.44,36,1.5,1
1/15/25 12:00,4.3,6.4,420,99.9,19.2,346,0.44,40,1,1
1/15/25 13:00,1.4,6.5,420,99.9,19.2,348,0.44,38,0.5,1
1/15/25 14:00,0.9,6.5,420,99.9,19.2,348,0.78,41,1.5,1
1/15/25 15:00,0.9,6.5,420,99.9,19.2,350,0.78,39,1,1
1/15/25 16:00,0.8,6.5,420,99.9,19.2,352,0.78,290,1.5,1
1/15/25 17:00,0.8,6.4,406,99.9,17.9,338,2.04,281,1.5,1
1/15/25 18:00,0.8,6.5,407,99.9,17.9,339,1.96,282,1.5,1
1/15/25 19:00,0.8,6.4,405,99.9,17.8,342,1.96,294,2.6,1
1/15/25 20:00,0.8,6.5,406,99.9,17.8,344,1.96,302,1.5,1
1/15/25 21:00,0.8,6.5,406,99.9,17.7,345,1.96,309,1.5,1
1/15/25 22:00,0.8,6.5,408,99.9,17.7,345,1.96,303,2.1,1
1/15/25 23:00,0.8,6.5,1061,99.9,25.1,262,2.66,208,1,1
1/16/25 0:00,0.8,6.5,1055,99.9,25.1,257,2.66,275,1.5,1
1/16/25 1:00,0.8,6.5,1050,99.9,25.1,252,2.66,311,1.5,1
1/16/25 2:00,0.8,6.5,1045,99.9,25.1,249,2.66,312,1,1
1/16/25 3:00,0.8,6.5,1042,99.9,25.1,249,2.66,313,0.5,1
1/16/25 4:00,0.8,6.5,1036,99.9,25.1,246,2.66,312,0.5,1
1/16/25 5:00,0.8,6.5,583,99.9,23.3,133,1.82,339,3.1,1
1/16/25 6:00,0.8,6.5,583,99.9,23.3,133,1.82,284,2.6,1
1/16/25 7:00,0.8,6.5,584,99.9,23.2,133,1.82,346,2.6,1
1/16/25 8:00,0.8,6.5,584,99.9,23.2,133,1.88,323,3.1,1
1/16/25 9:00,0.8,6.5,585,99.9,23.2,133,1.88,329,2.1,1
1/16/25 10:00,0.8,6.5,585,99.9,23.2,136,1.88,322,3.6,1
1/16/25 11:00,4.3,6.4,472,99.9,19,79,2.56,171,1.5,1
1/16/25 12:00,4.3,6.4,472,99.9,19,80,2.56,178,1.5,1
1/16/25 13:00,1.8,6.5,470,99.9,19,79,2.4,183,1,1
1/16/25 14:00,1.8,6.5,471,99.9,18.9,78,2.4,294,1,1
1/16/25 15:00,1.1,6.5,472,99.9,18.9,78,2.4,294,1,1
1/16/25 16:00,1.2,6.5,441,99.9,14.5,0,1.16,211,1,1
1/16/25 17:00,1.2,6.5,441,99.9,14.5,0,1.28,208,1,1
1/16/25 18:00,1.2,6.5,441,99.9,14.5,0,1.28,211,0.5,1
1/16/25 19:00,1.2,6.5,441,99.9,14.5,0,1.28,215,0,1
1/16/25 20:00,1.2,6.5,440,99.9,14.5,0,1.28,211,0.5,1
1/16/25 21:00,1.2,6.5,440,99.9,14.5,0,1.28,213,1,1
1/16/25 22:00,1.2,6.5,443,99.9,11.9,0,-0.59,207,2.1,1
1/16/25 23:00,1.2,6.5,442,99.9,11.9,0,-0.59,177,2.6,1
1/17/25 0:00,1.2,6.5,442,99.9,11.8,0,-0.59,214,2.6,1
1/17/25 1:00,1.2,6.5,442,99.9,11.8,0,-0.59,204,2.1,1
1/17/25 2:00,1.2,6.5,442,99.9,11.8,0,-0.59,208,2.1,1
1/17/25 3:00,1.2,6.5,443,99.9,11.8,0,-0.97,211,2.1,1
1/17/25 4:00,1.2,6.5,443,99.9,10.1,0,-1.11,163,0,1
1/17/25 5:00,1.2,6.5,444,99.9,10.1,0,-1.11,163,0,1
1/17/25 6:00,1.2,6.5,444,99.9,10.1,0,-1.15,163,0,1
1/17/25 7:00,1.1,6.5,444,99.9,10.1,0,-1.15,165,0,1
1/17/25 8:00,1.2,6.5,445,99.9,10.1,0,-1.15,165,0,1
1/17/25 9:00,1.2,6.5,445,99.9,10.1,0,-1.15,163,0,1
1/17/25 10:00,1.1,6.5,446,99.9,9.3,0,-1.59,57,1,1
1/17/25 11:00,4.2,6.4,446,99.9,9.3,0,-1.59,57,1,1
1/17/25 12:00,4.3,6.4,447,99.9,9.3,0,-1.59,56,0.5,1
1/17/25 13:00,1.9,6.5,446,99.9,9.3,0,-1.59,58,1,1
1/17/25 14:00,0.9,6.5,446,99.9,9.3,0,-1.59,59,0.5,1
1/17/25 15:00,0.8,6.5,451,97.1,9.3,0,-0.95,55,0,1
1/17/25 16:00,0.8,6.4,451,97.5,9.3,0,-0.95,55,0,1
1/17/25 17:00,0.8,6.4,452,97.3,9.3,0,-0.95,56,0,1
1/17/25 18:00,0.8,6.4,452,98.7,9.3,0,-0.95,58,0,1
1/17/25 19:00,0.8,6.4,452,98.6,9.3,0,-1.11,59,0,1
1/17/25 20:00,0.8,6.4,451,99.9,9.3,0,-1.11,58,0,1
1/17/25 21:00,0.8,6.4,452,99.9,8.8,0,-1.79,58,0,1
1/17/25 22:00,0.8,6.4,453,99.9,8.8,0,-2.03,56,0,1
1/17/25 23:00,0.8,6.4,452,99.9,8.9,0,-2.03,57,0,1
1/18/25 0:00,0.9,6.5,452,99.9,8.9,0,-2.03,55,0,1
1/18/25 1:00,0.8,6.5,452,99.9,8.8,0,-2.03,54,0,1
1/18/25 2:00,0.9,6.5,452,99.9,8.9,0,-2.03,56,0,1
1/18/25 3:00,0.9,6.5,457,99.9,8.8,0,-0.55,275,1.5,1
1/18/25 4:00,0.8,6.5,457,99.9,8.8,0,-0.55,259,1,1
1/18/25 5:00,0.8,6.5,456,99.9,8.8,0,-0.55,258,2.1,1
1/18/25 6:00,0.8,6.5,458,99.9,8.8,0,-0.55,287,1.5,1
1/18/25 7:00,0.8,6.5,459,99.9,8.9,0,-0.55,286,1.5,1
1/18/25 8:00,0.8,6.5,459,99.9,8.9,0,-0.55,289,1.5,1
1/18/25 9:00,0.8,6.5,453,99.9,8.5,0,-0.15,276,0,1
1/18/25 10:00,0.8,6.5,454,99.9,8.4,0,-0.15,248,2.6,1
1/18/25 11:00,4.2,6.4,455,99.9,8.4,0,-0.15,284,1,1
1/18/25 12:00,4.2,6.4,455,99.9,8.5,0,-0.55,286,0.5,1
1/18/25 13:00,1.9,6.5,455,99.9,8.5,0,-0.55,277,2.1,1
1/18/25 14:00,1,6.5,455,99.9,8.5,0,-0.55,275,2.1,1
1/18/25 15:00,0.9,6.5,450,99.9,7.9,0,-0.91,8,2.1,1
1/18/25 16:00,0.9,6.4,451,99.9,7.9,0,-0.91,9,1,1
1/18/25 17:00,0.9,6.4,451,99.9,7.8,0,-0.65,3,1,1
1/18/25 18:00,0.9,6.4,450,99.9,7.8,0,-0.65,284,2.6,1
1/18/25 19:00,0.9,6.4,450,99.9,7.8,0,-0.65,246,1.5,1
1/18/25 20:00,0.9,6.4,442,99.9,7.2,0,-1.33,300,0.5,1
1/18/25 21:00,0.9,6.4,442,99.9,7.2,0,-1.43,300,0.5,1
1/18/25 22:00,0.8,6.4,443,99.9,7.2,0,-1.43,298,0.5,1
1/18/25 23:00,0.9,6.4,444,99.9,7.2,0,-1.43,301,1,1
1/19/25 0:00,0.9,6.4,444,99.9,7.1,0,-1.43,299,1,1
1/19/25 1:00,0.9,6.4,441,99.9,6.8,0,-1.73,300,0.5,1
1/19/25 2:00,0.9,6.4,440,99.9,6.8,0,-1.73,301,0.5,1
1/19/25 3:00,0.9,6.5,439,99.9,6.8,0,-1.73,302,1,1
1/19/25 4:00,0.9,6.5,437,99.9,6.8,0,-1.73,299,0.5,1
1/19/25 5:00,0.9,6.5,437,99.9,6.9,0,-1.73,299,0.5,1
1/19/25 6:00,0.9,6.5,437,99.9,6.8,0,-1.63,299,0,1
1/19/25 7:00,0.9,6.5,443,99.9,6.5,0,-2.69,270,0.5,1
1/19/25 8:00,0.9,6.5,443,99.9,6.6,0,-2.69,270,0.5,1
1/19/25 9:00,0.8,6.5,444,99.9,6.5,0,-2.49,274,0.5,1
1/19/25 10:00,0.8,6.5,445,99.9,6.6,0,-2.49,272,0.5,1
1/19/25 11:00,4.3,6.4,445,99.9,6.5,0,-2.49,273,0.5,1
1/19/25 12:00,4.3,6.4,439,99.9,6.2,0,-3.01,272,1,1
1/19/25 13:00,1.8,6.5,439,99.9,6.3,0,-3.01,271,0.5,1
1/19/25 14:00,1,6.5,440,99.9,6.3,0,-3.01,271,1,1
1/19/25 15:00,0.9,6.5,440,99.9,6.2,0,-3.01,266,1,1
1/19/25 16:00,0.9,6.4,440,99.9,6.2,0,-3.01,269,0.5,1
1/19/25 17:00,0.9,6.4,441,99.9,6.2,0,-3.11,268,0.5,1
1/19/25 18:00,0.9,6.4,439,99.9,5.8,0,-4.63,285,1,1
1/19/25 19:00,0.9,6.4,439,99.9,5.8,0,-4.63,209,0.5,1
1/19/25 20:00,0.9,6.4,439,99.9,5.8,0,-4.63,297,0.5,1
1/19/25 21:00,0.9,6.4,439,99.9,5.8,0,-4.71,210,0.5,1
1/19/25 22:00,0.9,6.4,438,99.2,5.8,0,-4.71,208,0.5,1
1/19/25 23:00,0.9,6.4,438,99.9,5.8,0,-4.71,295,0.5,1
1/20/25 0:00,0.9,6.4,438,99.9,5.5,0,-4.55,205,0,1
1/20/25 1:00,0.9,6.4,439,99.9,5.5,0,-4.75,298,0,1
1/20/25 2:00,0.9,6.4,438,99.9,5.5,0,-4.75,300,0,1
1/20/25 3:00,0.9,6.4,439,99.9,5.5,0,-4.75,224,0,1
1/20/25 4:00,0.9,6.4,440,99.9,5.5,0,-4.75,293,0,1
1/20/25 5:00,0.9,6.4,442,99.9,5.4,0,-4.75,293,0,1
1/20/25 6:00,0.9,6.4,438,99.9,5.4,4,-5.39,270,0,1
1/20/25 7:00,0.9,6.4,438,99.9,5.3,0,-5.39,209,0,1
1/20/25 8:00,0.9,6.4,439,99.9,5.3,0,-5.39,242,0,1
1/20/25 9:00,0.9,6.5,440,99.9,5.3,0,-5.39,293,0,1
1/20/25 10:00,0.9,6.5,441,99.9,5.3,0,-5.39,210,0,1
1/20/25 11:00,4.3,6.4,443,99.9,5.3,0,-5.39,290,0,1
1/20/25 12:00,4.3,6.4,451,99.8,7.1,35,-3.21,211,0,1
1/20/25 13:00,2,6.5,451,99,7.1,35,-3.21,292,0,1
1/20/25 14:00,1,6.5,452,99.3,7.1,34,-3.21,294,0,1
1/20/25 15:00,1,6.5,452,99,7.1,35,-3.21,236,0,1
1/20/25 16:00,0.9,6.5,451,98.6,7.1,36,-3.43,218,0,1
1/20/25 17:00,0.9,6.4,451,99.1,7.1,37,-3.43,298,0,1
1/20/25 18:00,0.9,6.4,432,95,14.3,177,-0.97,100,1,1
1/20/25 19:00,0.9,6.4,433,95,14.3,178,-0.97,98,1,1
1/20/25 20:00,0.9,6.4,430,94.7,14.3,179,-1.25,93,1,1
1/20/25 21:00,0.9,6.4,432,94.3,14.3,183,-1.25,92,1,1
1/20/25 22:00,0.9,6.4,430,94,14.3,183,-1.25,97,0.5,1
1/20/25 23:00,0.9,6.4,431,93.8,14.4,183,-1.25,95,0.5,1
1/21/25 0:00,0.9,6.4,414,99.6,20.9,290,0.72,118,0,1
1/21/25 1:00,0.9,6.4,413,98.2,21,294,0.72,114,0.5,1
1/21/25 2:00,0.9,6.4,412,98.3,21,294,0.72,116,0.5,1
1/21/25 3:00,0.9,6.4,411,97.9,21,297,0.72,115,0.5,1
1/21/25 4:00,0.9,6.4,409,97.8,21,295,0.72,118,0.5,1
1/21/25 5:00,0.9,6.4,416,99.9,24.5,357,2.3,229,1,1
1/21/25 6:00,0.9,6.4,416,99.9,24.5,357,2.3,234,1,1
1/21/25 7:00,0.9,6.4,416,99.9,24.5,357,2.3,233,0.5,1
1/21/25 8:00,0.9,6.5,417,99.9,24.5,359,2.3,233,0.5,1
1/21/25 9:00,0.9,6.5,417,99.9,24.5,356,2.3,232,0.5,1
1/21/25 10:00,0.8,6.5,418,99.9,24.5,357,2.46,232,0.5,1
1/21/25 11:00,4.3,6.4,419,99.9,26.3,335,2.98,331,0.5,1
1/21/25 12:00,4.3,6.4,418,99.9,26.3,336,2.98,332,0,1
1/21/25 13:00,2,6.5,418,99.9,26.3,337,2.98,332,0.5,1
1/21/25 14:00,1.1,6.5,418,99.9,26.3,337,3.16,331,1,1
1/21/25 15:00,0.8,6.5,417,99.9,26.3,336,3.16,334,1,1
1/21/25 16:00,0.8,6.4,418,99.9,26.3,335,3.16,307,1,1
1/21/25 17:00,0.8,6.3,405,99.4,27.6,316,5.14,53,1.5,1
1/21/25 18:00,0.8,6.3,405,99,27.6,304,5.14,52,0.5,1
1/21/25 19:00,0.8,6.4,404,98.5,27.6,301,5.14,54,0.5,1
1/21/25 20:00,0.8,6.4,404,98.6,27.6,298,5.14,52,0,1
1/21/25 21:00,0.8,6.4,405,99.9,27.6,297,5.14,54,0,1
1/21/25 22:00,0.8,6.4,405,99.9,27.6,287,5.14,50,0,1
1/21/25 23:00,0.8,6.4,414,99.9,23.7,151,4.74,93,1.5,1
1/22/25 0:00,0.8,6.4,413,99.9,23.7,151,4.74,92,1,1
1/22/25 1:00,0.8,6.4,413,99.9,23.7,148,4.74,95,0.5,1
1/22/25 2:00,0.8,6.4,413,99.9,23.7,142,4.76,88,0.5,1
1/22/25 3:00,0.8,6.4,413,99.9,23.6,134,4.76,89,0.5,1
1/22/25 4:00,0.8,6.5,405,99.9,18.6,52,3.62,205,1,1
1/22/25 5:00,0.9,6.4,404,99.9,18.5,53,3.62,201,0,1
1/22/25 6:00,0.9,6.4,405,99.9,18.5,53,3.62,205,1,1
1/22/25 7:00,0.8,6.5,406,99.9,18.5,54,3.62,219,1,1
1/22/25 8:00,0.8,6.5,405,99.9,18.5,55,3.62,217,1,1
1/22/25 9:00,0.8,6.5,405,99.9,18.5,56,3.62,219,1,1
1/22/25 10:00,0.8,6.5,401,99.9,17.7,4,4.02,267,0,1
1/22/25 11:00,4.3,6.4,402,99.9,17.7,3,4.02,268,0,1
1/22/25 12:00,4.3,6.4,402,99.9,17.6,3,4.02,269,0,1
1/22/25 13:00,1.8,6.5,403,99.9,17.6,3,4.02,267,0,1
1/22/25 14:00,1.6,6.4,402,99.9,17.6,1,4.02,267,0,1
1/22/25 15:00,1,6.4,401,99.9,17.5,1,3.8,267,0,1
1/22/25 16:00,0.8,6.4,415,99.9,12.7,0,2.2,21,1.5,1
1/22/25 17:00,0.8,6.4,415,99.9,12.7,0,2.2,24,1.5,1
1/22/25 18:00,0.8,6.4,414,99.9,12.7,0,2.2,22,1,1
1/22/25 19:00,0.8,6.4,414,99.9,12.7,0,2.2,34,1.5,1
1/22/25 20:00,0.8,6.4,414,99.9,12.7,0,1.98,35,1.5,1
1/22/25 21:00,0.8,6.4,415,99.9,12.7,0,1.98,34,1,1
1/22/25 22:00,0.8,6.4,432,99.9,10.3,0,-0.01,35,1,1
1/22/25 23:00,0.8,6.4,431,99.9,10.3,0,0.04,37,1,1
1/23/25 0:00,0.8,6.4,432,99.9,10.3,0,0.04,35,0.5,1
1/23/25 1:00,0.8,6.4,430,99.9,10.4,0,0.04,35,0.5,1
1/23/25 2:00,0.8,6.4,430,99.9,10.4,0,0.04,34,1.5,1
1/23/25 3:00,0.8,6.5,430,99.9,10.3,0,0.04,37,1.5,1
1/23/25 4:00,0.8,6.5,441,99.9,9.3,0,-0.95,39,0.5,1
1/23/25 5:00,0.8,6.5,442,99.9,9.3,0,-0.87,38,0.5,1
1/23/25 6:00,0.8,6.5,442,99.9,9.3,0,-0.87,40,0.5,1
1/23/25 7:00,0.8,6.5,442,99.9,9.2,0,-0.87,39,0,1
1/23/25 8:00,0.8,6.5,441,99.9,9.2,0,-0.87,39,0,1
1/23/25 9:00,0.8,6.5,440,99.9,9.2,0,-0.87,37,0,1
1/23/25 10:00,0.8,6.5,445,99.9,8.5,0,-0.51,42,0,1
1/23/25 11:00,4.3,6.4,447,99.9,8.6,0,-0.51,42,0,1
1/23/25 12:00,1.9,6.5,447,99.9,8.5,0,-0.51,39,0,1
1/23/25 13:00,1.9,6.5,447,99.9,8.5,0,-0.51,39,0,1
1/23/25 14:00,1.9,6.5,448,99.9,8.5,0,-0.51,37,0,1
1/23/25 15:00,2,6.5,449,99.9,8.5,0,-0.63,39,0,1
1/23/25 16:00,2,6.5,459,99.9,8,0,-0.69,39,0,1
1/23/25 17:00,2,6.5,459,99.9,8.1,0,-0.77,33,0,1
1/23/25 18:00,1.1,6.5,460,99.9,8,0,-0.77,40,0,1
1/23/25 19:00,1.1,6.5,461,99.9,8,0,-0.77,37,0,1
1/23/25 20:00,1.1,6.5,458,99.9,8,0,-0.77,40,0,1
1/23/25 21:00,0.9,6.4,467,99.9,7.7,0,-0.89,39,0,1
1/23/25 22:00,0.9,6.4,466,99.9,7.7,0,-0.89,38,0,1
1/23/25 23:00,0.9,6.4,465,99.9,7.7,0,-0.89,41,0,1
1/24/25 0:00,1.8,6.4,465,99.9,7.8,0,-0.89,38,0,1
1/24/25 1:00,1.8,6.4,465,99.9,7.8,0,-0.89,38,0,1
1/24/25 2:00,1.8,6.4,468,99.9,7.7,0,-0.87,37,0,1
1/24/25 3:00,1.7,6.4,475,99.9,7.6,0,-1.17,41,0,1
1/24/25 4:00,1.7,6.4,474,99.9,7.5,0,-1.17,38,0,1
1/24/25 5:00,1.7,6.4,475,99.9,7.5,0,-1.27,39,0,1
1/24/25 6:00,1.7,6.4,474,99.9,7.5,0,-1.27,39,0,1
1/24/25 7:00,1.7,6.4,473,99.9,7.5,0,-1.27,39,0,1
1/24/25 8:00,1.7,6.4,471,99.9,7.5,0,-1.27,40,0,1
1/24/25 9:00,1.7,6.4,475,99.9,7.4,0,-0.57,40,0,1
1/24/25 10:00,1.7,6.4,475,99.9,7.5,0,-0.57,37,0,1
1/24/25 11:00,1.7,6.4,476,99.9,7.4,0,-0.57,37,0,1
1/24/25 12:00,1.7,6.4,476,99.9,7.4,0,-0.57,38,0,1
1/24/25 13:00,1.7,6.4,477,99.9,7.5,0,-0.57,35,0,1
1/24/25 14:00,1.7,6.4,476,99.9,7.4,0,-0.45,39,0,1
1/24/25 15:00,1.7,6.4,467,99.9,7.5,0,-0.25,132,0,1
1/24/25 16:00,1.7,6.4,468,99.9,7.5,0,-0.25,131,0,1
1/24/25 17:00,1.7,6.4,469,99.9,7.5,0,-0.25,126,0,1
1/24/25 18:00,1.7,6.4,469,99.9,7.5,0,-0.11,131,0,1
1/24/25 19:00,1.7,6.5,468,99.9,7.6,0,-0.11,133,0,1
1/24/25 20:00,1.7,6.5,468,99.9,7.5,0,-0.11,130,0,1
1/24/25 21:00,1.8,6.5,464,99.9,8.4,0,0.72,64,1,1
1/24/25 22:00,1.8,6.5,463,99.9,8.4,0,1.1,83,1.5,1
1/24/25 23:00,1.8,6.5,464,99.9,8.4,0,1.1,90,1.5,1
1/25/25 0:00,1.8,6.5,465,99.9,8.4,0,1.1,95,1.5,1
1/25/25 1:00,1.8,6.5,465,99.9,8.5,0,1.1,91,1,1
1/25/25 2:00,1.8,6.5,462,99.9,8.4,0,0.3,124,0.5,1
1/25/25 3:00,1.8,6.5,461,99.9,8.4,0,0.3,122,1,1
1/25/25 4:00,1.8,6.5,460,99.9,8.4,0,0.3,120,1,1
1/25/25 5:00,1.8,6.5,459,99.9,8.4,0,0.3,121,1.5,1
1/25/25 6:00,1.8,6.5,459,99.9,8.3,0,0.3,104,2.6,1
1/25/25 7:00,1.8,6.5,460,99.9,8.6,0,0.6,81,1.5,1
1/25/25 8:00,1.8,6.5,460,99.9,8.6,0,0.6,84,1,1
1/25/25 9:00,1.7,6.5,458,99.9,8.6,0,0.6,77,1.5,1
1/25/25 10:00,1.7,6.5,458,99.9,8.6,0,0.92,92,2.6,1
1/25/25 11:00,1.7,6.5,458,99.9,8.6,0,0.92,119,3.1,1
1/25/25 12:00,1.7,6.5,458,99.9,8.6,0,0.92,126,2.1,1
1/25/25 13:00,1.7,6.5,453,99.9,8.5,0,-0.01,89,0.5,1
1/25/25 14:00,1.7,6.5,454,99.9,8.5,0,0,91,0.5,1
1/25/25 15:00,1.8,6.5,453,99.9,8.5,0,0,87,0,1
1/25/25 16:00,1.8,6.5,452,99.9,8.5,0,0,89,0.5,1
1/25/25 17:00,1.8,6.5,453,99.9,8.5,0,0,86,0.5,1
1/25/25 18:00,1.7,6.5,451,99.9,8.9,0,0.82,58,2.1,1
1/25/25 19:00,1.7,6.5,452,99.9,8.8,0,1,47,1.5,1
1/25/25 20:00,1.7,6.5,452,99.9,8.7,0,1,48,2.6,1
1/25/25 21:00,1.7,6.5,452,99.9,8.7,0,1,52,1,1
1/25/25 22:00,1.7,6.5,453,99.9,8.7,0,1,77,2.6,1
1/25/25 23:00,1.7,6.5,454,99.9,8.7,0,1,111,2.6,1
1/26/25 0:00,1.7,6.5,452,99.9,9,0,1.58,115,3.6,1
1/26/25 1:00,1.7,6.5,450,99.9,9,0,1.58,216,2.1,1
1/26/25 2:00,1.7,6.5,449,99.9,9,0,1.58,217,1,1
1/26/25 3:00,1.7,6.5,447,99.9,9,0,1.58,99,1.5,1
1/26/25 4:00,1.7,6.5,447,99.9,8.9,0,1.58,117,1.5,1
1/26/25 5:00,1.7,6.5,445,99.9,8.9,0,1.54,107,3.1,1
1/26/25 6:00,1.7,6.5,453,99.9,9.2,2,1.58,23,1,1
1/26/25 7:00,1.7,6.5,452,99.9,9.3,2,1.58,22,1,1
1/26/25 8:00,1.7,6.5,451,99.9,9.3,3,1.58,24,2.1,1
1/26/25 9:00,4.3,6.4,451,99.9,9.3,2,1.66,24,1.5,1
1/26/25 10:00,4.3,6.4,450,99.9,9.3,1,1.66,24,1,1
1/26/25 11:00,4.3,6.4,450,99.9,9.2,1,1.66,23,1.5,1
1/26/25 12:00,4.3,6.3,448,99.9,9.8,20,1.28,37,1.5,1
1/26/25 13:00,4.3,6.3,448,99.9,9.7,27,1.54,49,1,1
1/26/25 14:00,4.3,6.3,448,99.9,9.8,30,1.54,44,2.1,1
1/26/25 15:00,1.9,6.5,447,99.1,9.8,33,1.54,42,1.5,1
1/26/25 16:00,1.9,6.5,446,99.1,9.8,33,1.54,42,1.5,1
1/26/25 17:00,1.9,6.5,431,99.9,11.5,48,1.28,117,1,1
1/26/25 18:00,1.1,6.5,430,99.9,11.5,48,1.28,121,1,1
1/26/25 19:00,1.1,6.5,430,99.9,11.4,48,1.28,115,0.5,1
1/26/25 20:00,1.1,6.5,430,99.9,11.4,50,1.28,115,0.5,1
1/26/25 21:00,0.9,6.5,429,99.9,11.5,49,1.16,102,1.5,1
1/26/25 22:00,0.9,6.5,429,99.9,11.5,49,1.16,124,5.2,1
1/26/25 23:00,0.9,6.5,423,99.9,12.3,92,2.12,103,4.2,1
1/27/25 0:00,0.8,6.5,422,99.9,12.3,96,2.12,84,4.2,1
1/27/25 1:00,0.8,6.4,423,99.9,12.3,98,2.12,60,3.6,1
1/27/25 2:00,0.8,6.4,424,99.9,12.3,100,2.12,82,4.2,1
1/27/25 3:00,0.8,6.4,424,99.9,12.2,102,2.36,93,3.1,1
1/27/25 4:00,0.8,6.4,423,99.9,12.3,102,2.36,88,2.1,1
1/27/25 5:00,0.8,6.4,415,99.9,13,144,2.86,103,1.5,1
1/27/25 6:00,0.8,6.4,414,99.9,13,145,3.2,85,2.6,1
1/27/25 7:00,0.8,6.4,414,99.9,13.1,144,3.2,113,5.7,1
1/27/25 8:00,0.8,6.4,415,99.9,13,141,3.2,140,2.1,1
1/27/25 9:00,0.8,6.4,414,99.9,13,141,3.2,124,1.5,1
1/27/25 10:00,0.8,6.5,414,99.9,13,141,3.2,67,1.5,1
1/27/25 11:00,0.8,6.5,414,99.9,11.9,6,2.02,98,0,1
1/27/25 12:00,0.8,6.5,414,99.9,11.9,7,2.02,97,0,1
1/27/25 13:00,0.8,6.5,415,99.9,11.9,5,2.02,101,0,1
1/27/25 14:00,0.8,6.5,415,99.9,12,11,2.02,105,0,1
1/27/25 15:00,0.8,6.5,416,99.9,12,11,2.02,101,0,1
1/27/25 16:00,0.8,6.5,414,99.9,11.7,136,3.86,86,1.5,1
1/27/25 17:00,0.8,6.5,414,99.9,11.7,138,3.86,100,2.1,1
1/27/25 18:00,0.8,6.5,413,99.8,11.7,144,3.86,115,1.5,1
1/27/25 19:00,4.3,6.4,413,99.9,11.7,152,3.86,111,1.5,1
1/27/25 20:00,3,6.4,412,99.9,11.7,152,4.52,107,0.5,1
1/27/25 21:00,1.8,6.5,412,99.9,11.8,152,4.52,112,1.5,1
1/27/25 22:00,1.1,6.5,410,99.2,12.7,25,4.06,78,1.5,1
1/27/25 23:00,0.9,6.4,411,99.4,12.7,22,4.06,79,1.5,1
1/28/25 0:00,0.9,6.4,410,99.2,12.7,22,4.06,71,1.5,1
1/28/25 1:00,0.9,6.4,410,98.6,12.7,19,3.54,89,2.1,1
1/28/25 2:00,0.9,6.3,410,98.7,12.7,25,3.54,70,1,1
1/28/25 3:00,0.9,6.4,410,99.2,12.7,27,3.54,81,1.5,1
1/28/25 4:00,0.9,6.4,411,99.9,12.3,6,4.44,77,2.6,1
1/28/25 5:00,0.9,6.4,410,99.9,12.3,6,4.28,101,2.1,1
1/28/25 6:00,0.9,6.4,410,99.9,12.3,6,4.28,91,2.1,1
1/28/25 7:00,0.9,6.4,411,99.9,12.3,8,4.28,107,1.5,1
1/28/25 8:00,0.9,6.4,410,99.9,12.3,8,4.28,107,1,1
1/28/25 9:00,0.9,6.4,410,99.9,12.3,8,4.28,105,0.5,1
1/28/25 10:00,0.9,6.4,421,99.9,10.4,0,3.7,81,1.5,1
1/28/25 11:00,0.9,6.4,420,99.9,10.4,0,3.7,108,3.1,1
1/28/25 12:00,0.9,6.4,421,99.9,10.4,0,3.7,106,3.1,1
1/28/25 13:00,0.9,6.4,420,99.9,10.4,0,3.7,123,3.1,1
1/28/25 14:00,0.9,6.4,419,99.9,10.4,0,3.7,208,1,1
1/28/25 15:00,0.9,6.4,420,99.9,10.4,0,3.44,151,1.5,1
1/28/25 16:00,0.9,6.4,426,99.9,9.6,0,1.16,58,1.5,1
1/28/25 17:00,0.9,6.4,426,99.9,9.6,0,1.16,112,2.1,1
1/28/25 18:00,0.9,6.4,426,99.9,9.5,0,1.16,97,0.5,1
1/28/25 19:00,4.3,6.3,425,99.9,9.5,0,1.16,106,0,1
1/28/25 20:00,4.3,6.3,425,99.9,9.5,0,1.78,114,0,1
1/28/25 21:00,1.5,6.4,426,99.9,9.6,0,1.78,117,0,1
1/28/25 22:00,1,6.4,431,99.9,9.8,0,4.42,94,1,1
1/28/25 23:00,1,6.4,430,99.9,9.7,0,4.42,105,1,1
1/29/25 0:00,0.8,6.4,430,99.9,9.7,0,3.9,95,0.5,1
1/29/25 1:00,0.8,6.4,429,99.9,9.7,0,3.9,99,1,1
1/29/25 2:00,0.8,6.4,428,99.9,9.7,0,3.9,86,1.5,1
1/29/25 3:00,0.8,6.4,428,99.9,9.7,0,3.9,87,1,1
1/29/25 4:00,0.8,6.4,436,99.9,9.3,0,4.3,101,1.5,1
1/29/25 5:00,0.8,6.4,436,99.9,9.3,0,4.3,109,0.5,1
1/29/25 6:00,0.8,6.4,436,99.9,9.3,0,4.3,106,1,1
1/29/25 7:00,0.8,6.4,436,99.9,9.3,0,4.3,119,0,1
1/29/25 8:00,0.8,6.4,435,99.9,9.3,0,4.3,105,0.5,1
1/29/25 9:00,0.8,6.4,435,99.9,9.3,0,4.3,108,0.5,1
1/29/25 10:00,0.8,6.4,434,99.9,9,0,5.3,75,0,1
1/29/25 11:00,0.8,6.4,435,99.9,8.9,0,5.3,69,0,1
1/29/25 12:00,0.8,6.4,436,99.9,9,0,5.3,66,0,1
1/29/25 13:00,0.8,6.4,438,99.9,9,0,5.3,65,0,1
1/29/25 14:00,0.8,6.4,438,99.9,9,0,4.86,72,0,1
1/29/25 15:00,0.8,6.5,438,99.9,9,0,4.86,65,0,1
1/29/25 16:00,0.8,6.4,439,99.9,8.9,0,2.42,70,0,1
1/29/25 17:00,0.8,6.4,439,99.9,9,0,2.9,65,0,1
1/29/25 18:00,0.8,6.4,438,99.9,9,0,2.9,107,1,1
1/29/25 19:00,4.3,6.3,437,99.9,9,0,2.9,112,1,1
1/29/25 20:00,4.3,6.3,436,99.9,9,0,2.9,107,1,1
1/29/25 21:00,1,6.6,440,99.9,8.7,0,4.42,114,0,1
1/29/25 22:00,1.9,6.5,439,99.9,8.7,0,4.42,114,0,1
1/29/25 23:00,1,6.5,437,99.9,8.7,0,4.42,111,0,1
1/30/25 0:00,1,6.5,435,99.9,8.7,0,4.42,116,0,1
1/30/25 1:00,1,6.4,435,99.9,8.7,0,4.42,119,0,1
1/30/25 2:00,1,6.4,441,99.9,8.5,0,4.22,62,0,1
1/30/25 3:00,1,6.4,440,99.9,8.5,0,4.22,56,0,1
1/30/25 4:00,1,6.4,439,99.9,8.5,0,4.22,62,0,1
1/30/25 5:00,1,6.5,441,99.9,8.5,0,4.14,61,0,1
1/30/25 6:00,1,6.5,441,99.9,8.5,0,4.14,64,0.5,1
1/30/25 7:00,1,6.5,441,99.9,8.5,0,4.14,72,0.5,1
1/30/25 8:00,1,6.5,442,99.9,8.4,0,2.48,94,0,1
1/30/25 9:00,1,6.5,441,99.9,8.4,0,2.48,100,0,1
1/30/25 10:00,1,6.5,441,99.9,8.4,0,2.48,94,0,1
1/30/25 11:00,1,6.5,442,99.9,8.3,0,2.48,99,0,1
1/30/25 12:00,1,6.5,442,99.9,8.4,0,2.48,87,0,1
1/30/25 13:00,1,6.5,442,99.9,8.4,0,2.48,100,0,1
1/30/25 14:00,1,6.5,444,99.9,9.3,0,3.04,232,0,1
1/30/25 15:00,1,6.5,444,99.9,9.3,0,3.04,231,0,1
1/30/25 16:00,1,6.5,444,99.9,9.3,0,3.04,233,0.5,1
1/30/25 17:00,1,6.5,445,99.9,9.3,0,3.04,236,0.5,1
1/30/25 18:00,1,6.5,444,99.9,9.2,0,4.18,214,0.5,1
1/30/25 19:00,4.3,6.4,451,99.5,9.2,0,2.74,348,1,1
1/30/25 20:00,4.3,6.4,451,99.9,9.3,0,2.74,30,2.1,1
1/30/25 21:00,4.3,6.4,450,99.9,9.2,0,2.74,36,0.5,1
1/30/25 22:00,1.8,6.5,448,99.9,9.2,0,2.36,50,0,1
1/30/25 23:00,1.8,6.5,447,99.9,9.2,0,2.36,40,1,1
1/31/25 0:00,1.8,6.5,445,99.9,9.2,0,2.36,39,1.5,1
1/31/25 1:00,0.9,6.5,448,99.9,9.2,0,3.42,340,0,1
1/31/25 2:00,0.9,6.5,449,99.9,9.2,0,3.42,342,0,1
1/31/25 3:00,1,6.5,448,99.9,9.2,0,3.42,340,0.5,1
1/31/25 4:00,1,6.5,447,99.7,9.2,0,3.42,342,1,1
1/31/25 5:00,1,6.5,448,99.9,9.2,0,3.42,345,0.5,1
1/31/25 6:00,1,6.5,447,99.9,9.2,0,3.42,344,0,1
1/31/25 7:00,0.9,6.5,450,99.9,9.6,0,3,47,0,1
1/31/25 8:00,1,6.5,450,99.9,9.6,0,3,42,0,1
1/31/25 9:00,1,6.5,451,99.9,9.6,0,3,41,0,1
1/31/25 10:00,0.9,6.5,451,99.9,9.7,0,3,41,0,1
1/31/25 11:00,0.9,6.5,452,99.9,9.6,0,3,44,0,1
1/31/25 12:00,0.9,6.5,452,99.9,9.6,0,2.94,40,0,1
1/31/25 13:00,0.9,6.5,451,99.9,9.6,0,3.34,118,0,1
1/31/25 14:00,0.9,6.5,452,99.9,9.6,0,3.26,112,0,1
1/31/25 15:00,0.9,6.5,452,99.9,9.6,0,3.26,106,0,1
1/31/25 16:00,0.9,6.5,453,99.9,9.7,0,3.26,111,0,1
1/31/25 17:00,0.9,6.5,454,99.9,9.6,0,3.26,107,0,1
1/31/25 18:00,0.9,6.5,457,99.9,9.2,5,2.92,122,0.5,1
1/31/25 19:00,4.3,6.4,458,99.9,9.2,5,2.92,109,0,1
1/31/25 20:00,4.2,6.4,459,99.9,9.2,17,2.92,115,0,1
1/31/25 21:00,4.3,6.5,458,99.9,9.2,26,2.92,115,0,1
1/31/25 22:00,1.9,6.6,459,99.9,9.2,26,2.92,118,0,1
1/31/25 23:00,1.9,6.6,458,99.9,9.2,26,2.92,114,0,1
2/1/25 0:00,1.9,6.6,452,12.7,12.7,0,0.98,30,0,1
2/1/25 1:00,1.2,6.6,452,12.7,12.7,0,0.98,37,0,1
2/1/25 2:00,1.2,6.6,450,12.7,12.7,0,0.98,34,0,1
2/1/25 3:00,1.2,6.5,450,12.8,12.8,0,0.98,35,0,1
2/1/25 4:00,1.2,6.5,451,12.7,12.7,0,0.98,29,0,1
2/1/25 5:00,1.1,6.5,452,12.6,12.6,0,0.38,32,0,1
2/1/25 6:00,1.1,6.6,452,12.6,12.6,0,0.38,36,0,1
2/1/25 7:00,1.2,6.6,453,12.6,12.6,0,0.38,31,0,1
2/1/25 8:00,1.1,6.6,455,12.6,12.6,0,0.26,31,0,1
2/1/25 9:00,1.1,6.6,454,12.6,12.6,0,0.26,33,0,1
2/1/25 10:00,1.1,6.6,454,12.6,12.6,0,0.26,32,0,1
2/1/25 11:00,1.1,6.6,455,12.5,12.5,0,-0.61,37,0,1
2/1/25 12:00,1.1,6.6,455,12.5,12.5,0,-0.61,34,0,1
2/1/25 13:00,1.1,6.6,455,12.6,12.6,0,-0.61,36,0,1
2/1/25 14:00,1.1,6.6,456,12.6,12.6,0,-0.61,36,0,1
2/1/25 15:00,1.1,6.6,456,12.5,12.5,0,-0.61,32,0,1
2/1/25 16:00,1.1,6.6,461,12.4,12.4,0,1.48,38,0,1
2/1/25 17:00,1.1,6.6,460,12.5,12.5,0,1.48,35,0,1
2/1/25 18:00,1.1,6.6,461,12.5,12.5,0,1.48,36,0,1
2/1/25 19:00,4.3,6.4,461,12.5,12.5,0,0.58,39,0,1
2/1/25 20:00,1.8,6.6,460,12.5,12.5,0,0.58,36,0,1
2/1/25 21:00,1.8,6.6,459,12.5,12.5,0,0.58,38,0,1
2/1/25 22:00,1.1,6.5,462,12.4,12.4,0,0.68,40,0,1
2/1/25 23:00,0.9,6.5,461,12.4,12.4,0,0.18,37,0,1
2/2/25 0:00,0.8,6.5,460,12.4,12.4,0,0.18,41,0,1
2/2/25 1:00,0.8,6.5,460,12.4,12.4,0,0.18,43,0,1
2/2/25 2:00,0.8,6.5,460,12.4,12.4,0,0.18,39,0,1
2/2/25 3:00,0.8,6.5,461,12.4,12.4,0,0.18,38,0,1
2/2/25 4:00,0.8,6.5,463,12.4,12.4,0,0.44,37,0,1
2/2/25 5:00,0.8,6.5,463,12.3,12.3,0,0.44,35,1.5,1
2/2/25 6:00,0.8,6.5,463,12.3,12.3,0,0.44,30,1.5,1
2/2/25 7:00,0.8,6.5,461,12.3,12.3,0,0.44,32,1,1
2/2/25 8:00,0.8,6.5,462,12.3,12.3,0,0.44,30,0.5,1
2/2/25 9:00,0.8,6.5,461,12.3,12.3,0,0,30,1.5,1
2/2/25 10:00,0.8,6.5,462,12.3,12.3,0,1.08,37,0,1
2/2/25 11:00,0.8,6.5,463,12.3,12.3,0,1.08,33,0,1
2/2/25 12:00,0.8,6.5,462,12.3,12.3,0,1.08,37,0,1
2/2/25 13:00,0.8,6.5,462,12.3,12.3,0,1.62,30,0,1
2/2/25 14:00,0.8,6.5,462,12.4,12.4,0,1.62,34,0,1
2/2/25 15:00,0.8,6.5,461,12.3,12.3,0,1.62,36,0,1
2/2/25 16:00,0.8,6.5,464,12.2,12.2,0,2.74,33,0,1
2/2/25 17:00,0.8,6.5,464,12.2,12.2,0,1.82,32,0,1
2/2/25 18:00,0.8,6.5,464,12.2,12.2,0,1.82,31,0,1
2/2/25 19:00,4.3,6.4,463,12.2,12.2,0,1.82,35,0,1
2/2/25 20:00,4.3,6.4,462,12.2,12.2,0,1.82,33,0,1
2/2/25 21:00,2,6.6,462,12.2,12.2,0,1.82,34,0,1
2/2/25 22:00,0.9,6.6,465,12.2,12.2,0,0,34,0,1
2/2/25 23:00,1,6.5,465,12.2,12.2,0,0,34,0,1
2/3/25 0:00,0.8,6.5,466,12.1,12.1,0,0,37,0,1
2/3/25 1:00,0.8,6.5,467,12.2,12.2,0,0,34,0,1
2/3/25 2:00,0.8,6.5,466,12.2,12.2,0,0.74,35,0,1
2/3/25 3:00,0.8,6.5,472,12.7,12.7,52,0.62,185,0,1
2/3/25 4:00,0.8,6.5,471,12.7,12.7,46,0.62,81,0,1
2/3/25 5:00,0.8,6.5,471,12.7,12.7,46,-0.31,0,0,1
2/3/25 6:00,0.8,6.5,469,12.7,12.7,45,-0.31,0,0,1
2/3/25 7:00,0.8,6.5,470,12.7,12.7,46,-0.31,0,0.5,1
2/3/25 8:00,0.8,6.5,469,12.7,12.7,46,-0.31,41,1,1
2/3/25 9:00,0.8,6.5,465,13.9,13.9,133,2.78,342,0,1
2/3/25 10:00,0.8,6.5,466,13.9,13.9,131,2.78,343,0,1
2/3/25 11:00,0.8,6.5,465,13.9,13.9,132,2.78,340,0,1
2/3/25 12:00,0.8,6.5,465,13.9,13.9,132,2.78,341,0,1
2/3/25 13:00,0.8,6.5,465,13.9,13.9,134,2.78,343,0,1
2/3/25 14:00,0.8,6.5,457,15.9,15.9,209,1.04,330,0,1
2/3/25 15:00,0.8,6.5,457,15.9,15.9,213,1.04,323,0,1
2/3/25 16:00,0.8,6.5,456,15.9,15.9,212,1.04,327,0,1
2/3/25 17:00,0.8,6.5,458,15.9,15.9,205,1.04,324,0,1
2/3/25 18:00,0.8,6.5,457,15.9,15.9,205,1.04,331,0,1
2/3/25 19:00,4.3,6.4,456,15.9,15.9,204,1.04,326,0,1
2/3/25 20:00,4.3,6.4,452,17.6,17.6,251,2.7,294,1,1
2/3/25 21:00,1.9,6.5,452,17.6,17.6,251,2.7,282,1.5,1
2/3/25 22:00,1.9,6.5,452,17.6,17.6,253,2.7,280,1.5,1
2/3/25 23:00,1,6.5,450,17.6,17.6,254,2.84,278,1,1
2/4/25 0:00,0.8,6.5,450,17.6,17.6,254,2.84,281,1,1
2/4/25 1:00,0.9,6.5,448,17.7,17.7,256,2.84,279,0.5,1
2/4/25 2:00,0.9,6.5,425,19.8,19.8,405,3.9,270,1.5,1
2/4/25 3:00,0.9,6.5,425,19.8,19.8,402,3.96,278,1,1
2/4/25 4:00,0.9,6.5,424,19.8,19.8,397,3.96,284,1.5,1
2/4/25 5:00,0.9,6.5,425,19.8,19.8,395,3.96,282,1,1
2/4/25 6:00,0.9,6.5,425,19.8,19.8,388,3.96,283,0.5,1
2/4/25 7:00,0.9,6.5,426,19.8,19.8,388,3.96,285,0.5,1
2/4/25 8:00,0.9,6.5,425,22.2,22.2,353,3.74,273,1.5,1
2/4/25 9:00,0.8,6.5,426,22.2,22.2,357,3.74,274,1,1
2/4/25 10:00,0.9,6.5,427,22.2,22.2,354,3.74,274,1,1
2/4/25 11:00,0.8,6.5,426,22.2,22.2,355,3.74,272,1,1
2/4/25 12:00,0.8,6.5,426,22.2,22.2,356,3.52,266,0.5,1
2/4/25 13:00,0.8,6.5,424,22.2,22.2,356,3.52,267,0.5,1
2/4/25 14:00,0.8,6.5,433,22.1,22.1,199,5.66,264,0.5,1
2/4/25 15:00,0.8,6.5,434,22.1,22.1,196,5.66,261,0.5,1
2/4/25 16:00,0.8,6.5,435,22,22,197,5.22,261,0.5,1
2/4/25 17:00,0.8,6.5,434,22,22,197,5.22,257,1,1
2/4/25 18:00,0.8,6.5,432,22,22,196,5.22,256,1,1
2/4/25 19:00,4.3,6.4,426,19.7,19.7,76,5.72,41,0,1
2/4/25 20:00,1.8,6.6,427,19.7,19.7,75,5.72,40,0,1
2/4/25 21:00,1.8,6.5,428,19.7,19.7,75,5.72,40,0,1
2/4/25 22:00,1.1,6.5,427,19.8,19.8,76,5.72,39,0,1
2/4/25 23:00,0.9,6.5,427,19.7,19.7,75,5.72,41,0,1
2/5/25 0:00,0.8,6.5,426,19.7,19.7,74,6.06,41,0,1
2/5/25 1:00,0.8,6.4,422,17.6,17.6,22,4.84,32,0,1
2/5/25 2:00,0.8,6.4,423,17.6,17.6,19,4.84,39,0,1
2/5/25 3:00,0.8,6.4,424,17.6,17.6,18,4.84,34,0,1
2/5/25 4:00,0.8,6.4,424,17.6,17.6,18,5.42,34,0,1
2/5/25 5:00,0.8,6.5,425,17.6,17.6,21,5.42,34,0,1
2/5/25 6:00,0.8,6.5,426,17.6,17.6,22,5.42,35,0,1
2/5/25 7:00,0.8,6.5,424,15.7,15.7,0,3.88,277,0,1
2/5/25 8:00,0.8,6.5,424,15.7,15.7,0,4.32,273,0,1
2/5/25 9:00,0.8,6.4,425,15.7,15.7,0,4.32,274,0,1
2/5/25 10:00,0.8,6.5,425,15.7,15.7,0,4.32,278,0,1
2/5/25 11:00,0.8,6.5,424,15.7,15.7,0,4.32,275,0,1
2/5/25 12:00,0.8,6.5,423,15.7,15.7,0,4.32,281,0,1
2/5/25 13:00,0.8,6.5,430,13.4,13.4,0,1.52,42,0.5,1
2/5/25 14:00,0.8,6.5,429,13.4,13.4,0,1.52,40,0.5,1
2/5/25 15:00,0.8,6.5,430,13.4,13.4,0,1.52,37,0.5,1
2/5/25 16:00,0.8,6.5,431,13.4,13.4,0,1.52,42,0.5,1
2/5/25 17:00,0.8,6.5,431,13.4,13.4,0,1.66,38,0,1
2/5/25 18:00,0.8,6.5,431,13.4,13.4,0,1.66,43,0,1
2/5/25 19:00,4.3,6.4,436,12.6,12.6,0,2.32,39,0,1
2/5/25 20:00,1.9,6.6,437,12.6,12.6,0,2.32,43,0,1
2/5/25 21:00,1.9,6.5,436,12.6,12.6,0,1.48,40,0,1
2/5/25 22:00,1.1,6.5,437,12.6,12.6,0,1.48,43,0,1
2/5/25 23:00,0.9,6.5,436,12.6,12.6,0,1.48,43,0,1
2/6/25 0:00,0.8,6.5,436,12.6,12.6,0,1.48,46,0,1
2/6/25 1:00,0.8,6.5,444,12,12,0,0.84,41,0,1
2/6/25 2:00,0.8,6.5,443,12,12,0,1.02,46,0,1
2/6/25 3:00,0.8,6.5,443,12,12,0,1.02,41,0,1
2/6/25 4:00,0.8,6.5,442,12.1,12.1,0,1.02,48,0,1
2/6/25 5:00,0.8,6.5,443,12.1,12.1,0,1.02,44,0,1
2/6/25 6:00,0.8,6.5,442,12,12,0,1.02,44,0,1
2/6/25 7:00,0.8,6.5,449,11.6,11.6,0,1.3,44,0,1
2/6/25 8:00,0.8,6.5,449,11.7,11.7,0,1.3,37,0,1
2/6/25 9:00,0.8,6.5,448,11.7,11.7,0,1.3,45,0,1
2/6/25 10:00,0.8,6.5,449,11.6,11.6,0,1.3,44,0,1
2/6/25 11:00,0.8,6.5,450,11.6,11.6,0,0.46,42,0,1
2/6/25 12:00,0.8,6.6,450,11.6,11.6,0,0.46,41,0,1
2/6/25 13:00,0.8,6.6,457,11.4,11.4,0,-0.53,42,0,1
2/6/25 14:00,0.8,6.6,457,11.4,11.4,0,-0.53,44,0,1
2/6/25 15:00,0.8,6.6,457,11.3,11.3,0,-0.53,46,0,1
2/6/25 16:00,0.8,6.6,455,11.3,11.3,0,-0.91,40,0,1
2/6/25 17:00,0.8,6.6,455,11.3,11.3,0,-0.91,40,0,1
2/6/25 18:00,0.8,6.6,455,11.3,11.3,0,-0.91,44,0,1
2/6/25 19:00,4.3,6.5,462,11.1,11.1,0,-0.13,44,0,1
2/6/25 20:00,1.7,6.6,463,11.1,11.1,0,-0.31,37,0,1
2/6/25 21:00,1.7,6.6,464,11.1,11.1,0,-0.31,45,0,1
2/6/25 22:00,1.2,6.6,465,11,11,0,-0.31,41,0,1
2/6/25 23:00,1,6.6,464,11,11,0,-0.31,47,0,1
2/7/25 0:00,0.9,6.6,464,11.1,11.1,0,-0.31,39,0,1
2/7/25 1:00,0.9,6.6,467,10.9,10.9,0,-1.17,40,0,1
2/7/25 2:00,0.9,6.5,468,10.8,10.8,0,-1.17,44,0,1
2/7/25 3:00,0.9,6.5,467,10.8,10.8,0,-1.17,43,0,1
2/7/25 4:00,0.9,6.6,467,10.8,10.8,0,-1.17,45,0,1
2/7/25 5:00,0.9,6.5,467,10.9,10.9,0,-1.35,47,0,1
2/7/25 6:00,0.9,6.5,472,10.5,10.5,0,-2.73,42,0,1
2/7/25 7:00,0.9,6.5,474,10.6,10.6,0,-2.73,47,0,1
2/7/25 8:00,0.9,6.5,473,10.6,10.6,0,-2.73,41,0,1
2/7/25 9:00,0.9,6.5,472,10.6,10.6,0,-2.73,42,0,1
2/7/25 10:00,0.8,6.6,473,10.6,10.6,0,-2.35,39,0,1
2/7/25 11:00,0.8,6.5,471,10.5,10.5,0,-2.35,44,0,1
2/7/25 12:00,0.8,6.6,474,10.3,10.3,0,-0.79,47,0,1
2/7/25 13:00,0.8,6.6,473,10.4,10.4,0,-0.79,44,0,1
2/7/25 14:00,0.8,6.6,475,10.3,10.3,0,-0.75,37,0,1
2/7/25 15:00,0.8,6.6,478,10.3,10.3,0,-0.75,40,0,1
2/7/25 16:00,0.8,6.6,479,10.3,10.3,0,-0.75,48,0,1
2/7/25 17:00,0.8,6.6,479,10.4,10.4,0,-0.75,49,0,1
2/7/25 18:00,0.8,6.6,476,10.2,10.2,0,-2.15,38,0,1
2/7/25 19:00,4.3,6.5,475,10.2,10.2,0,-2.15,42,0,1
2/7/25 20:00,1.6,6.7,476,10.2,10.2,0,-2.15,43,0,1
2/7/25 21:00,1.1,6.6,475,10.2,10.2,0,-2.15,43,0,1
2/7/25 22:00,0.9,6.6,473,10.2,10.2,0,-2.15,45,0,1
2/7/25 23:00,0.9,6.6,472,10.2,10.2,0,-2.39,44,0,1
9/30/24 0:00,0.5,6,393,92.1,20.7,0,21.6,54,0,2
9/30/24 1:00,0.5,6,394,92.2,20.7,0,21.6,52,0,2
9/30/24 2:00,0.5,6,394,92.1,20.7,0,21.52,50,0,2
9/30/24 3:00,0.5,6,393,94.3,20.7,0,21.52,54,0,2
9/30/24 4:00,0.5,6,393,94,20.7,0,21.52,54,0,2
9/30/24 5:00,0.5,6,393,93.8,20.7,0,21.52,54,0,2
9/30/24 6:00,0.5,6,393,97,20.9,0,21.34,356,0,2
9/30/24 7:00,0.5,6,393,97.2,20.9,0,21.34,357,0,2
9/30/24 8:00,0.5,6,393,97.4,20.9,0,21.34,352,0,2
9/30/24 9:00,0.5,6,393,97.4,20.9,0,21.34,353,0,2
9/30/24 10:00,0.5,6,394,97.8,20.9,0,21.34,356,0,2
9/30/24 11:00,0.5,6,394,97.2,20.9,0,21.34,356,0,2
9/30/24 12:00,0.5,6,399,99.7,19.1,0,20.72,356,0,2
9/30/24 13:00,0.5,6,399,98.7,19.1,0,20.72,356,0,2
9/30/24 14:00,0.5,6,399,98.8,19.1,0,20.94,355,0,2
9/30/24 15:00,0.5,6,399,98.8,19.1,0,20.94,357,0,2
9/30/24 16:00,0.5,6,400,97.7,19.2,0,20.94,359,0,2
9/30/24 17:00,0.5,6,399,98,19.1,0,20.94,359,0,2
9/30/24 18:00,0.5,6,402,99.5,18.6,0,20.14,357,0,2
9/30/24 19:00,0.5,6,401,99.8,18.6,0,20.14,355,0,2
9/30/24 20:00,0.5,6,401,99.9,18.6,0,20.14,357,0,2
9/30/24 21:00,0.5,6,401,98.4,18.6,0,20.14,355,0,2
9/30/24 22:00,0.5,6,402,98.9,18.6,0,20.14,357,0,2
9/30/24 23:00,0.5,6,402,99.1,18.6,0,20.12,355,0,2
10/1/24 0:00,0.5,4.5,397,77.5,19.4,0,19.66,57,0,2
10/1/24 1:00,1.1,6.5,397,77.2,19.4,0,19.66,56,0,2
10/1/24 2:00,1.1,6.4,397,77.4,19.4,0,19.66,57,0,2
10/1/24 3:00,1.1,6.4,397,76,19.4,0,19.64,57,0,2
10/1/24 4:00,1.1,6.5,397,76.5,19.4,0,19.64,56,0,2
10/1/24 5:00,1.1,6.5,403,76.2,19.1,0,19.08,56,0,2
10/1/24 6:00,1.1,6.5,402,76.4,19.1,0,19.08,56,0,2
10/1/24 7:00,1,6.5,403,77.6,19,0,19.08,54,0,2
10/1/24 8:00,1,6.5,403,79.1,19.1,0,19.08,56,0,2
10/1/24 9:00,1,6.5,403,79.3,19,0,19.08,56,0,2
10/1/24 10:00,1,6.5,411,78.6,18.9,0,19.02,173,1.5,2
10/1/24 11:00,0.9,6.5,411,78.5,18.9,0,19.02,172,1.5,2
10/1/24 12:00,0.9,6.5,411,78.9,18.9,0,19.02,176,1,2
10/1/24 13:00,0.9,6.5,411,77.7,19,0,18.82,172,1.5,2
10/1/24 14:00,0.9,6.6,411,77.4,18.9,0,18.82,175,1.5,2
10/1/24 15:00,0.9,6.6,412,76.5,18.9,0,18.82,172,1,2
10/1/24 16:00,0.9,6.6,407,75.2,18.8,0,19.04,233,1,2
10/1/24 17:00,0.9,6.5,406,75.6,18.8,0,19.44,235,1.5,2
10/1/24 18:00,0.9,6.5,405,75.3,18.8,0,19.44,236,1,2
10/1/24 19:00,1.2,6.4,405,75.7,18.8,0,19.44,235,1,2
10/1/24 20:00,1.1,6.4,405,75.7,18.8,0,19.44,234,1,2
10/1/24 21:00,1.1,6.4,405,76.8,18.8,0,19.44,233,1,2
10/1/24 22:00,1.4,6.3,395,78.9,18.6,0,18.76,220,0,2
10/1/24 23:00,0.7,6.5,394,79.1,18.6,0,18.76,223,0,2
10/2/24 0:00,0.7,6.5,393,79,18.6,0,18.76,220,0,2
10/2/24 1:00,0.7,6.5,393,78.5,18.6,0,18.76,221,0,2
10/2/24 2:00,0.7,6.5,392,78.1,18.6,0,18.82,220,0,2
10/2/24 3:00,0.7,6.5,391,77,18.7,0,18.82,220,0,2
10/2/24 4:00,0.7,6.5,392,76.5,18.5,0,19.42,104,0.5,2
10/2/24 5:00,0.6,6.5,392,76.6,18.5,0,19.42,105,0.5,2
10/2/24 6:00,0.6,6.5,393,76.3,18.5,0,19.42,106,0,2
10/2/24 7:00,0.6,6.5,391,76.3,18.5,0,19.42,104,1,2
10/2/24 8:00,0.6,6.5,391,76.7,18.5,0,19.42,106,0.5,2
10/2/24 9:00,0.6,6.5,391,78.2,18.5,0,19.42,103,0,2
10/2/24 10:00,0.6,6.5,389,77.6,18.6,0,19.64,52,0,2
10/2/24 11:00,0.6,6.5,389,77.4,18.6,0,19.64,55,0,2
10/2/24 12:00,0.6,6.5,389,76.9,18.6,0,19.62,50,0,2
10/2/24 13:00,0.6,6.5,390,77.3,18.6,0,19.62,51,0,2
10/2/24 14:00,0.6,6.5,389,77.1,18.6,0,19.62,52,0,2
10/2/24 15:00,0.6,6.5,389,76.8,18.6,0,19.62,54,0,2
10/2/24 16:00,0.6,6.5,386,76.7,18.8,0,19.72,103,0,2
10/2/24 17:00,0.6,6.4,387,77.4,18.7,0,19.72,102,0,2
10/2/24 18:00,0.6,6.5,387,77.8,18.7,0,19.72,100,0,2
10/2/24 19:00,1.4,6.2,387,77.3,18.8,0,19.72,104,0,2
10/2/24 20:00,1.3,6.3,386,76.6,18.8,5,19.72,102,0,2
10/2/24 21:00,0.8,6.4,386,76.4,18.8,5,19.6,103,0,2
10/2/24 22:00,0.8,6.4,384,75.9,19.1,27,19.94,226,0,2
10/2/24 23:00,1.2,6.3,383,75,19.1,28,19.94,227,1,2
10/3/24 0:00,1.2,6.3,383,75.1,19,27,20.14,226,0.5,2
10/3/24 1:00,1.1,6.3,384,74.3,19,26,20.14,227,0,2
10/3/24 2:00,1.1,6.3,384,74.8,19,28,20.14,225,0,2
10/3/24 3:00,1.1,6.3,384,74.9,19.1,28,20.14,226,0,2
10/3/24 4:00,1.1,6.3,383,75.6,19.3,12,19.9,149,0,2
10/3/24 5:00,1.1,6.3,384,74.9,19.3,11,19.9,148,0,2
10/3/24 6:00,1.1,6.3,384,75.4,19.3,11,19.9,151,0,2
10/3/24 7:00,1.1,6.4,385,76,19.3,12,19.9,148,0,2
10/3/24 8:00,1,6.4,385,75.5,19.2,11,19.9,150,0,2
10/3/24 9:00,1,6.4,385,75.1,19.3,13,19.9,153,0,2
10/3/24 10:00,1,6.4,388,74.2,19.3,46,18.36,191,1,2
10/3/24 11:00,1,6.4,388,73.4,19.3,46,18.36,187,1.5,2
10/3/24 12:00,1,6.4,387,73.6,19.3,46,18.36,180,1,2
10/3/24 13:00,1,6.4,389,74.6,19.4,48,18.5,178,0.5,2
10/3/24 14:00,1,6.5,389,73.4,19.4,52,18.5,175,1,2
10/3/24 15:00,1,6.5,394,74.7,19.4,8,18.32,150,1,2
10/3/24 16:00,1,6.5,393,74.8,19.4,8,18.32,92,1,2
10/3/24 17:00,0.9,6.5,393,75.7,19.4,8,18.32,93,1,2
10/3/24 18:00,0.9,6.5,393,75.2,19.5,8,18.32,91,1,2
10/3/24 19:00,1.1,6.3,393,75.3,19.5,6,18.32,97,0.5,2
10/3/24 20:00,1,6.3,391,75.8,19.4,5,18.32,93,0.5,2
10/3/24 21:00,1.4,6.3,394,73.1,20,95,19.74,235,1.5,2
10/3/24 22:00,0.8,6.4,394,72.2,20.1,95,19.74,167,1,2
10/3/24 23:00,0.7,6.4,394,74,20,93,19.7,303,1,2
10/4/24 0:00,1.5,6.3,394,74,20,95,19.7,72,1,2
10/4/24 1:00,1.5,6.3,395,74.6,20,95,19.7,75,0,2
10/4/24 2:00,1.4,6.3,392,67.7,21.4,418,20.42,182,1.5,2
10/4/24 3:00,1.4,6.4,392,66.9,21.5,417,20.42,279,2.1,2
10/4/24 4:00,1.4,6.3,393,67.8,21.4,415,20.42,189,3.6,2
10/4/24 5:00,1.4,6.3,394,67.5,21.5,409,20.42,360,4.2,2
10/4/24 6:00,1.4,6.4,395,67.7,21.4,406,20.36,335,2.6,2
10/4/24 7:00,1.4,6.4,395,69.2,21.6,135,20.38,175,3.6,2
10/4/24 8:00,1.3,6.4,395,69.1,21.6,137,20.18,267,2.6,2
10/4/24 9:00,1.3,6.4,394,67.5,21.6,137,20.18,302,2.6,2
10/4/24 10:00,1.3,6.5,394,67.1,21.6,139,20.18,308,3.1,2
10/4/24 11:00,1.3,6.5,395,66.9,21.6,145,20.18,327,2.1,2
10/4/24 12:00,1.3,6.5,393,71.3,21.6,129,19.38,91,0.5,2
10/4/24 13:00,1.2,6.5,393,71.5,21.6,126,19.38,11,2.6,2
10/4/24 14:00,1.2,6.5,394,70.9,21.6,124,19.38,13,2.6,2
10/4/24 15:00,1.2,6.5,394,69.9,21.6,128,19.38,3,1.5,2
10/4/24 16:00,1.2,6.5,394,70.8,21.6,128,19.18,0,3.1,2
10/4/24 17:00,1.2,6.5,394,70.3,21.6,126,19.18,312,1.5,2
10/4/24 18:00,1.2,6.5,390,68.9,21.6,101,19.5,334,1.5,2
10/4/24 19:00,1.5,6.3,390,69,21.6,103,19.68,287,1.5,2
10/4/24 20:00,1.3,6.3,389,69.3,21.6,103,19.68,307,4.7,2
10/4/24 21:00,1.4,6.3,389,69.2,21.6,101,19.68,273,3.1,2
10/4/24 22:00,1.3,6.3,388,69.1,21.6,99,19.68,287,4.2,2
10/4/24 23:00,0.9,6.5,389,68.7,21.7,102,19.68,261,2.1,2
10/5/24 0:00,0.8,6.5,384,68.8,21.1,55,20,313,0.5,2
10/5/24 1:00,0.8,6.5,384,68.9,21.1,52,20,316,2.6,2
10/5/24 2:00,0.8,6.5,385,68.8,21.1,52,20,337,2.1,2
10/5/24 3:00,0.6,6.5,385,69,21.1,47,20,275,1,2
10/5/24 4:00,0.5,6.5,386,69.2,21.1,46,20.04,285,2.1,2
10/5/24 5:00,0.5,6.5,386,69.4,21,47,20.04,34,1.5,2
10/5/24 6:00,0.5,6.5,382,71.2,19.8,0,19.4,352,2.1,2
10/5/24 7:00,0.5,6.5,382,70.6,19.8,0,19.48,353,1.5,2
10/5/24 8:00,0.5,6.5,382,71.3,19.8,0,19.48,357,0.5,2
10/5/24 9:00,0.5,6.5,382,69.5,19.8,0,19.48,291,0,2
10/5/24 10:00,0.5,6.5,382,69.4,19.8,0,19.48,296,0,2
10/5/24 11:00,0.5,6.5,383,70,19.8,0,19.48,297,0,2
10/5/24 12:00,0.4,6.5,380,70.9,18.6,0,18.12,190,1,2
10/5/24 13:00,0.4,6.5,379,71.1,18.6,0,18.12,195,1,2
10/5/24 14:00,0.4,6.5,379,71.3,18.5,0,18.12,198,0.5,2
10/5/24 15:00,0.4,6.5,378,72,18.5,0,18.38,189,0.5,2
10/5/24 16:00,0.4,6.5,378,71.6,18.6,0,18.38,201,1,2
10/7/24 11:00,0.4,6.5,377,76.9,17.5,0,17.58,338,1,2
10/7/24 12:00,0.4,6.5,378,75.7,17.5,0,17.4,338,0.5,2
10/7/24 13:00,0.8,6.4,379,75.3,17.5,0,17.4,49,1,2
10/7/24 14:00,0.9,6.4,379,75.5,17.5,0,17.4,52,1,2
10/7/24 15:00,0.9,6.1,379,75.5,17.5,0,17.4,56,0.5,2
10/7/24 16:00,1.1,5.9,379,75.8,17.5,0,17.4,53,0.5,2
10/7/24 17:00,1,6,372,75.8,17.1,0,17.64,326,1.5,2
10/7/24 18:00,1,6,373,75.3,17.1,0,17.64,312,1,2
10/7/24 19:00,1,6,374,75.3,17.1,0,17.64,196,1,2
10/7/24 20:00,1,6.1,375,75.1,17.1,0,17.64,284,2.1,2
10/7/24 21:00,1,6.1,374,76.1,17,0,17.08,341,1.5,2
10/7/24 22:00,1,6.1,373,75.9,17.1,0,17.08,8,2.6,2
10/7/24 23:00,1,6.1,372,75.9,16.6,0,16.12,326,2.1,2
10/8/24 0:00,1,6.1,372,76.8,16.6,0,16.12,276,3.1,2
10/8/24 1:00,0.9,6.1,371,76.6,16.6,0,16.12,291,2.6,2
10/8/24 2:00,0.9,6.2,371,75.4,16.6,0,16.12,267,2.1,2
10/8/24 3:00,0.9,6.2,372,76.2,16.6,0,16.12,250,2.1,2
10/8/24 4:00,0.9,6.2,372,76.9,16.6,0,16.12,333,1.5,2
10/8/24 5:00,0.9,6.2,368,75.6,16.2,0,16.18,325,2.6,2
10/8/24 6:00,0.9,6.2,367,75.2,16.2,0,16.18,300,3.6,2
10/8/24 7:00,0.9,6.2,367,75.1,16.2,0,16.18,56,2.6,2
10/8/24 8:00,0.8,6.2,366,75.4,16.1,0,15.86,61,1.5,2
10/8/24 9:00,0.5,4.5,365,76.5,16.1,0,15.86,310,1.5,2
10/8/24 10:00,1.1,6.5,365,76.4,16.1,0,15.86,247,3.1,2
10/8/24 11:00,1.1,6.4,367,76.2,15.5,0,15.58,161,0,2
10/8/24 12:00,1.1,6.4,366,76.3,15.5,0,15.58,154,0,2
10/8/24 13:00,1.1,6.5,368,76.3,15.5,0,15.58,169,0,2
10/8/24 14:00,1.1,6.5,368,76.3,15.5,0,15.58,164,0,2
10/8/24 15:00,1.1,6.5,369,76,15.5,0,15.58,160,0,2
10/8/24 16:00,1,6.5,370,75.8,15.5,0,15.58,167,0,2
10/8/24 17:00,1,6.5,366,77.9,14.9,0,14.52,30,0,2
10/8/24 18:00,1,6.5,366,78.4,14.8,0,14.52,30,0,2
10/8/24 19:00,1,6.5,368,79.1,14.8,0,14.52,27,0,2
10/8/24 20:00,0.9,6.5,368,78.4,14.8,0,14.52,29,0,2
10/8/24 21:00,0.9,6.5,369,78.9,14.8,0,14.9,34,0,2
10/8/24 22:00,0.9,6.5,369,79.3,14.8,0,14.9,27,0,2
10/8/24 23:00,0.9,6.6,371,82.4,14.2,0,12.68,34,0,2
10/9/24 0:00,0.9,6.6,371,82.2,14.2,0,12.68,32,0,2
10/9/24 1:00,0.9,6.6,371,82.6,14.2,0,12.68,34,0,2
10/9/24 2:00,0.9,6.5,371,81.9,14.2,0,12.68,27,0,2
10/9/24 3:00,0.9,6.5,371,80.7,14.2,0,12.68,27,0,2
10/9/24 4:00,1.2,6.4,372,80,14.2,0,12.68,33,0,2
10/9/24 5:00,1.1,6.4,376,80.9,14,0,12.16,34,0,2
10/9/24 6:00,1.1,6.4,376,82.2,13.9,0,12.16,31,0,2
10/9/24 7:00,1.4,6.3,377,82.5,13.9,0,12.26,26,0,2
10/9/24 8:00,0.7,6.5,377,81.1,13.9,0,12.26,32,0,2
10/9/24 9:00,0.7,6.5,377,79.8,14,0,12.26,31,0,2
10/9/24 10:00,0.7,6.5,380,81.6,13.9,0,12.2,34,0,2
10/9/24 11:00,0.7,6.5,381,80.5,13.9,0,12.2,27,0,2
10/9/24 12:00,0.7,6.5,381,80.8,14,0,12.2,33,0,2
10/9/24 13:00,0.7,6.5,381,82.3,13.9,0,12.2,30,0,2
10/9/24 14:00,0.6,6.5,381,82,13.9,0,12.2,31,0,2
10/9/24 15:00,0.6,6.5,379,81.5,13.9,0,12.32,25,0,2
10/9/24 16:00,0.6,6.5,379,79,14,0,12.06,34,0,2
10/9/24 17:00,0.6,6.5,378,79.1,14,0,12.06,26,0,2
10/9/24 18:00,0.6,6.5,378,78.8,14,0,12.06,28,0,2
10/9/24 19:00,0.6,6.5,377,79.1,14,0,12.06,33,0,2
10/9/24 20:00,0.6,6.5,377,79,14,0,12.08,30,0,2
10/9/24 21:00,0.6,6.5,377,79.8,14,0,12.08,33,0,2
10/9/24 22:00,0.6,6.5,386,81.6,13.9,0,12.5,28,0,2
10/9/24 23:00,0.6,6.5,386,81.7,13.9,0,12.5,29,0,2
10/10/24 0:00,0.6,6.5,386,81.4,13.9,0,12.5,27,0,2
10/10/24 1:00,0.6,6.5,386,82.9,13.9,0,12.5,30,0,2
10/10/24 2:00,0.6,6.4,386,84,13.9,0,12.5,30,0,2
10/10/24 3:00,0.6,6.5,386,83.9,13.9,0,12.5,31,0,2
10/10/24 4:00,1.4,6.2,387,83.7,14,4,12.16,30,0,2
10/10/24 5:00,1.3,6.3,387,84.1,14,4,12.16,30,0,2
10/10/24 6:00,0.8,6.4,386,83.7,13.9,4,12.28,28,0,2
10/10/24 7:00,0.8,6.4,386,82.6,14,3,12.28,32,0,2
10/10/24 8:00,1.2,6.3,385,82.1,14,2,12.28,32,0,2
10/10/24 9:00,1.2,6.3,385,82.5,14,2,12.28,32,0,2
10/10/24 10:00,1.1,6.3,391,76.4,15.5,102,12.88,31,0,2
10/10/24 11:00,1.1,6.3,391,76.9,15.5,102,12.88,27,0,2
10/10/24 12:00,1.1,6.3,393,77.6,15.5,106,12.88,29,0,2
10/10/24 13:00,1.1,6.3,392,78,15.5,108,12.88,29,0,2
10/10/24 14:00,1.1,6.3,392,78,15.5,108,12.88,30,0,2
10/10/24 15:00,1.1,6.3,392,77.8,15.5,108,12.9,28,0,2
10/10/24 16:00,1.1,6.4,397,75.7,17.9,169,14.5,344,3.1,2
10/10/24 17:00,1,6.4,397,76.6,17.9,167,14.5,344,1.5,2
10/10/24 18:00,1,6.4,397,76.5,17.9,169,14.5,344,0.5,2
10/10/24 19:00,1,6.4,397,76.5,17.9,172,14.72,344,1,2
10/10/24 20:00,1,6.4,396,76.1,17.9,172,14.72,345,0.5,2
10/10/24 21:00,1,6.4,396,76.6,18,172,14.72,287,2.1,2
10/10/24 22:00,1,6.4,382,55.1,27.1,421,16.42,65,0,2
10/10/24 23:00,1,6.5,381,55.2,27.1,431,16.42,62,0,2
10/11/24 0:00,1,6.5,381,55.1,27.1,444,16.42,63,0,2
10/11/24 1:00,1,6.5,381,55.9,27.1,437,16.42,71,0,2
10/11/24 2:00,0.9,6.5,381,55.8,27.2,430,16.42,79,0,2
10/11/24 3:00,0.9,6.5,381,55.7,27.2,430,16.42,188,1,2
10/11/24 4:00,1.1,6.3,367,50.1,28.4,664,17.04,39,3.6,2
10/11/24 5:00,1,6.3,366,49.8,28.4,666,17.04,30,4.2,2
10/11/24 6:00,1.4,6.3,366,49.7,28.5,666,17.04,29,2.6,2
10/11/24 7:00,0.8,6.4,365,49.6,28.5,667,17.22,23,2.1,2
10/11/24 8:00,0.7,6.4,365,49.3,28.5,667,17.22,31,2.1,2
10/11/24 9:00,1.5,6.3,365,49.4,28.5,667,17.22,2,2.6,2
10/11/24 10:00,1.5,6.3,353,40.8,28.7,809,17.86,358,1.5,2
10/11/24 11:00,1.4,6.3,353,39.6,28.7,808,17.86,53,3.6,2
10/11/24 12:00,1.4,6.4,353,39.5,28.7,806,17.86,30,3.1,2
10/11/24 13:00,1.4,6.3,353,39.8,28.7,803,17.86,42,2.6,2
10/11/24 14:00,1.4,6.3,352,39.3,28.8,802,17.86,48,3.6,2
10/11/24 15:00,1.4,6.4,352,38.9,28.9,802,17.86,0,2.6,2
10/11/24 16:00,1.4,6.4,355,41.5,29.4,686,18.8,169,2.6,2
10/11/24 17:00,1.3,6.4,355,41.2,29.4,681,18.8,248,1,2
10/11/24 18:00,1.3,6.4,355,41.1,29.4,681,18.8,307,2.6,2
10/11/24 19:00,1.3,6.5,355,41.7,29.4,675,18.96,333,3.1,2
10/11/24 20:00,1.3,6.5,355,42.2,29.4,675,18.96,287,2.6,2
10/11/24 21:00,1.3,6.5,354,42.3,29.3,675,18.96,282,2.6,2
10/11/24 22:00,1.2,6.5,353,40.2,28.8,470,19.46,36,1,2
10/11/24 23:00,1.2,6.5,353,40,28.8,469,19.46,35,1,2
10/12/24 0:00,1.2,6.5,353,39.4,28.8,467,19.46,37,0.5,2
10/12/24 1:00,1.2,6.5,353,39.3,28.8,468,19.46,40,1,2
10/12/24 2:00,1.2,6.5,353,39.5,28.8,467,19.7,39,1,2
10/12/24 3:00,1.2,6.5,353,39.6,28.8,467,19.7,39,1,2
10/12/24 4:00,1.5,6.3,355,38.9,28.1,465,19.48,320,0.5,2
10/12/24 5:00,1.3,6.3,355,38.6,28.1,465,19.26,320,0.5,2
10/12/24 6:00,1.4,6.3,356,38.7,28.2,465,19.26,319,0,2
10/12/24 7:00,1.3,6.3,355,38.7,28.2,464,19.26,318,0,2
10/12/24 8:00,0.9,6.5,356,38.4,28.2,462,19.26,318,0.5,2
10/12/24 9:00,0.8,6.5,356,38.3,28.2,460,19.26,323,0,2
10/12/24 10:00,0.8,6.5,354,40.6,28.7,238,19.86,126,0.5,2
10/12/24 11:00,0.8,6.5,354,40.5,28.7,238,19.86,125,0.5,2
10/12/24 12:00,0.6,6.5,354,40.2,28.8,236,19.86,128,1,2
10/12/24 13:00,0.5,6.5,355,40,28.8,234,19.86,129,1,2
10/12/24 14:00,0.5,6.5,355,40.5,28.8,234,19.86,152,1,2
10/12/24 15:00,0.5,6.5,355,40.1,28.9,235,19.84,153,1.5,2
10/12/24 16:00,0.5,6.5,365,43.9,27.3,7,19.06,200,1.5,2
10/12/24 17:00,0.5,6.5,364,43.4,27.3,7,18.98,199,1,2
10/12/24 18:00,0.5,6.5,364,43.4,27.3,8,18.98,200,0.5,2
10/12/24 19:00,0.5,6.5,361,44.1,27.3,9,18.98,199,1,2
10/12/24 20:00,0.5,6.5,360,44.1,27.3,8,18.98,203,1.5,2
10/12/24 21:00,0.4,6.5,371,53.1,24,0,17.98,306,1.5,2
10/12/24 22:00,0.4,6.5,372,52.5,23.9,0,17.98,306,1.5,2
10/12/24 23:00,0.4,6.5,373,52.2,23.9,0,17.98,305,1,2
10/13/24 0:00,0.4,6.5,373,52.3,24,0,18.02,305,1,2
10/13/24 1:00,0.4,6.5,373,51.3,24,0,18.02,305,1,2
10/13/24 2:00,0.4,6.5,382,59.8,21,0,16.28,271,1,2
10/13/24 3:00,0.4,6.5,382,59.9,21,0,16.38,275,0.5,2
10/13/24 4:00,0.8,6.4,381,59.7,21,0,16.38,274,1,2
10/13/24 5:00,0.9,6.4,381,61.2,21,0,16.38,276,1.5,2
10/13/24 6:00,0.9,6.1,381,60.9,21,0,16.38,58,1.5,2
10/13/24 7:00,1.1,5.9,381,61.2,21,0,16.38,59,1,2
10/13/24 8:00,1,6,385,68,18.8,0,13.74,37,0,2
10/13/24 9:00,1,6,385,67.4,18.9,0,13.74,36,0,2
10/13/24 10:00,1,6,385,67.3,18.9,0,13.74,36,0,2
10/13/24 11:00,1,6.1,385,67.9,18.9,0,13.74,38,0,2
10/13/24 12:00,1,6.1,385,67.8,18.9,0,13.88,37,0,2
10/13/24 13:00,1,6.1,392,73.6,17.5,0,13.12,61,0,2
10/13/24 14:00,1,6.1,392,74.4,17.5,0,13.12,64,0,2
10/13/24 15:00,1,6.1,392,74.5,17.6,0,13.12,61,0,2
10/13/24 16:00,0.9,6.1,392,74.9,17.6,0,13.24,60,0,2
10/13/24 17:00,0.9,6.2,393,74.9,17.6,0,13.24,64,0,2
10/13/24 18:00,0.9,6.2,393,75.9,17.5,0,13.24,62,0,2
10/13/24 19:00,0.9,6.2,396,76.2,16.5,0,12.58,58,0,2
10/13/24 20:00,0.9,6.2,397,76.2,16.5,0,12.58,64,0,2
10/13/24 21:00,0.9,6.2,397,76.1,16.5,0,12.58,64,0,2
10/13/24 22:00,0.9,6.2,396,76.9,16.5,0,12.58,64,0,2
10/13/24 23:00,0.8,6.2,396,77,16.5,0,12.58,59,0,2
10/14/24 0:00,0.8,6.2,396,77.3,16.4,0,12.58,64,0,2
10/14/24 1:00,0.8,6.2,401,76.8,15.8,0,12.24,64,0,2
10/14/24 2:00,0.8,6.2,401,76.6,15.8,0,12.24,60,0,2
10/14/24 3:00,0.3,6.5,400,76.6,15.8,0,12.24,61,0,2
10/14/24 4:00,0.3,6.5,401,76.1,15.8,0,11.8,63,0,2
10/14/24 5:00,1.1,5.9,400,75.8,15.8,0,11.8,62,0,2
10/14/24 6:00,1.1,5.9,400,75.4,15.8,0,11.8,62,0,2
10/14/24 7:00,0.3,6.5,404,77.7,15.4,0,11.04,58,0,2
10/14/24 8:00,0.4,6.3,404,77.5,15.4,0,11.04,63,0,2
10/14/24 9:00,1.1,6.1,404,77.3,15.4,0,11.04,60,0,2
10/14/24 10:00,1.1,6.1,404,77.8,15.4,0,11.04,62,0,2
10/14/24 11:00,1.1,6.1,403,77.4,15.4,0,11.04,60,0,2
10/14/24 12:00,1.1,6.1,402,77.7,15.4,0,11.04,62,0,2
10/14/24 13:00,1.1,6.1,404,81.5,14.6,0,11.18,59,0,2
10/14/24 14:00,1.1,6.2,404,81.7,14.6,0,11.18,61,0,2
10/14/24 15:00,0.9,6.3,405,80.5,14.7,0,11.32,64,0,2
10/14/24 16:00,1.2,5.8,405,80.8,14.6,0,11.32,61,0,2
10/14/24 17:00,1.2,5.8,406,80.4,14.7,0,11.32,62,0,2
10/14/24 18:00,1.2,5.8,407,80.4,14.5,0,11.26,59,0,2
10/14/24 19:00,1.2,6,407,79.1,14.5,0,11.26,61,0,2
10/14/24 20:00,1.2,6,407,80.2,14.5,0,11.26,60,0,2
10/14/24 21:00,1.2,6,407,80.7,14.5,0,11.26,61,0,2
10/14/24 22:00,1.2,6.1,407,81.4,14.5,0,11.16,59,0,2
10/14/24 23:00,1.1,6.1,407,81.2,14.5,0,11.16,59,0,2
10/15/24 0:00,1.1,6.1,407,83.3,14,0,10.7,57,0,2
10/15/24 1:00,1.1,6.1,407,80.9,14.1,0,10.7,60,0,2
10/15/24 2:00,1.1,6.1,408,81.2,14,0,10.6,60,0,2
10/15/24 3:00,1.1,6.1,408,80.6,14,0,10.6,62,0,2
10/15/24 4:00,1.1,6.2,409,81.3,14,0,10.6,63,0,2
10/15/24 5:00,1,6.2,409,81,14,0,10.6,59,0,2
10/15/24 6:00,1,6.2,409,80.5,13.6,0,10.26,58,0,2
10/15/24 7:00,1,6.2,410,80.1,13.5,0,10.26,60,0,2
10/15/24 8:00,1,6.2,410,80.8,13.5,0,10.26,63,0,2
10/15/24 9:00,1,6.2,410,81,13.5,0,10.12,60,0,2
10/15/24 10:00,0.3,6.4,410,81.8,13.5,0,10.12,60,0,2
10/15/24 16:00,0.3,6.4,409,80.5,13.2,0,9.7,60,0,2
10/15/24 17:00,1.2,6.2,408,81.1,13.2,0,10,60,0,2
10/15/24 18:00,1.2,6.2,408,81.2,13.2,0,10,63,0,2
10/15/24 19:00,1.2,5.8,408,82,13.2,0,10,64,0,2
10/15/24 20:00,1.2,5.9,409,81.7,13.2,0,10,59,0,2
10/15/24 21:00,1.2,5.8,408,81.7,13.2,0,10,60,0,2
10/15/24 22:00,1.2,5.9,414,81.7,13.2,0,10.14,63,0,2
10/15/24 23:00,1.2,5.9,413,82,13.1,0,10.14,62,0,2
10/16/24 0:00,1.2,6,413,82.1,13.2,0,10.14,62,0,2
10/16/24 1:00,1.2,6,413,81.6,13.2,0,10.02,65,0,2
10/16/24 2:00,1.1,6,412,80.3,13.2,0,10.02,61,0,2
10/16/24 3:00,1.1,6,412,80.6,13.2,0,10.02,61,0,2
10/16/24 4:00,1.1,6,414,80.4,13.2,0,10,60,0,2
10/16/24 5:00,1.1,6.1,414,80.1,13.2,0,10,63,0,2
10/16/24 6:00,1.1,6.1,415,81.1,13.2,0,10,63,0,2
10/16/24 7:00,1.1,6.1,415,82.3,13.2,0,10,63,0,2
10/16/24 8:00,1.1,6.1,415,81.2,13.1,0,10,65,0,2
10/16/24 9:00,1,6.1,416,80.9,13.1,0,10.12,63,0,2
10/16/24 10:00,1,6.1,416,75.2,16.8,64,11.02,64,0,2
10/16/24 11:00,1,6.1,416,75.2,16.8,71,11.02,63,0,2
10/16/24 12:00,1,6.1,416,75.4,16.8,78,11.02,63,0,2
10/16/24 13:00,1,6.1,416,74.6,16.8,89,11.18,62,0,2
10/16/24 14:00,1,6.1,416,75.1,16.7,99,11.18,63,0,2
10/16/24 15:00,0.3,6.4,416,74.5,16.8,112,11.18,63,0,2
10/16/24 16:00,0.3,6.4,417,67.1,24,318,14.18,105,1,2
10/16/24 17:00,0.3,6.4,418,66.1,24,316,14.18,105,0.5,2
10/16/24 18:00,0.3,6.4,417,65.7,24.1,318,14.18,105,0.5,2
10/16/24 19:00,0.4,6.4,416,63.9,24.1,324,14.18,103,0.5,2
10/16/24 20:00,1.1,6.1,415,63.8,24.2,323,14.14,106,0,2
10/16/24 21:00,1.2,5.8,418,60.3,26.5,250,15.62,157,0,2
10/16/24 22:00,1.2,5.9,417,60.4,26.4,254,15.68,160,0,2
10/16/24 23:00,1.2,5.9,417,59.8,26.5,270,15.68,160,0,2
10/17/24 0:00,1.2,5.9,419,59.9,26.4,274,15.68,161,0,2
10/17/24 1:00,1.1,6,419,59.9,26.5,274,15.68,159,0,2
10/17/24 2:00,1.1,6.1,372,49.5,28.6,592,18.84,125,3.6,2
10/17/24 3:00,1.1,6,371,50,28.6,574,18.84,127,2.1,2
10/17/24 4:00,1.1,6,371,49.6,28.6,549,18.84,122,1,2
10/17/24 5:00,1.1,6,371,49.6,28.7,520,18.84,95,1.5,2
10/17/24 6:00,1.1,6,371,49.8,28.7,505,18.84,94,1.5,2
10/17/24 7:00,1.1,6,373,49.1,28.7,508,18.7,52,2.6,2
10/17/24 8:00,1,6,352,48.4,28.4,348,18.74,325,0,2
10/17/24 9:00,1,6.1,352,48.2,28.4,344,18.74,65,0,2
10/17/24 10:00,1,6.1,352,48.7,28.4,339,18.74,128,1.5,2
10/17/24 11:00,1,6.1,352,49,28.4,334,18.74,128,1,2
10/17/24 12:00,1,6.1,352,49.5,28.4,334,18.74,126,1,2
10/17/24 13:00,1,6.1,352,49.9,28.4,333,18.74,97,0.5,2
10/17/24 14:00,1,6.1,373,59.2,25.9,176,18.34,141,1,2
10/17/24 15:00,0.3,6.4,374,59.5,25.9,172,18.34,138,0.5,2
10/17/24 16:00,0.3,6.4,373,59.5,25.9,171,18.34,114,1,2
10/17/24 17:00,1.2,6,374,59,25.9,171,18.34,99,2.1,2
10/17/24 18:00,1.2,5.8,373,58.6,25.9,170,18.32,92,1.5,2
10/17/24 19:00,1.2,5.9,371,63.3,23.7,113,15.98,114,1,2
10/17/24 20:00,1.2,5.9,369,63.2,23.6,113,15.88,111,1,2
10/17/24 21:00,1.2,5.8,369,62.9,23.6,112,15.88,92,2.1,2
10/17/24 22:00,1.2,5.9,369,63.6,23.6,109,15.88,119,1,2
10/17/24 23:00,1.2,5.9,370,63.8,23.6,109,15.88,119,2.1,2
10/18/24 0:00,1.2,5.9,370,64.6,23.6,107,15.88,122,1,2
10/18/24 1:00,1.2,5.9,376,65.7,23.6,47,16.64,72,0,2
10/18/24 2:00,1.2,6,376,65.9,23.6,48,16.64,76,0,2
10/18/24 3:00,1.2,6,377,66.1,23.6,47,16.64,75,0,2
10/18/24 4:00,1.2,6,377,66.2,23.6,50,16.64,75,0,2
10/18/24 5:00,1.1,6,377,66.7,23.6,50,16.64,77,0,2
10/18/24 6:00,1.1,6.1,377,67.1,23.7,51,16.64,73,0,2
10/18/24 7:00,1.1,6.1,383,69.7,22.5,9,16.82,80,1.5,2
10/18/24 8:00,1.1,6.1,383,69.5,22.5,9,16.58,81,1,2
10/18/24 9:00,1.1,6,383,69.4,22.5,10,16.58,84,1,2
10/18/24 10:00,1.1,6.1,383,69.5,22.5,10,16.58,82,1.5,2
10/18/24 11:00,1.1,6.1,383,69.5,22.5,10,16.58,85,0.5,2
10/18/24 12:00,1,6.1,382,68.3,22.5,10,16.58,84,1,2
10/18/24 13:00,1,6.1,389,75.3,20.1,2,14.82,338,0.5,2
10/18/24 14:00,1,6.1,389,75.8,20.1,2,14.82,334,1,2
10/18/24 15:00,0.3,6.3,389,75.9,20.2,1,14.82,333,0.5,2
10/18/24 16:00,0.3,6.3,389,76.1,20.1,1,14.82,334,0,2
10/18/24 17:00,0.3,6.3,390,77.1,20.1,1,14.44,335,0,2
10/18/24 18:00,1.2,5.8,390,77,20.1,1,14.44,350,1.5,2
10/18/24 19:00,1.2,5.9,396,80.5,18.8,0,14.12,244,0,2
10/18/24 20:00,1.2,5.9,396,80.1,18.8,0,14.12,244,0,2
10/18/24 21:00,1.2,6,397,79.8,18.8,0,14.36,243,0,2
10/18/24 22:00,1.2,6,396,80.1,18.8,0,14.36,245,0,2
10/18/24 23:00,1.2,6,395,80.3,18.8,1,14.36,249,0,2
10/19/24 0:00,1.2,6,393,80.9,18.8,1,14.36,249,0,2
10/19/24 1:00,1.2,6.1,397,81.9,17.8,0,14.38,113,0.5,2
10/19/24 2:00,1.1,6.1,396,81.7,17.8,0,14.38,119,0.5,2
10/19/24 3:00,1.1,6.1,396,81.4,17.8,0,14.38,115,0.5,2
10/19/24 4:00,1.1,6.1,396,81.4,17.8,0,14.38,115,1.5,2
10/19/24 5:00,1.1,6.1,395,82.3,17.8,0,14.38,113,1.5,2
10/19/24 6:00,1.1,6.1,395,83.4,17.8,0,14.12,113,1,2
10/19/24 7:00,1.1,6.1,404,82.4,16.4,0,12.88,41,0.5,2
10/19/24 8:00,1.1,6.1,404,82.4,16.4,0,12.88,39,0.5,2
10/19/24 9:00,1,6.1,403,83.9,16.3,0,12.88,34,0.5,2
10/19/24 10:00,1,6.1,402,82.6,16.3,0,12.62,38,0,2
10/19/24 11:00,1,6.1,402,83.1,16.3,0,12.62,31,0,2
10/19/24 12:00,1,6.1,402,83.2,16.3,0,12.62,38,0,2
10/19/24 13:00,1,6.1,401,82.4,15.5,0,11.86,47,0,2
10/19/24 14:00,1,6.1,401,81.9,15.5,0,11.86,51,0,2
10/19/24 15:00,0.3,6.4,401,82.8,15.5,0,11.86,47,0,2
10/19/24 16:00,0.3,6.3,401,82.6,15.5,0,11.86,54,0,2
10/19/24 17:00,0.3,6.3,400,82.9,15.5,0,11.86,48,0,2
10/19/24 18:00,0.3,6.3,401,81.2,14.7,0,11.12,49,0,2
10/19/24 19:00,1.1,5.8,401,80.5,14.8,0,11.12,50,0,2
10/19/24 20:00,1.2,5.9,400,78.4,14.8,0,11.74,49,0,2
10/19/24 21:00,1.2,5.9,400,79.2,14.7,0,11.74,55,0,2
10/19/24 22:00,1.2,5.9,401,79.4,14.6,0,11.74,53,0,2
10/19/24 23:00,1.2,6,405,83.7,14.1,0,11.92,51,0,2
10/20/24 0:00,1.2,6,405,83.6,14.1,0,11.92,52,0,2
10/20/24 1:00,1.2,6,403,82.7,14.1,0,11.92,51,0,2
10/20/24 2:00,1.1,6,403,82.5,14.1,0,11.92,53,0,2
10/20/24 3:00,1.1,6.1,403,83,14.1,0,11.92,47,0,2
10/20/24 4:00,1.1,6.1,404,82.5,14.1,0,11.7,44,0,2
10/20/24 5:00,1.1,6.1,402,85.8,13.7,0,11.58,48,0,2
10/20/24 6:00,1.1,6.1,403,85.9,13.7,0,11.58,52,0,2
10/20/24 7:00,1,6.1,403,84.5,13.7,0,11.58,50,0,2
10/20/24 8:00,1,6.1,404,84.7,13.7,0,11.4,56,0,2
10/20/24 9:00,1,6.2,404,84.9,13.7,0,11.4,52,0,2
10/20/24 10:00,1,6.1,405,82.2,13.7,0,11.4,46,0,2
10/20/24 11:00,1,6.2,400,85.2,13.4,0,11.66,56,0,2
10/20/24 12:00,1,6.1,400,85.6,13.4,0,11.66,52,0,2
10/20/24 13:00,1,6.2,400,84.9,13.4,0,11.66,47,0,2
10/20/24 14:00,1,6.2,401,85.3,13.5,0,11.66,47,0,2
10/20/24 15:00,0.4,6.3,402,84.9,13.5,0,11.66,45,0,2
10/20/24 16:00,0.4,6.3,403,84.6,13.5,0,11.16,48,0,2
10/20/24 17:00,1.1,5.8,404,84.8,13.1,0,12.12,56,0,2
10/20/24 18:00,1.2,5.7,404,84.1,13.1,0,11.7,51,0,2
10/20/24 19:00,1.2,5.7,404,83.5,13.1,0,11.7,48,0,2
10/20/24 20:00,1.1,5.8,405,83.7,13.1,0,11.7,49,0,2
10/20/24 21:00,1.2,5.8,406,82.9,13.1,0,11.7,53,0,2
10/20/24 22:00,1.2,5.9,406,82.8,13.1,0,11.7,50,0,2
10/20/24 23:00,1.2,6,412,82.5,12.9,0,10.76,48,0,2
10/21/24 0:00,1.2,6,412,82.6,12.9,0,10.76,53,0,2
10/21/24 1:00,1.2,6,411,83,12.9,0,10.76,53,0,2
10/21/24 2:00,1.2,6,409,83.3,12.9,0,10.76,54,0,2
10/21/24 3:00,1.1,6.1,409,83.5,12.9,0,10.94,48,0,2
10/21/24 4:00,1.1,6.1,409,81.9,13,0,10.94,46,0,2
10/21/24 5:00,1.1,6.1,412,83.3,12.6,0,9.64,51,0,2
10/21/24 6:00,1.1,6.1,411,82.6,12.7,0,10.44,54,0,2
10/21/24 7:00,1.1,6.1,411,82.6,12.7,0,10.44,54,0,2
10/21/24 8:00,1.1,6.1,411,82.3,12.7,0,10.44,62,0,2
10/21/24 9:00,1,6.1,411,82.4,12.6,0,10.44,51,0,2
10/21/24 10:00,1,6.1,410,82.3,12.6,0,10.44,55,0,2
10/21/24 11:00,1,6.1,413,83.2,12.4,0,11.16,49,0,2
10/21/24 12:00,1,6.1,412,83.2,12.4,0,11.16,51,0,2
10/21/24 13:00,1,6.1,412,84.2,12.4,0,11.16,49,0,2
10/21/24 14:00,1,6.1,412,83.6,12.4,0,11.16,48,0,2
10/21/24 15:00,0.4,6.3,411,83.7,12.4,0,10.86,51,0,2
10/21/24 16:00,0.4,6.3,410,84.6,12.4,0,10.86,50,0,2
10/21/24 17:00,1.2,5.8,416,80.7,12.1,0,10.38,49,0,2
10/21/24 18:00,1.2,5.8,415,80.7,12,0,10.38,50,0,2
10/21/24 19:00,1.2,5.9,416,80.3,12.1,0,10.38,49,0,2
10/21/24 20:00,1.2,5.7,416,79.6,12.1,0,10.38,49,0,2
10/21/24 21:00,0.3,6.3,417,79.7,12.1,0,10.38,53,0,2
10/21/24 22:00,1,6.2,423,82.9,12.2,8,10.36,62,0,2
10/21/24 23:00,1,5.9,422,82.9,12.2,8,10.36,51,0,2
10/22/24 0:00,1.1,6.1,421,82.6,12.2,8,10.36,55,0,2
10/22/24 1:00,1,5.9,421,82.1,12.2,8,10.36,51,0,2
10/22/24 2:00,1.1,6,420,81.7,12.2,8,10.52,52,0,2
10/22/24 3:00,1.1,6.1,420,82.4,12.2,8,10.52,55,0,2
10/22/24 4:00,1.1,6.1,419,70,18.8,121,11.22,192,0.5,2
10/22/24 5:00,1.1,6.1,418,70.2,18.9,117,10.76,199,0,2
10/22/24 6:00,1,6.1,418,70.4,18.9,117,10.76,198,0.5,2
10/22/24 7:00,1,6.1,417,70.4,18.9,117,10.76,192,0.5,2
10/22/24 8:00,1,6.1,418,70.1,18.9,117,10.76,193,1.5,2
10/22/24 9:00,1,6.1,419,70.1,18.9,119,10.76,196,1,2
10/22/24 10:00,1,6.1,425,61.6,26.9,340,14.28,93,1,2
10/22/24 11:00,1,6.1,425,61.7,27,339,14.28,189,1.5,2
10/22/24 12:00,0.9,6.1,426,62.2,27,343,14.28,197,1,2
10/22/24 13:00,0.9,6.1,426,62.2,27,343,14.28,180,1.5,2
10/22/24 14:00,0.9,6.1,426,62.2,26.9,348,14.42,188,1,2
10/22/24 15:00,0.9,6.1,398,55.4,28.1,544,15.08,190,2.1,2
10/22/24 16:00,0.9,6.1,398,55.2,28.1,542,15.08,197,1,2
10/22/24 17:00,0.9,6.1,398,55.1,28.1,542,15.12,197,0.5,2
10/22/24 18:00,0.9,6.1,398,53.8,28.2,543,15.12,187,0.5,2
10/22/24 19:00,1,5.9,397,54.4,28.2,544,15.12,194,0.5,2
10/22/24 20:00,0.9,6,396,54.3,28.2,546,15.12,202,0,2
10/22/24 21:00,1,5.9,382,53.4,29.1,687,17.34,219,1.5,2
10/22/24 22:00,1,6.1,383,52.9,29.2,686,17.34,210,1,2
10/22/24 23:00,1,6,383,52.7,29.2,687,17.34,210,0.5,2
10/23/24 0:00,1,5.9,383,52.6,29.3,686,17.34,216,1.5,2
10/23/24 1:00,1,6,383,52.6,29.3,690,17.34,175,1,2
10/23/24 2:00,1,6,382,52.8,29.3,694,17.36,139,2.6,2
10/23/24 3:00,1,6.1,361,48.7,31.9,264,18.68,210,2.6,2
10/23/24 4:00,1,6.1,361,48.8,31.8,287,18.68,198,2.6,2
10/23/24 5:00,1,6.1,361,49.1,31.8,362,18.82,195,1.5,2
10/23/24 6:00,1,6.1,361,49.2,31.7,362,18.82,195,1.5,2
10/23/24 7:00,1,6,361,49.4,31.7,432,18.82,196,1.5,2
10/23/24 8:00,1,5.9,359,48.7,31.7,503,18.82,190,1.5,2
10/23/24 9:00,1,6.1,353,47.7,30.4,746,20.74,280,0,2
10/23/24 10:00,1.1,6.1,352,47.8,30.5,739,20.74,280,0.5,2
10/23/24 11:00,1.1,6.1,351,47.6,30.5,735,20.74,282,1.5,2
10/23/24 12:00,1.1,6.2,350,47.7,30.6,731,20.74,280,1,2
10/23/24 13:00,1.1,6.2,350,47,30.5,731,20.74,285,0.5,2
10/23/24 14:00,1.1,6.2,350,46.9,30.6,732,20.74,304,1.5,2
10/23/24 15:00,1.1,6.2,353,42.3,32.7,606,22.5,0,2.1,2
10/23/24 16:00,1,6.2,354,42.3,32.7,603,22.5,1,2.6,2
10/23/24 17:00,1,6.2,354,42.1,32.6,606,22.44,1,1.5,2
10/23/24 18:00,1,6.2,355,42.1,32.6,607,22.44,359,2.6,2
10/23/24 19:00,1.1,6.2,354,42.2,32.6,607,22.44,0,1.5,2
10/23/24 20:00,0.9,6.3,354,41.7,32.6,606,22.44,4,1.5,2
10/23/24 21:00,1.2,5.8,361,39.8,33,445,22.94,32,0.5,2
10/23/24 22:00,1.2,5.8,361,39.9,33,444,22.94,21,1,2
10/23/24 23:00,1.2,5.8,360,40.1,33,444,22.94,20,1.5,2
10/24/24 0:00,1.2,6,359,39.9,32.9,442,22.94,19,1,2
10/24/24 1:00,1.2,6,358,39.9,33,445,22.94,22,1.5,2
10/24/24 2:00,1.2,6,357,39.9,33,445,22.96,18,1.5,2
10/24/24 3:00,1.2,6.1,355,43.7,31.3,229,23.52,26,0.5,2
10/24/24 4:00,1.1,6.1,355,44.1,31.2,231,23.52,26,0.5,2
10/24/24 5:00,1.1,6.1,356,44.4,31.1,231,23.52,27,1.5,2
10/24/24 6:00,1.1,6.1,356,44.6,31.1,229,23.3,24,1,2
10/24/24 7:00,1.1,6.1,356,44,31.1,227,23.3,26,0.5,2
10/24/24 8:00,1.1,6.1,358,44.6,31,227,23.3,23,1,2
10/24/24 9:00,1.1,6.2,364,47.4,27.7,4,21.8,58,0.5,2
10/24/24 10:00,1,6.2,365,47.1,27.7,4,21.84,58,0.5,2
10/24/24 11:00,1,6.2,364,48,27.6,4,21.84,60,0.5,2
10/24/24 12:00,1,6.2,361,47.8,27.7,1,21.84,59,0.5,2
10/24/24 13:00,1,6.2,358,48.1,27.7,1,21.84,59,1,2
10/24/24 14:00,1,6.2,358,47.7,27.7,1,21.84,60,0.5,2
10/24/24 15:00,0.3,6.4,368,54.1,24.7,0,20.4,0,1,2
10/24/24 16:00,0.3,6.4,368,54.7,24.7,3,20.4,0,1,2
10/24/24 17:00,1.2,6.2,368,54.9,24.6,3,20.4,0,0.5,2
10/24/24 18:00,1.2,6.2,369,54.8,24.6,3,20.4,0,0.5,2
10/24/24 19:00,1.2,5.8,369,54.9,24.6,3,20.22,3,1.5,2
10/24/24 20:00,1.2,5.9,369,55,24.6,3,20.22,0,1.5,2
10/24/24 21:00,1.2,5.8,377,67.3,21.5,0,17.3,57,0,2
10/24/24 22:00,1.2,5.9,378,67.5,21.5,0,16.88,51,0,2
10/24/24 23:00,1.2,5.9,378,67.3,21.5,0,16.88,56,0,2
10/25/24 0:00,1.2,6,378,67,21.4,0,16.88,55,0,2
10/25/24 1:00,1.2,6,379,67.3,21.4,0,16.88,55,0,2
10/25/24 2:00,1.1,6,378,67.1,21.4,0,16.88,57,0,2
10/25/24 3:00,1.1,6,390,72.6,19.6,0,17,20,0,2
10/25/24 4:00,1.1,6,389,72.5,19.6,0,17,18,0,2
10/25/24 5:00,1.1,6.1,388,72.4,19.5,0,17,22,0,2
10/25/24 6:00,1.1,6.1,388,73.4,19.5,0,17,17,0,2
10/25/24 7:00,1.1,6.1,387,73.3,19.6,0,17,21,0,2
10/25/24 8:00,1.1,6.1,388,73.4,19.6,0,16.76,20,0,2
10/25/24 9:00,1,6.1,395,76.5,18.5,0,15.72,36,0,2
10/25/24 10:00,1,6.1,395,77.3,18.5,0,15.72,35,0,2
10/25/24 11:00,1,6.1,396,77.5,18.5,0,15.64,32,0,2
10/25/24 12:00,1,6.1,395,77.6,18.5,0,15.64,34,0,2
10/25/24 13:00,1,6.1,395,77.3,18.5,0,15.64,35,0,2
10/25/24 14:00,1,6.1,396,76.8,18.5,0,15.64,34,0,2
10/25/24 15:00,0.3,6.4,399,79.1,17.5,0,15.24,34,0,2
10/25/24 16:00,0.3,6.4,399,79.1,17.5,0,15.24,36,0,2
10/25/24 17:00,0.3,6.4,399,79.1,17.5,0,15.24,35,0,2
10/25/24 18:00,0.3,6.4,400,78.4,17.6,0,15.24,36,0,2
10/25/24 19:00,0.4,6.4,400,78.2,17.6,0,15.24,35,0,2
10/25/24 20:00,1.1,6.1,400,78.2,17.5,0,15.28,34,0,2
10/25/24 21:00,1.2,5.8,408,77.7,16.7,0,14.44,36,0,2
10/25/24 22:00,1.2,5.9,407,77.3,16.7,0,14.44,36,0,2
10/25/24 23:00,1.2,5.9,406,77.9,16.7,0,14.44,34,0,2
10/26/24 0:00,1.2,5.9,405,77.8,16.7,0,14.66,34,0,2
10/26/24 1:00,1.1,6,403,81,16.7,0,14.66,34,0,2
10/26/24 2:00,1.1,6.1,403,80.1,16.7,0,14.66,34,0,2
10/26/24 3:00,1.1,6,410,80.2,16.3,0,13.32,35,0,2
10/26/24 4:00,1.1,6,409,81.2,16.2,0,13.32,34,0,2
10/26/24 5:00,1.1,6,410,81.4,16.2,0,13.32,35,0,2
10/26/24 6:00,1.1,6,410,81.2,16.2,0,13.32,36,0,2
10/26/24 7:00,1.1,6,409,81.1,16.3,0,13.32,35,0,2
10/26/24 8:00,1,6,409,82.8,16.2,0,13.32,32,0,2
10/26/24 9:00,1,6.1,415,79.4,15.7,0,13.24,34,0,2
10/26/24 10:00,1,6.1,415,79.2,15.7,0,13.24,35,0,2
10/26/24 11:00,1,6.1,415,76.7,15.7,0,13.24,36,0,2
10/26/24 12:00,1,6.1,415,75.5,15.7,0,13.18,37,0,2
10/26/24 13:00,1,6.1,415,75.3,15.7,0,13.18,37,0,2
10/26/24 14:00,1,6.1,414,75.6,15.7,0,13.18,32,0,2
10/26/24 15:00,0.3,6.4,413,83.2,15,0,12.62,35,0,2
10/26/24 16:00,0.3,6.4,414,81.9,15,0,12.62,34,0,2
10/26/24 17:00,1.2,6,414,81.9,15.1,0,12.62,34,0,2
10/26/24 18:00,1.2,5.8,413,81.9,15,0,12.62,34,0,2
10/26/24 19:00,1.2,5.9,413,81.8,15.1,0,12.62,34,0,2
10/26/24 20:00,1.2,5.9,418,82.8,14.5,0,11.64,32,0,2
10/26/24 21:00,1.2,5.8,418,82.7,14.4,0,11.64,34,0,2
10/26/24 22:00,1.2,5.9,418,82.8,14.4,0,11.64,36,0,2
10/26/24 23:00,1.2,5.9,418,83.3,14.4,0,11.86,36,0,2
10/27/24 0:00,1.2,5.9,419,83,14.4,0,11.86,34,0,2
10/27/24 1:00,1.2,5.9,419,82.8,14.4,0,11.86,34,0,2
10/27/24 2:00,1.2,6,420,83.6,14,0,11.86,35,0,2
10/27/24 3:00,1.2,6,420,83.2,14,0,11.86,36,0,2
10/27/24 4:00,1.2,6,421,83.4,14,0,11.86,35,0,2
10/27/24 5:00,1.1,6,420,83,14.1,0,11.86,33,0,2
10/27/24 6:00,1.1,6.1,420,82.5,14,0,11.86,36,0,2
10/27/24 7:00,1.1,6.1,421,82.5,14,0,11.86,34,0,2
10/27/24 8:00,1.1,6.1,420,86,13.7,0,11.96,34,0,2
10/27/24 9:00,1.1,6,421,85.3,13.7,0,11.96,35,0,2
10/27/24 10:00,1.1,6.1,421,84.9,13.6,0,11.96,35,0,2
10/27/24 11:00,1.1,6.1,421,84.4,13.6,0,11.9,34,0,2
10/27/24 12:00,1,6.1,421,84,13.6,0,11.9,32,0,2
10/27/24 13:00,1,6.1,420,84.1,13.7,0,11.9,35,0,2
10/27/24 14:00,1,6.1,423,81.9,13.6,0,11.64,35,0,2
10/27/24 15:00,0.3,6.3,423,81.2,13.6,0,11.64,34,0,2
10/27/24 16:00,0.3,6.3,423,80.8,13.6,0,11.64,33,0,2
10/27/24 17:00,0.3,6.3,422,80.6,13.6,0,11.64,34,0,2
10/27/24 18:00,1.2,5.8,421,80.5,13.6,0,11.76,37,0,2
10/27/24 19:00,1.2,5.9,421,80.8,13.5,0,11.76,37,0,2
10/27/24 20:00,1.2,5.9,425,84.2,13.6,1,11.56,33,0,2
10/27/24 21:00,1.2,6,425,84.2,13.6,2,11.56,35,0,2
10/27/24 22:00,1.2,6,424,85.1,13.5,2,11.42,34,0,2
10/27/24 23:00,1.2,6,425,85.8,13.5,2,11.42,35,0,2
10/28/24 0:00,1.2,6,425,86,13.6,2,11.42,34,0,2
10/28/24 1:00,1.2,6.1,425,85.4,13.6,2,11.42,36,0,2
10/28/24 2:00,1.1,6.1,418,69.5,20.7,177,13.86,33,0,2
10/28/24 3:00,1.1,6.1,417,70,20.7,179,13.86,33,0,2
10/28/24 4:00,1.1,6.1,418,70.1,20.7,179,13.86,31,0,2
10/28/24 5:00,1.1,6.1,417,69.4,20.9,182,13.86,32,0,2
10/28/24 6:00,1.1,6.1,418,69.4,20.9,188,13.84,33,0,2
10/28/24 7:00,1.1,6.1,417,69.7,20.9,190,13.84,32,0,2
10/28/24 8:00,1.1,6.1,417,60.1,27.1,326,16.1,220,0,2
10/28/24 9:00,1,6.1,416,60.8,27.1,325,16.1,214,0,2
10/28/24 10:00,1,6.1,415,61.3,27.1,328,16.36,219,0,2
10/28/24 11:00,1,6.1,415,61.6,27.1,328,16.36,218,0,2
10/28/24 12:00,1,6.1,414,61.5,27.2,329,16.36,215,0,2
10/28/24 13:00,1,6.1,414,62.2,27.2,332,16.36,215,0,2
10/28/24 14:00,1,6.1,392,51.4,29.5,536,18.7,145,0,2
10/28/24 15:00,0.3,6.4,392,51,29.5,537,18.7,145,0,2
10/28/24 16:00,0.3,6.3,392,50.8,29.5,538,18.7,134,0,2
10/28/24 17:00,0.3,6.3,392,50.9,29.5,538,18.7,134,0,2
10/28/24 18:00,0.3,6.3,391,50.8,29.5,539,18.7,132,0,2
10/28/24 19:00,1.1,5.8,390,50.7,29.6,540,18.72,131,0,2
10/28/24 20:00,1.2,5.9,358,50.8,31.3,532,20.82,144,1.5,2
10/28/24 21:00,1.2,5.9,358,51.2,31.4,486,20.82,146,0.5,2
10/28/24 22:00,1.2,5.9,359,51.3,31.4,478,21.06,145,0,2
10/28/24 23:00,1.2,6,359,51.4,31.4,483,21.06,138,0.5,2
10/29/24 0:00,1.2,6,359,51.4,31.4,502,21.06,137,0.5,2
10/29/24 1:00,1.2,6,359,50.9,31.3,533,21.06,139,1,2
10/29/24 2:00,1.1,6,349,46.4,32.6,642,21.54,195,0.5,2
10/29/24 3:00,1.1,6.1,348,47.2,32.7,640,21.54,196,0.5,2
10/29/24 4:00,1.1,6.1,349,47.5,32.7,641,21.54,196,0.5,2
10/29/24 5:00,1.1,6.1,349,47.4,32.7,638,21.54,196,0.5,2
10/29/24 6:00,1.1,6.1,350,47.5,32.7,639,21.54,197,0.5,2
10/29/24 7:00,1,6.1,350,47,32.7,644,21.3,194,0,2
10/29/24 8:00,1,6.1,347,46.1,32.5,699,22.92,81,0.5,2
10/29/24 9:00,1,6.2,346,45.9,32.6,705,22.92,80,0,2
10/29/24 10:00,1,6.1,345,45.2,32.6,709,22.92,81,0,2
10/29/24 11:00,1,6.2,344,45.2,32.7,710,22.92,80,0,2
10/29/24 12:00,1,6.1,343,44.8,32.6,714,22.92,82,0,2
10/29/24 13:00,1,6.2,343,42.8,33.9,652,24.1,172,1,2
10/29/24 14:00,1,6.2,344,43,33.9,653,24.1,171,1,2
10/29/24 15:00,0.4,6.3,343,42.9,33.9,653,24.1,173,0.5,2
10/29/24 16:00,0.4,6.3,343,43.3,33.9,653,24.1,173,0.5,2
10/29/24 17:00,1.1,5.8,343,42.8,33.9,651,24.2,175,0,2
10/29/24 18:00,1.2,5.7,343,42.5,34,647,24.2,173,1,2
10/29/24 19:00,1.2,5.7,341,45,31.3,397,24.14,73,1.5,2
10/29/24 20:00,1.1,5.8,341,45,31.3,397,24.14,73,1,2
10/29/24 21:00,1.2,5.8,341,44.7,31.3,403,23.96,83,0.5,2
10/29/24 22:00,1.2,5.9,341,44.7,31.3,406,23.96,67,0.5,2
10/29/24 23:00,1.2,6,342,44.7,31.4,412,23.96,147,1,2
10/30/24 0:00,1.2,6,342,44.6,31.4,412,23.96,85,1.5,2
10/30/24 1:00,1.2,6,348,43.4,31.5,217,23.72,262,1,2
10/30/24 2:00,1.2,6,347,43.6,31.5,217,23.72,1,1,2
10/30/24 3:00,1.1,6.1,347,44,31.5,218,23.72,0,0.5,2
10/30/24 4:00,1.1,6.1,346,43.6,31.5,217,23.72,48,2.1,2
10/30/24 5:00,1.1,6.1,346,43.5,31.5,218,23.82,54,1,2
10/30/24 6:00,1.1,6.1,346,43.7,31.6,222,23.82,55,1,2
10/30/24 7:00,1.1,6.1,403,60.8,25.2,278,18.76,200,1.5,2
10/30/24 8:00,1.1,6.1,404,61.1,25.2,278,18.76,202,1.5,2
10/30/24 9:00,1,6.1,404,61.5,25.1,281,18.6,197,1,2
10/30/24 10:00,1,6.1,404,61,25.1,281,18.6,206,0,2
10/30/24 11:00,1,6.1,404,60.8,25.1,283,18.6,204,0,2
10/30/24 12:00,1,6.1,375,58.3,27.6,246,19.56,283,2.1,2
10/30/24 13:00,1,6.1,375,58.5,27.6,246,19.56,284,1,2
10/30/24 14:00,1,6.1,376,58.5,27.5,241,19.56,281,0.5,2
10/30/24 15:00,0.4,6.3,376,58.2,27.5,234,19.56,282,0.5,2
10/30/24 16:00,0.4,6.3,377,58,27.5,233,19.56,283,1.5,2
10/30/24 17:00,1.2,5.8,377,58.3,27.5,232,19.56,279,1,2
10/30/24 18:00,1.2,5.8,381,59.7,25.2,300,20.52,327,1.5,2
10/30/24 19:00,1.2,5.9,381,60,25.1,309,20.7,320,1.5,2
10/30/24 20:00,1.2,5.7,380,60,25.1,319,20.7,260,1,2
10/30/24 21:00,0.3,6.3,378,59.6,25.2,323,20.7,292,2.6,2
10/30/24 22:00,1,6.2,377,60.1,25.2,328,20.7,282,2.1,2
10/30/24 23:00,1,5.9,377,62.9,23.6,119,20.82,316,1.5,2
10/31/24 0:00,1.1,6.1,377,62.8,23.6,119,20.82,309,1.5,2
10/31/24 1:00,1,5.9,377,63,23.6,116,20.82,317,1,2
10/31/24 2:00,1.1,6,376,62.8,23.6,121,20.82,299,2.6,2
10/31/24 3:00,1.1,6.1,376,62.6,23.6,122,20.82,291,1,2
10/31/24 4:00,1.1,6.1,376,62.9,23.6,125,20.68,298,0.5,2
10/31/24 5:00,1.1,6.1,373,61.4,24.1,208,21.06,193,0.5,2
10/31/24 6:00,1,6.1,373,62,24.2,208,21.06,191,1.5,2
10/31/24 7:00,1,6.1,372,61.7,24.2,208,21.12,200,1,2
10/31/24 8:00,1,6.1,371,61.4,24.2,203,21.12,206,1,2
10/31/24 9:00,1,6.1,372,61.2,24.2,206,21.12,198,1.5,2
10/31/24 10:00,1,6.1,372,61.2,24.2,201,21.12,209,1,2
10/31/24 11:00,1,6.1,391,64.1,23.3,92,20.94,322,1,2
10/31/24 12:00,0.9,6.1,391,63.9,23.3,93,20.94,328,0.5,2
10/31/24 13:00,0.9,6.1,392,64.1,23.3,97,20.94,326,1,2
10/31/24 14:00,0.9,6.1,392,64.4,23.3,97,20.94,328,1,2
10/31/24 15:00,0.9,6.1,392,63.9,23.3,97,20.94,324,1,2
10/31/24 16:00,0.9,6.1,392,63.9,23.3,106,20.78,324,0.5,2
10/31/24 17:00,0.9,6.1,405,68,22.9,15,19.8,251,1,2
10/31/24 18:00,0.9,6.1,405,67.8,22.9,13,19.8,254,0,2
10/31/24 19:00,1,5.9,405,67.4,22.9,13,19.8,255,0,2
10/31/24 20:00,0.9,6,405,68,22.9,14,19.9,253,1,2
10/31/24 21:00,1,5.9,406,67.9,22.9,17,19.9,307,1.5,2
10/31/24 22:00,1,6.1,407,68.5,22.9,17,19.9,292,1.5,2
10/31/24 23:00,1,6,411,70.4,21.6,0,19.36,229,0,2
11/1/24 0:00,1.3,6,480,77.7,15.7,0,12.58,46,0,2
11/1/24 1:00,1.3,6,480,77.6,15.7,0,12.58,47,0,2
11/1/24 2:00,1.3,6,480,77.6,15.7,0,12.58,47,0,2
11/1/24 3:00,1.3,6,480,78,15.7,0,12.58,49,0,2
11/1/24 4:00,1.3,6,479,78.2,15.7,0,12.58,48,0,2
11/1/24 5:00,1.3,6,479,78.5,15.6,0,12.58,49,0,2
11/1/24 6:00,1.3,6,495,82.5,15.4,0,12.68,47,0,2
11/1/24 7:00,1.3,6,495,83.2,15.4,0,12.64,46,0,2
11/1/24 8:00,1.3,6,494,83.4,15.4,0,12.64,47,0,2
11/1/24 9:00,1.2,6,493,82.8,15.4,0,12.64,49,0,2
11/1/24 10:00,1.3,6,492,82.3,15.4,0,12.64,48,0,2
11/1/24 11:00,1.3,6,492,81.9,15.4,0,12.64,50,0,2
11/1/24 12:00,1.3,6,502,80.7,15.4,0,12.72,50,0,2
11/1/24 13:00,0.9,6,502,80.8,15.4,0,12.72,47,0,2
11/1/24 14:00,1,6,502,81.2,15.4,0,12.72,48,0,2
11/1/24 15:00,0.9,6,503,80.5,15.4,0,12.72,47,0,2
11/1/24 16:00,1,6,503,80.9,15.4,0,12.8,49,0,2
11/1/24 17:00,0.9,6,503,81.7,15.4,0,12.8,48,0,2
11/1/24 18:00,1,6,490,80.5,15.4,0,13.1,46,0,2
11/1/24 19:00,0.9,6,489,80.5,15.4,0,13.1,48,0,2
11/1/24 20:00,0.9,6,489,80.2,15.5,0,13.1,46,0,2
11/1/24 21:00,0.9,6,488,79.5,15.5,0,13.1,47,0,2
11/1/24 22:00,0.9,6,489,79.2,15.4,0,12.96,47,0,2
11/1/24 23:00,0.9,6,490,79.3,15.4,0,12.96,47,0,2
11/2/24 0:00,0.9,6,484,78.2,15.5,0,12.9,46,0,2
11/2/24 1:00,1.3,5.9,485,78.3,15.5,0,12.9,50,0,2
11/2/24 2:00,0.9,5.9,486,78.5,15.5,0,12.9,47,0,2
11/2/24 3:00,0.9,5.9,486,79.3,15.6,0,12.9,46,0,2
11/2/24 4:00,0.9,5.9,487,79.3,15.5,0,12.9,51,0,2
11/2/24 5:00,0.9,5.9,499,81,15.7,0,12.92,60,0,2
11/2/24 6:00,0.9,5.9,499,79.6,15.7,0,12.92,55,0,2
11/2/24 7:00,0.9,5.9,499,79.9,15.7,0,12.92,61,0,2
11/2/24 8:00,0.9,5.9,499,79.3,15.7,0,12.92,62,0,2
11/2/24 9:00,0.9,5.9,499,79.4,15.7,0,12.92,58,0,2
11/2/24 10:00,0.9,5.9,499,78.1,15.6,0,12.92,58,0,2
11/2/24 11:00,0.9,6,493,81.4,15.6,0,13.44,59,0,2
11/2/24 12:00,0.9,6,493,81.4,15.6,0,13.44,57,0,2
11/2/24 13:00,0.9,6,493,81.7,15.6,0,13.26,59,0,2
11/2/24 14:00,0.8,6,492,80.8,15.7,0,13.26,60,0,2
11/2/24 15:00,0.8,6,492,80.3,15.6,0,13.26,58,0,2
11/2/24 16:00,0.8,6,493,80.4,15.7,0,13.26,58,0,2
11/2/24 17:00,0.8,6,486,82,15.9,0,13.28,25,0,2
11/2/24 18:00,0.8,6,485,81.5,15.9,0,13.28,21,0,2
11/2/24 19:00,0.8,6,485,81.7,15.9,0,13.28,24,0,2
11/2/24 20:00,0.8,6,486,81.9,16,0,13.28,22,0,2
11/2/24 21:00,0.8,6,485,81.7,15.9,0,13.28,24,0,2
11/2/24 22:00,1.3,6,495,83.4,15.9,8,13.32,254,0,2
11/2/24 23:00,1.3,5.9,495,83.2,15.9,8,13.32,237,2.1,2
11/3/24 0:00,1.3,5.9,495,83.2,15.9,8,13.32,237,1.5,2
11/3/24 1:00,1.3,5.9,495,83.6,15.9,8,13.32,244,1.5,2
11/3/24 2:00,1.3,5.9,495,84.1,15.9,8,13.32,227,1,2
11/3/24 3:00,1.3,5.9,496,83.8,15.9,8,13.32,234,1.5,2
11/3/24 4:00,1.2,5.9,504,83.9,15.9,0,12.76,47,0,2
11/3/24 5:00,0.7,6,505,84.5,15.9,0,12.74,43,0,2
11/3/24 6:00,0.7,6,504,85.3,16,0,12.74,45,0.5,2
11/3/24 7:00,0.7,6,504,85.4,16,0,12.74,39,1,2
11/3/24 8:00,0.7,6,503,85.6,16,0,12.74,47,0.5,2
11/3/24 9:00,0.7,6,511,87.1,16.5,45,13.14,208,0,2
11/3/24 10:00,0.7,6,511,87.1,16.5,39,13.14,209,0,2
11/3/24 11:00,0.7,6,509,87.3,16.5,42,13.14,202,0,2
11/3/24 12:00,0.7,6,509,89.2,16.5,42,13.14,201,0,2
11/3/24 13:00,0.7,6,508,88.7,16.5,41,13.5,207,0,2
11/3/24 14:00,0.7,6,511,88.1,16.7,30,13.22,200,1,2
11/3/24 15:00,0.7,6,511,88,16.8,28,13.22,198,1,2
11/3/24 16:00,0.7,6,511,87.6,16.8,29,13.22,198,0.5,2
11/3/24 17:00,0.7,6.1,513,87.8,16.7,33,13.18,192,0.5,2
11/3/24 18:00,0.7,6.1,513,87.6,16.7,34,13.18,190,1,2
11/3/24 19:00,0.7,6.1,514,87.6,16.7,34,13.18,186,0.5,2
11/3/24 20:00,0.7,6.1,505,82.4,18.7,126,15.64,163,0,2
11/3/24 21:00,0.7,6.1,504,82.4,18.8,127,15.64,153,0.5,2
11/3/24 22:00,1.3,6,504,81.9,18.8,128,15.64,165,0.5,2
11/3/24 23:00,1.3,6,503,81.9,18.8,131,15.64,162,0,2
11/4/24 0:00,0.8,6.1,504,82.4,18.8,127,15.64,155,0,2
11/4/24 1:00,0.8,6,502,79.9,21.1,155,15.86,40,2.1,2
11/4/24 2:00,0.7,6,502,80.3,21.1,157,15.86,36,1,2
11/4/24 3:00,0.7,6,500,79,21.2,159,15.86,41,1.5,2
11/4/24 4:00,0.8,6,498,78.5,21.2,159,15.86,30,1.5,2
11/4/24 5:00,0.8,5.9,498,78.2,21.2,162,16.26,35,1.5,2
11/4/24 6:00,0.8,6,498,77.8,21.3,160,16.26,32,2.1,2
11/4/24 7:00,0.8,6,466,74.6,22.9,170,16.74,17,0,2
11/4/24 8:00,0.8,6,467,74.9,22.9,170,16.74,27,0,2
11/4/24 9:00,0.8,6,467,75.2,22.9,168,17.04,23,0,2
11/4/24 10:00,0.8,6,465,74.6,23,168,17.04,30,0,2
11/4/24 11:00,0.8,6,464,75.7,23,164,17.04,19,0,2
11/4/24 12:00,0.8,6.1,463,77.2,22,103,17.64,9,0,2
11/4/24 13:00,0.8,6,463,76.9,22,101,17.6,10,0,2
11/4/24 14:00,0.8,6.1,462,76.1,22.1,103,17.6,10,0,2
11/4/24 15:00,0.8,6.1,461,75.8,22.1,103,17.6,7,0,2
11/4/24 16:00,0.8,6.1,459,76,22,103,17.6,7,0,2
11/4/24 17:00,0.8,6.1,459,75.9,22,105,17.6,12,0,2
11/4/24 18:00,0.8,6.1,459,82.5,20.6,40,16.34,91,0,2
11/4/24 19:00,0.8,6.1,459,82.9,20.6,41,16.34,85,0,2
11/4/24 20:00,0.7,6.1,459,83,20.6,37,16.34,90,0,2
11/4/24 21:00,0.7,6.1,460,83,20.6,37,16.34,85,0,2
11/4/24 22:00,1.3,6.1,462,82.4,20.6,38,16.34,95,0,2
11/4/24 23:00,1.3,6.1,462,80.6,20.6,36,16.62,95,0,2
11/5/24 0:00,1.3,6.1,477,84.7,19.1,8,15.88,94,0,2
11/5/24 1:00,1.3,6,477,85.2,19.1,8,15.88,91,0,2
11/5/24 2:00,1.3,5.9,477,84.6,19.1,6,15.88,92,0,2
11/5/24 3:00,1.3,6,477,84.9,19.1,6,15.96,93,0,2
11/5/24 4:00,1.3,5.9,477,84.7,19.1,6,15.96,81,0,2
11/5/24 5:00,1.3,5.9,476,82.4,19.1,6,15.96,87,0,2
11/5/24 6:00,1.3,5.9,482,85.7,17.6,0,15,106,0,2
11/5/24 7:00,1.3,6,483,86.1,17.6,0,15.3,92,0,2
11/5/24 8:00,1.3,6,483,85.6,17.6,0,15.3,93,0,2
11/5/24 9:00,1.3,6,483,85.6,17.5,0,15.3,91,0,2
11/5/24 10:00,1.3,6,482,85.9,17.6,0,15.3,83,0,2
11/5/24 11:00,1.3,6.1,482,86.7,17.6,0,15.3,88,0,2
11/5/24 12:00,1.3,6.1,482,87.9,16.6,0,14.64,97,0,2
11/5/24 13:00,1.3,6.1,483,87.9,16.6,0,14.64,82,0,2
11/5/24 14:00,1.3,6.1,483,88.3,16.6,0,14.64,84,0,2
11/5/24 15:00,1.3,6.1,483,88.1,16.6,0,15.76,88,0,2
11/5/24 16:00,1.3,6.1,484,88,16.6,0,15.76,91,0,2
11/5/24 17:00,1.3,6.1,491,86.2,16.1,0,14.42,79,0,2
11/5/24 18:00,1.3,6.1,489,85.3,16.2,0,14.42,73,0,2
11/5/24 19:00,1.3,6.1,488,85.3,16.2,0,13.96,84,0,2
11/5/24 20:00,1.3,6.2,488,85.4,16.3,0,13.96,84,0.5,2
11/5/24 21:00,1.3,6.2,488,85.3,16.2,0,13.96,83,0,2
11/5/24 22:00,1.3,6.1,489,85.6,16.2,0,13.96,88,0.5,2
11/5/24 23:00,1.3,6.1,497,86.4,16,0,13,92,0,2
11/6/24 0:00,1.3,6.1,497,85.9,16,0,13,98,0,2
11/6/24 1:00,1.3,6.1,497,85.9,16,0,13,91,0,2
11/6/24 2:00,1.3,6.1,497,85.8,16,0,13,89,0,2
11/6/24 3:00,1.3,6,497,86.4,16,0,13,98,0,2
11/6/24 4:00,1.3,6,498,86.4,15.9,0,15.12,360,2.1,2
11/6/24 5:00,1.3,6,498,85.7,16,0,15.12,325,2.1,2
11/6/24 6:00,1.3,6,500,85.8,16,0,15.12,328,1.5,2
11/6/24 7:00,1.3,6,500,85.3,16,0,14.84,295,1.5,2
11/6/24 8:00,1.3,6.1,500,84.8,16,0,14.84,321,1.5,2
11/6/24 9:00,1.3,6.1,500,84.9,16,0,14.84,319,2.6,2
11/6/24 10:00,1.3,6.2,498,85.1,15.9,0,15.2,342,0,2
11/6/24 11:00,1.3,6.2,498,85.6,15.9,0,14.56,333,0,2
11/6/24 12:00,1.3,6.1,497,84.5,15.9,0,14.56,334,0,2
11/6/24 13:00,1.3,6.1,496,85.2,16,0,14.56,342,0,2
11/6/24 14:00,1.3,6.1,496,85.4,16,0,14.56,341,0,2
11/6/24 15:00,1.3,6.1,495,85.5,16,0,14.56,328,0,2
11/6/24 16:00,1.3,6.2,496,82.2,16.2,0,16.06,294,0,2
11/6/24 17:00,1.3,6.1,496,81.5,16.1,0,16.06,299,0,2
11/6/24 18:00,1.3,6.2,496,81.9,16.1,0,16.06,298,0,2
11/6/24 19:00,1.3,6.2,496,83.1,16.2,0,16.06,305,0,2
11/6/24 20:00,1.3,6.2,497,83,16.2,0,16.06,293,0,2
11/6/24 21:00,1.3,6.2,498,83.7,16.2,0,16.06,306,0,2
11/6/24 22:00,1.3,6.1,495,83.6,16.3,0,15,276,0,2
11/6/24 23:00,1.3,6.1,495,82.1,16.3,0,15,277,0,2
11/7/24 0:00,0.8,6.1,495,82.2,16.3,0,15,289,0,2
11/7/24 1:00,0.8,6.1,495,82.5,16.3,0,15,274,0,2
11/7/24 2:00,0.8,6,495,82.4,16.3,0,14.92,289,0,2
11/7/24 3:00,0.7,6,495,82.5,16.3,0,14.92,279,0,2
11/7/24 4:00,0.7,6,499,84.4,16.3,0,14.74,276,0,2
11/7/24 5:00,0.7,6,500,83.1,16.3,0,14.02,279,0,2
11/7/24 6:00,0.7,6,500,83.1,16.3,0,14.02,273,0,2
11/7/24 7:00,0.7,6,500,83.4,16.3,0,14.02,270,0,2
11/7/24 8:00,0.7,6,500,84,16.3,0,14.02,274,0,2
11/7/24 9:00,0.7,6,502,84.1,16.2,0,14.02,35,0,2
11/7/24 10:00,0.7,6.1,502,83.8,16.3,0,14.02,35,0,2
11/7/24 11:00,0.7,6.1,502,84,16.2,0,14.02,33,0,2
11/7/24 12:00,0.7,6.1,501,85,16.2,0,14.02,32,0,2
11/7/24 13:00,0.7,6.1,503,84.7,16.3,0,14.02,22,0,2
11/7/24 14:00,0.7,6.1,502,87.2,16.2,0,14.02,24,0,2
11/7/24 15:00,0.7,6.1,505,84.5,16.2,0,14.68,36,0,2
11/7/24 16:00,0.7,6.1,505,84.5,16.2,0,14.68,33,0,2
11/7/24 17:00,0.7,6.1,505,84.3,16.3,0,14.68,31,0,2
11/7/24 18:00,0.7,6.1,505,83.4,16.3,0,14.68,30,0,2
11/7/24 19:00,0.7,6.1,505,83.1,16.2,0,15.02,32,0,2
11/7/24 20:00,0.7,6.1,504,83.3,16.2,0,15.02,32,0,2
11/7/24 21:00,0.7,6.1,510,86,16.1,0,14.26,34,0,2
11/7/24 22:00,1.3,6.1,510,86.1,16.1,0,14.26,34,0,2
11/7/24 23:00,1.3,6,510,85.5,16.1,0,14.26,39,0,2
11/8/24 0:00,1.4,6,509,86.6,16.1,0,14.8,30,0,2
11/8/24 1:00,1.3,6,509,87.4,16.1,0,14.8,30,0,2
11/8/24 2:00,1.3,5.9,509,86.8,16.1,0,14.8,23,0,2
11/8/24 3:00,1.3,5.9,511,88.2,16.1,0,15.18,33,0,2
11/8/24 4:00,1.3,5.9,512,87.7,16.1,0,14.96,30,0,2
11/8/24 5:00,1.3,5.9,513,87.8,16.1,0,14.96,34,0,2
11/8/24 6:00,1.3,5.9,513,87.7,16.1,0,14.96,31,0,2
11/8/24 7:00,1.3,6,512,86.4,16.1,0,14.96,37,0,2
11/8/24 8:00,1.3,6,519,87.5,15.9,9,13.72,32,0,2
11/8/24 9:00,1.3,6,519,87.5,15.9,10,13.72,37,0,2
11/8/24 10:00,1.3,6,519,88,15.9,10,13.72,29,0,2
11/8/24 11:00,1.3,6,519,88.3,15.9,11,13.72,31,0,2
11/8/24 12:00,1.3,6.1,519,87.9,15.9,12,13.72,30,0,2
11/8/24 13:00,1.3,6.1,519,88,15.9,12,13.98,27,0,2
11/8/24 14:00,1.3,6.1,512,86.5,16.5,28,14.1,299,0,2
11/8/24 15:00,1.3,6.1,513,86,16.5,29,14.1,307,0,2
11/8/24 16:00,1.3,6.1,514,85.5,16.5,26,14.38,300,0,2
11/8/24 17:00,1.3,6.1,516,84.5,16.5,18,14.38,307,0,2
11/8/24 18:00,1.3,6.1,517,83.4,16.5,18,14.38,310,0,2
11/8/24 19:00,1.3,6.1,518,83.3,16.6,18,14.38,314,0,2
11/8/24 20:00,1.3,6.1,483,69.1,25.1,167,16.56,310,1,2
11/8/24 21:00,1.3,6.1,482,69.2,25.2,167,16.56,300,0.5,2
11/8/24 22:00,1.2,6.1,481,68.6,25.2,163,16.56,307,0.5,2
11/8/24 23:00,1.2,6.1,480,67.9,25.2,165,16.56,303,1,2
11/9/24 0:00,1.2,6,480,68.3,25.3,167,16.56,308,1,2
11/9/24 1:00,1.2,6,412,53.4,29.2,346,19.7,0,1,2
11/9/24 2:00,1.3,5.9,412,52.9,29.3,340,19.7,15,2.1,2
11/9/24 3:00,1.3,5.9,412,52.7,29.4,337,19.7,2,1.5,2
11/9/24 4:00,1.4,5.9,413,52.4,29.4,337,19.7,13,1,2
11/9/24 5:00,1.3,5.9,413,52.1,29.4,335,19.28,15,0.5,2
11/9/24 6:00,1.3,5.9,412,53.6,29.5,333,19.28,24,0,2
11/9/24 7:00,1.3,5.9,401,51,30.1,466,20.26,11,2.1,2
11/9/24 8:00,1.3,6,402,51.1,30.1,464,20.26,349,1,2
11/9/24 9:00,1.3,6,402,50.8,30.1,464,20.58,0,2.1,2
11/9/24 10:00,1.3,6,403,51,30.1,464,20.58,349,2.1,2
11/9/24 11:00,1.3,6,402,51,30.2,464,20.58,354,1,2
11/9/24 12:00,1.3,6,401,51.3,30.1,464,20.58,360,1.5,2
11/9/24 13:00,1.3,6.1,394,48.1,31.3,530,20.72,43,1.5,2
11/9/24 14:00,1.3,6.1,395,48.2,31.3,527,20.72,83,1.5,2
11/9/24 15:00,1.3,6.1,395,48,31.4,525,20.72,79,1,2
11/9/24 16:00,1.3,6.1,395,47.5,31.4,525,20.72,86,0.5,2
11/9/24 17:00,1.3,6.1,395,47.7,31.4,525,20.72,84,0.5,2
11/9/24 18:00,1.3,6.1,387,48.2,33.3,504,22.6,2,3.1,2
11/11/24 7:00,1.3,6.1,386,47.9,33.3,509,22.6,37,3.6,2
11/11/24 8:00,1.3,6.1,387,47.7,33.3,508,22.4,54,3.6,2
11/11/24 9:00,1.3,6.1,386,48,33.3,502,22.4,38,2.6,2
11/11/24 10:00,1.2,6,386,47.8,33.4,502,22.4,34,2.1,2
11/11/24 11:00,1.2,6,385,48.1,33.4,506,22.4,34,1,2
11/11/24 12:00,1.4,5.9,393,49,32.2,388,23.46,13,1,2
11/11/24 13:00,1.4,5.9,392,48.9,32.2,384,23.46,10,1,2
11/11/24 14:00,1.3,5.9,392,48.3,32.3,384,23.46,40,1.5,2
11/11/24 15:00,1.3,5.9,392,48.4,32.3,384,23.46,25,1.5,2
11/11/24 16:00,1.3,5.9,392,48.3,32.4,386,23.46,27,1,2
11/11/24 17:00,1.3,5.9,391,48.9,32.3,381,23.5,26,1,2
11/11/24 18:00,1.3,5.9,397,48.1,32.7,268,24.02,27,1.5,2
11/11/24 19:00,1.3,5.9,397,47.6,32.7,268,24.02,7,2.1,2
11/11/24 20:00,1.3,5.9,398,47.6,32.7,265,24.12,0,2.1,2
11/11/24 21:00,1.3,5.9,397,47.3,32.7,265,24.12,360,1,2
11/11/24 22:00,1.3,6,398,47.9,32.7,268,24.12,360,0.5,2
11/11/24 23:00,1.3,6,397,48,32.7,260,24.12,280,1.5,2
11/12/24 0:00,1.3,6,393,52.9,32.3,82,23.7,24,1.5,2
11/12/24 1:00,1.3,6,394,52.9,32.3,82,23.7,20,1,2
11/12/24 2:00,1.3,6,395,52.8,32.3,82,23.7,19,0.5,2
11/12/24 3:00,1.3,6.1,396,52.8,32.2,79,23.7,66,2.1,2
11/12/24 4:00,1.3,6,396,52.9,32.2,78,23.7,58,1.5,2
11/12/24 5:00,1.3,6.1,397,52.7,32.1,79,23.86,56,1,2
11/12/24 6:00,1.3,6.1,402,57.6,28.2,3,22.56,360,1,2
11/12/24 7:00,1.3,6.1,401,57.3,28.1,3,22.56,360,1,2
11/12/24 8:00,1.3,6.1,402,57.1,28.2,3,22.56,360,1,2
11/12/24 9:00,1.3,6.1,401,57,28.2,4,22.42,360,0.5,2
11/12/24 10:00,1.3,5.9,402,57.2,28.1,4,22.42,360,0,2
11/12/24 11:00,1.3,5.9,402,57,28.1,4,22.42,360,0.5,2
11/12/24 12:00,1.3,6,424,68.8,22.9,0,21.84,46,0,2
11/12/24 13:00,1.3,6,426,68.7,22.8,0,21.84,45,0,2
11/12/24 14:00,1.3,6,426,68.1,22.8,0,21.84,45,0,2
11/12/24 15:00,1.3,6,429,67.7,22.9,0,21.84,48,0,2
11/12/24 16:00,1.3,6.1,429,66.7,22.9,0,21.84,43,0,2
11/12/24 17:00,1.3,6.1,430,67,22.9,0,21.84,45,0,2
11/12/24 18:00,1.3,6.1,452,77.2,20,0,18.6,48,0,2
11/12/24 19:00,1.3,6.1,451,77.1,20,0,18.6,46,0,2
11/12/24 20:00,1.3,6.1,449,76.7,20,0,18.56,49,0,2
11/12/24 21:00,1.3,6.1,450,76.4,20.1,0,18.56,47,0,2
11/12/24 22:00,1.3,6.1,450,76.1,20,0,18.56,46,0,2
11/12/24 23:00,1.3,6.1,458,77.3,18.8,0,17.6,44,0,2
11/13/24 0:00,1.3,6.1,458,77.1,18.8,0,17.56,50,0,2
11/13/24 1:00,1.3,6.1,458,78,18.8,0,17.56,45,0,2
11/13/24 2:00,1.3,6.1,458,78.1,18.8,0,17.56,49,0,2
11/13/24 3:00,1.3,6,459,77.7,18.8,0,17.56,48,0,2
11/13/24 4:00,1.3,6,460,78.1,18.8,0,17.56,49,0,2
11/13/24 5:00,1.3,6,465,77.9,18.6,0,17.46,33,1,2
11/13/24 6:00,1.4,6,463,78.6,18.6,0,17.46,32,1,2
11/13/24 7:00,1.4,6,462,78.9,18.5,0,17.46,37,1,2
11/13/24 8:00,1.4,6,462,78.9,18.6,0,17.46,32,1.5,2
11/13/24 9:00,1.4,6,462,79.1,18.6,0,17.4,32,1,2
11/13/24 10:00,1.3,6,463,78.9,18.6,0,17.4,35,1,2
11/13/24 11:00,1.3,6,472,82.8,17.7,0,16.6,38,0,2
11/13/24 12:00,1.4,6,472,82.6,17.7,0,16.6,36,0,2
11/13/24 13:00,1.3,6,473,82.4,17.7,0,17.1,37,0,2
11/13/24 14:00,1.3,6,473,82.5,17.7,0,17.1,36,0,2
11/13/24 15:00,1.3,6.1,473,82,17.7,0,17.1,34,0,2
11/13/24 16:00,1.3,6.1,474,82,17.7,0,17.1,31,0,2
11/13/24 17:00,1.3,6.1,454,83.7,16.9,0,15.5,35,0,2
11/13/24 18:00,1.3,6.1,454,84.5,16.9,0,15.5,32,0,2
11/13/24 19:00,1.3,6.1,454,84.1,16.9,0,15.5,34,0,2
11/13/24 20:00,1.3,6.1,455,84.7,16.9,0,15.5,38,0,2
11/13/24 21:00,1.3,6.1,456,84.7,16.9,0,15.5,35,0,2
11/13/24 22:00,1.3,6.1,468,86.7,16.5,0,15.56,31,0,2
11/13/24 23:00,1.3,6.1,469,87,16.5,0,15.56,37,0,2
11/14/24 0:00,1.3,6.1,469,87.5,16.5,0,15.56,36,0,2
11/14/24 1:00,1.3,6.1,468,87.4,16.5,0,15.68,35,0,2
11/14/24 2:00,1.3,6.1,468,87.9,16.4,0,15.68,35,0,2
11/14/24 3:00,1.3,6,468,86.3,16.4,0,15.68,36,0,2
11/14/24 4:00,1.3,6,479,85.8,15.8,0,14.76,34,0,2
11/14/24 5:00,1.3,6.1,479,86,15.8,0,14.76,35,0,2
11/14/24 6:00,0.9,6,478,84.6,15.8,0,14.92,38,0,2
11/14/24 7:00,0.9,6,478,84.4,15.8,0,14.92,34,0,2
11/14/24 8:00,1.3,6,478,85.2,15.8,0,14.92,36,0,2
11/14/24 9:00,1.3,6,477,84.5,15.8,0,14.92,36,0,2
11/14/24 10:00,1.3,6,468,90.3,15.3,0,14.78,36,0,2
11/14/24 11:00,1.3,6,468,89.2,15.3,0,14.78,35,0,2
11/14/24 12:00,1.3,6,468,87.9,15.3,0,14.78,37,0,2
11/14/24 13:00,1.3,6,467,88.3,15.3,0,14.78,32,0,2
11/14/24 14:00,1.3,6,468,87.7,15.3,0,14.78,32,0,2
11/14/24 15:00,1.3,6,446,86.9,14.9,0,14.46,32,0,2
11/14/24 16:00,1.3,6.1,446,87.2,14.8,0,14.46,38,0,2
11/14/24 17:00,1.3,6,446,86.3,14.9,0,14.46,38,0,2
11/14/24 18:00,1.3,6.1,447,85.7,14.9,0,14.46,36,0,2
11/14/24 19:00,1.3,6.1,448,85.8,14.9,0,14.46,34,0,2
11/14/24 20:00,1.3,6.1,449,85.1,15,0,14.56,38,0,2
11/14/24 21:00,1.3,6.1,451,88.3,14.3,0,14.22,32,0,2
11/14/24 22:00,1.3,6.1,450,87.6,14.3,0,14.22,34,0,2
11/14/24 23:00,1.3,6.1,451,88,14.3,0,14.22,33,0,2
11/15/24 0:00,1.3,6.1,452,88.7,14.3,0,14.22,38,0,2
11/15/24 1:00,1.3,6.1,452,88.9,14.3,0,14.14,36,0,2
11/15/24 2:00,1.2,6.1,454,88.7,14.3,0,14.14,37,0,2
11/15/24 3:00,1.3,6,456,89.2,14,0,13.56,37,0,2
11/15/24 4:00,1.3,6,455,88.9,13.9,0,13.54,36,0,2
11/15/24 5:00,1.3,6,454,88.4,13.9,0,13.54,35,0,2
11/15/24 6:00,0.8,6,454,87.3,14,0,13.54,35,0,2
11/15/24 7:00,1,5.9,453,87,14,0,13.54,32,0,2
11/15/24 8:00,1,5.9,449,87.2,13.9,0,13.5,219,0.5,2
11/15/24 9:00,1.4,5.9,448,87.5,13.9,0,13.5,218,0.5,2
11/15/24 10:00,1.4,5.9,448,87.6,13.9,0,13.5,216,0.5,2
11/15/24 11:00,1.4,5.9,448,87.9,13.9,0,13.5,216,0.5,2
11/15/24 12:00,1.4,5.9,446,87.8,13.9,0,13.5,216,0.5,2
11/15/24 13:00,1.4,6,445,86.2,13.9,0,13.6,219,0,2
11/15/24 14:00,1.4,6,440,87.3,14,0,13.56,199,1.5,2
11/15/24 15:00,1.3,6,441,87.4,14,0,13.56,199,0.5,2
11/15/24 16:00,1.3,6,442,88.2,14.1,3,13.54,194,0.5,2
11/15/24 17:00,1.3,6,441,87.4,14.1,3,13.54,199,0.5,2
11/15/24 18:00,1.3,6.1,441,87.5,14.1,3,13.54,199,0.5,2
11/15/24 19:00,1.3,6.1,442,87.2,14.1,3,13.54,195,0.5,2
11/15/24 20:00,1.3,6.1,431,79.3,16.9,20,14.28,213,1,2
11/15/24 21:00,1.3,6.1,433,79.7,16.9,19,14.28,212,1.5,2
11/15/24 22:00,1.3,6.1,433,80,16.9,17,14.28,212,1.5,2
11/15/24 23:00,1.3,6.1,433,81.2,16.9,20,14.28,214,1,2
11/16/24 0:00,1.3,6.1,434,80.5,17,22,14.28,214,0.5,2
11/16/24 1:00,1.3,6.1,421,67.3,23.7,162,16.84,169,1.5,2
11/16/24 2:00,1.3,6.1,420,67.1,23.7,162,16.84,169,1,2
11/16/24 3:00,1.2,6.1,420,66.7,23.7,164,16.84,170,1.5,2
11/16/24 4:00,1.2,6.1,418,66.3,23.8,168,16.84,171,1.5,2
11/16/24 5:00,1.2,6.1,418,66.2,23.8,169,17,170,1.5,2
11/16/24 6:00,1.2,6.1,418,65.8,23.8,169,17,173,2.1,2
11/16/24 7:00,1.3,6,416,60.8,25.3,338,17.36,142,1.5,2
11/16/24 8:00,1.3,6,417,61.2,25.3,338,17.36,134,1.5,2
11/16/24 9:00,1.3,6,418,61.7,25.3,338,17.18,105,3.1,2
11/16/24 10:00,1.3,6.1,419,60.4,25.3,334,17.18,189,2.1,2
11/16/24 11:00,1.3,6.1,419,59.8,25.3,334,17.18,140,1,2
11/16/24 12:00,1.3,6.1,420,59.3,25.4,337,17.18,160,1.5,2
11/16/24 13:00,1.2,6.1,409,54.7,29,461,18.94,34,2.6,2
11/16/24 14:00,1.2,6.1,410,54.7,29,462,18.94,95,2.6,2
11/16/24 15:00,1.2,6.2,410,54.4,29.1,465,18.94,74,3.6,2
11/16/24 16:00,1.3,6.2,411,54,29.1,463,18.94,77,2.6,2
11/16/24 17:00,1.3,6.2,411,54.1,29,463,18.94,79,5.2,2
11/16/24 18:00,1.2,6.2,411,54.5,29,465,19.18,92,4.2,2
11/16/24 19:00,1.2,6.2,397,51.8,31.2,531,20.94,76,2.1,2
11/16/24 20:00,1.2,6.2,397,51.8,31.1,531,20.94,119,3.1,2
11/16/24 21:00,1.2,6.2,397,51.8,31.2,531,21.16,124,3.1,2
11/16/24 22:00,1.2,6.2,397,51.7,31.2,532,21.16,114,1,2
11/16/24 23:00,1.2,6.2,398,51.5,31.2,534,21.16,97,3.1,2
11/17/24 0:00,1.2,6.3,398,51.5,31.2,535,21.16,108,1.5,2
11/17/24 1:00,1.2,6.3,393,50.6,33.3,499,21.32,8,0.5,2
11/17/24 2:00,1.2,6.3,392,49.9,33.5,498,21.32,7,1,2
11/17/24 3:00,1.3,6.2,392,49.3,33.5,497,21.32,11,1,2
11/17/24 4:00,1.3,6.2,392,49.9,33.5,497,21.32,8,1,2
11/17/24 5:00,1.4,6.1,391,50.1,33.6,494,21.32,9,0.5,2
11/17/24 6:00,1.4,6.1,393,47.9,34.2,370,23.34,106,0.5,2
11/17/24 7:00,1.4,6.1,394,47.7,34.2,370,23.34,103,0.5,2
11/17/24 8:00,1.3,6.1,394,47.5,34.2,373,23.24,104,0.5,2
11/17/24 9:00,1.4,6.1,394,47.5,34.2,376,23.24,110,1,2
11/17/24 10:00,1.4,6,394,47.2,34.2,372,23.24,175,1.5,2
11/17/24 11:00,1.4,6,393,46.9,34.2,368,23.24,183,2.1,2
11/17/24 12:00,1.4,6.1,395,51.3,32.3,124,22.14,0,1.5,2
11/17/24 13:00,1.4,6.1,395,51.4,32.3,124,22.14,0,1.5,2
11/17/24 14:00,1.4,6.1,394,51.1,32.3,127,22.14,0,1.5,2
11/17/24 15:00,1.4,6.1,395,51.3,32.2,127,22.14,236,1.5,2
11/17/24 16:00,1.4,6.2,394,51.2,32.3,128,22.14,360,1.5,2
11/17/24 17:00,1.4,6.2,393,51,32.2,129,22.14,360,1.5,2
11/17/24 18:00,1.4,6.2,397,57.2,29.2,28,21.72,198,2.1,2
11/17/24 19:00,1.4,6.2,397,57.4,29.1,28,21.72,215,2.6,2
11/17/24 20:00,1.4,6.2,398,57.5,29.1,26,21.72,216,1.5,2
11/17/24 21:00,1.4,6.3,399,57.2,29.1,27,21.32,212,1.5,2
11/17/24 22:00,1.4,6.3,400,57.5,29,27,21.32,187,2.6,2
11/17/24 23:00,1.4,6.3,401,57.2,29,27,21.32,172,2.1,2
11/18/24 0:00,1.3,6.3,410,63.2,25.3,7,21,197,2.1,2
11/18/24 1:00,1.3,6.3,410,62.8,25.3,7,20.94,189,1.5,2
11/18/24 2:00,1.4,6.3,411,62.8,25.3,6,20.94,194,2.1,2
11/18/24 3:00,1.3,6.2,411,62.9,25.3,6,20.94,191,1.5,2
11/18/24 4:00,1.3,6.2,410,62.3,25.3,9,20.94,182,1.5,2
11/18/24 5:00,1.4,6.2,409,63,25.2,9,20.94,185,1,2
11/18/24 6:00,1.3,6.1,413,70.3,22,0,19.8,301,0,2
11/18/24 7:00,1.3,6.1,414,70.2,22,0,19.8,302,0,2
11/18/24 8:00,1.2,6,415,70.4,22,0,19.8,302,0.5,2
11/18/24 9:00,1.1,6.1,414,70.2,21.9,0,19.8,304,0.5,2
11/18/24 10:00,1.1,6.1,413,70.3,21.9,0,19.7,303,0.5,2
11/18/24 11:00,1.1,6.1,414,70.5,21.9,0,19.7,301,1,2
11/18/24 12:00,1.1,6.1,418,74.5,20.1,0,19.26,194,0,2
11/18/24 13:00,1.1,6.1,417,74.2,20,0,19.36,190,0,2
11/18/24 14:00,1.1,6.1,416,73.9,20,0,19.36,191,0,2
11/18/24 15:00,1.1,6.2,415,73.7,20,0,19.36,195,0,2
11/18/24 16:00,1.1,6.2,416,75.9,20,0,19.36,191,0,2
11/18/24 17:00,1.1,6.2,428,75.9,18.8,0,17.74,51,1,2
11/18/24 18:00,1.1,6.2,428,76,18.8,0,17.74,51,0.5,2
11/18/24 19:00,1.1,6.2,428,76.4,18.8,0,17.74,51,0.5,2
11/18/24 20:00,1.1,6.2,427,77.9,18.8,0,17.74,48,0.5,2
11/18/24 21:00,1.1,6.2,427,77.9,18.8,0,17.74,54,0.5,2
11/18/24 22:00,1.1,6.3,427,78,18.8,0,17.38,51,0,2
11/18/24 23:00,1.1,6.3,444,81.2,17.5,0,16.58,50,0,2
11/19/24 0:00,1.1,6.3,444,81.1,17.5,0,16.58,50,0,2
11/19/24 1:00,1.1,6.3,444,80.4,17.5,0,16.58,52,0,2
11/19/24 2:00,1.1,6.2,444,79.7,17.5,0,16.58,50,0,2
11/19/24 3:00,1.4,6.2,446,79.4,17.5,0,16.3,52,0,2
11/19/24 4:00,1.4,6.2,445,79.1,17.5,0,16.3,47,0,2
11/19/24 5:00,1.4,6.2,443,82.4,16.5,0,15.08,25,0.5,2
11/19/24 6:00,1.4,6,443,81.3,16.5,0,15.08,23,0.5,2
11/19/24 7:00,1.4,6,444,83.5,16.5,0,15.08,23,0.5,2
11/19/24 8:00,1.4,6,445,83.6,16.5,0,15.12,25,0.5,2
11/19/24 9:00,1,6,444,83.2,16.5,0,15.12,29,0.5,2
11/19/24 10:00,1,6,443,82.8,16.6,0,15.12,25,0.5,2
11/19/24 11:00,1,6,448,82.2,16.1,0,15.02,29,0,2
11/19/24 12:00,1,6,448,82.4,16.1,0,15.02,25,0,2
11/19/24 13:00,1,6,448,83,16.1,0,15.02,26,0,2
11/19/24 14:00,1,6,448,82.6,16.1,0,15.02,25,0,2
11/19/24 15:00,1,6,448,82.7,16.1,0,15.02,27,0,2
11/19/24 16:00,1,6,449,82.8,16.1,0,15.02,27,0,2
11/19/24 17:00,1,6.1,455,82.5,15.9,0,15.26,24,0,2
11/19/24 18:00,1,6.1,455,82.6,15.9,0,15.26,29,0,2
11/19/24 19:00,1,6.1,455,82.7,15.9,0,15.26,26,0,2
11/19/24 20:00,1,6.1,455,82.3,15.9,0,15.26,26,0,2
11/19/24 21:00,1,6.1,456,81.8,15.9,0,15.04,27,0,2
11/19/24 22:00,1,6.1,454,85.8,16,0,15.14,26,0,2
11/19/24 23:00,1,6.1,453,83.7,16,0,15.14,26,0,2
11/20/24 0:00,1,6.1,453,83.6,16,0,15.14,27,0,2
11/20/24 1:00,1,6.1,453,84.7,16,0,15.12,28,0,2
11/20/24 2:00,1,6.1,452,85,16,0,15.12,26,0,2
11/20/24 3:00,1.2,6.1,452,85.8,16,0,15.12,28,0,2
11/20/24 4:00,1.2,6.1,431,83.4,16.7,0,16.24,71,0,2
11/20/24 5:00,1.2,6.1,432,83.4,16.7,0,16.28,71,0.5,2
11/20/24 6:00,1.2,6.1,433,84.3,16.7,0,16.28,71,0.5,2
11/20/24 7:00,1.2,6.1,435,83.8,16.7,0,16.28,71,0.5,2
11/20/24 8:00,1.2,6,434,82.1,16.7,0,16.28,69,0,2
11/20/24 9:00,1.2,6,433,81.5,16.7,0,16.28,72,1,2
11/20/24 10:00,1.2,6.1,434,85.7,17,0,15.8,71,0,2
11/20/24 11:00,1.2,6.1,434,85.9,17,0,15.8,69,0,2
11/20/24 12:00,1.2,6.1,434,86.6,17,0,15.8,70,0,2
11/20/24 13:00,1.2,6.1,434,86,17,0,15.84,72,0,2
11/20/24 14:00,1.1,6.1,433,86.2,16.9,0,15.84,71,0,2
11/20/24 15:00,1.1,6.1,432,83.4,17,0,15.96,129,0,2
11/20/24 16:00,1.1,6.1,432,83,16.9,0,16.08,127,0,2
11/20/24 17:00,1.1,6.1,433,82.9,17,0,16.08,131,0,2
11/20/24 18:00,1.1,6.1,434,83,16.9,0,16.08,130,0,2
11/20/24 19:00,1.1,6.1,435,83,16.9,0,16.08,128,0,2
11/20/24 20:00,1.1,6.1,430,85.4,16.9,0,16.02,110,0,2
11/20/24 21:00,1.1,6.1,430,85.5,16.8,0,16.02,111,0,2
11/20/24 22:00,1.1,6.1,430,86.2,16.8,0,16.02,112,0,2
11/20/24 23:00,1.1,6.1,430,86.4,16.8,0,16.02,112,0,2
11/21/24 0:00,1.1,6.1,431,86,16.9,0,15.8,112,0,2
11/21/24 1:00,1.1,6.1,430,89.9,16.9,0,15.14,86,0,2
11/21/24 2:00,1.1,6.2,431,90,16.9,0,15.14,87,0,2
11/21/24 3:00,1.1,6.1,430,89.2,16.9,0,15.04,82,0,2
11/21/24 4:00,1,6.1,430,89.2,16.9,0,15.04,83,0,2
11/21/24 5:00,0.9,6.1,431,89.6,16.9,0,15.04,83,0,2
11/21/24 6:00,1.2,6.1,431,89.3,16.9,0,15.04,87,0,2
11/21/24 7:00,1.3,5.8,437,90.6,16.4,3,14.46,78,0,2
11/21/24 8:00,1.3,5.9,438,91.7,16.4,3,14.46,84,0,2
11/21/24 9:00,1.3,5.9,439,92.5,16.3,3,14.46,81,0,2
11/21/24 10:00,1.3,5.9,440,91.7,16.3,3,14.46,74,0,2
11/21/24 11:00,1.3,6,441,92.2,16.3,3,14.46,85,0,2
11/21/24 12:00,1.3,6,451,87.3,17.1,40,14.6,80,0,2
11/21/24 13:00,1.3,6,451,87.9,17.1,38,14.6,81,0,2
11/21/24 14:00,1.3,6,450,87.5,17.1,38,14.6,82,0,2
11/21/24 15:00,1.3,6.1,450,86.5,17.1,32,14.6,102,0,2
11/21/24 16:00,1.3,6.1,449,87.9,17.1,32,14.6,85,0,2
11/21/24 17:00,1.3,6.1,448,88,17.1,33,14.56,81,0,2
11/21/24 18:00,1.3,6.1,449,80.1,20,94,16.54,33,0,2
11/21/24 19:00,1.2,6.1,449,80.6,20,94,16.54,90,0,2
11/21/24 20:00,1.2,6.1,450,80.1,20.1,97,16.54,84,0,2
11/21/24 21:00,1.2,6.1,448,80.6,20,98,16.54,89,0,2
11/21/24 22:00,1.2,6.2,448,81.1,20,98,16.8,78,0,2
11/21/24 23:00,1.2,6.1,446,81.3,20,109,16.8,85,0,2
11/22/24 0:00,1.2,6.2,421,67.5,25.9,476,18.7,187,0,2
11/22/24 1:00,1.2,6.2,421,67.6,25.9,468,18.7,178,0,2
11/22/24 2:00,1.2,6.2,421,67.5,25.9,459,18.7,180,0.5,2
11/22/24 3:00,1.3,5.9,422,67.6,25.9,443,18.7,310,2.1,2
11/22/24 4:00,1.3,5.9,422,67.5,26,427,18.7,310,1.5,2
11/22/24 5:00,1.3,5.9,421,66.9,26,427,18.7,313,2.1,2
11/22/24 6:00,0.8,5.9,425,71.2,24,159,18.68,208,1,2
11/22/24 7:00,0.8,5.9,427,69.9,24,153,18.68,197,0.5,2
11/22/24 8:00,1.3,5.9,427,70.1,24,155,18.68,201,0.5,2
11/22/24 9:00,1.3,5.9,427,70.5,23.9,147,18.68,206,0.5,2
11/22/24 10:00,1.3,5.9,427,70.2,23.9,147,18.68,197,0.5,2
11/22/24 11:00,1.3,5.9,427,69.9,24,149,19.14,191,2.6,2
11/22/24 12:00,1.3,6,421,65.5,25,189,19.2,149,1.5,2
11/22/24 13:00,1.3,6,423,65.2,25,194,19.2,260,1.5,2
11/22/24 14:00,1.3,6,424,64.7,25,198,19.2,269,2.1,2
11/22/24 15:00,1.2,6.1,426,64.7,25,198,18.84,346,1.5,2
11/22/24 16:00,1.3,6.1,427,64.7,25,203,18.84,281,2.6,2
11/22/24 17:00,1.2,6.1,427,64.7,25.1,203,18.84,256,3.1,2
11/22/24 18:00,1.2,6.1,421,55.3,26.2,547,19.28,360,4.2,2
11/22/24 19:00,1.2,6.1,421,55.4,26.2,550,19.28,334,2.1,2
11/22/24 20:00,1.2,6.1,420,55.2,26.2,547,19.28,88,1.5,2
11/22/24 21:00,1.2,6.1,420,55.4,26.2,547,19.28,91,1.5,2
11/22/24 22:00,1.2,6.1,419,54.7,26.3,542,19.28,0,1,2
11/22/24 23:00,1.2,6.2,419,54.8,26.3,539,19.28,336,3.1,2
11/23/24 0:00,1.2,6.2,424,49,28.3,394,20.06,59,0.5,2
11/23/24 1:00,1.2,6.2,424,49.3,28.3,396,20.06,50,0.5,2
11/23/24 2:00,1.2,6.2,424,49.7,28.3,396,20.06,317,2.1,2
11/23/24 3:00,0.9,6.1,424,50.2,28.3,394,20.06,191,1.5,2
11/23/24 4:00,0.9,6.2,423,50.5,28.2,391,19.88,185,4.2,2
11/23/24 5:00,0.9,6.1,411,47.7,28.6,236,18.88,308,1,2
11/23/24 6:00,0.7,6.1,410,48,28.7,236,18.88,307,0.5,2
11/23/24 7:00,0.2,6.2,409,47.9,28.7,235,18.6,305,0.5,2
11/23/24 8:00,0.3,6.1,407,48.4,28.6,233,18.6,306,0,2
11/23/24 9:00,0.4,6.1,408,49.3,28.6,228,18.6,310,1,2
11/23/24 10:00,0.4,6.1,408,49.2,28.6,230,18.6,252,1,2
11/23/24 11:00,0.4,6.1,401,51.6,26.8,74,18.2,354,1,2
11/23/24 12:00,0.4,6.1,400,52.1,26.8,73,18.2,351,0.5,2
11/23/24 13:00,0.4,6.2,399,51.9,26.8,75,18.2,339,1,2
11/23/24 14:00,0.4,6.2,399,50.4,26.8,80,18.2,318,4.7,2
11/23/24 15:00,0.4,6.2,399,50.4,26.8,80,18.2,297,4.2,2
11/23/24 16:00,0.4,6.2,413,58.9,21.8,2,15.24,356,2.1,2
11/23/24 17:00,0.4,6.2,413,59.3,21.7,2,15.24,324,1.5,2
11/23/24 18:00,0.4,6.2,413,59.5,21.7,0,15.24,339,2.1,2
11/23/24 19:00,0.4,6.2,413,59.1,21.7,0,15.24,266,1.5,2
11/23/24 20:00,0.4,6.2,414,59,21.7,0,15.38,288,1,2
11/23/24 21:00,0.4,6.2,415,58.8,21.6,0,15.38,320,2.1,2
11/23/24 22:00,0.4,6.2,430,64.6,19,0,13.78,312,2.1,2
11/23/24 23:00,0.4,6.3,431,64.4,18.9,0,13.94,314,2.6,2
11/24/24 0:00,0.4,6.3,430,64.9,18.9,0,13.94,325,3.1,2
11/24/24 1:00,0.4,6.3,429,64.8,18.9,0,13.94,297,2.1,2
11/24/24 2:00,0.4,6.3,428,64.4,18.9,0,13.94,295,2.6,2
11/24/24 3:00,0.4,6.3,435,64.7,18,0,13.5,186,0,2
11/24/24 4:00,1.4,6.2,436,65.8,18,0,13.5,188,0,2
11/24/24 5:00,1.4,6.1,435,65.1,18,0,13.5,185,0,2
11/24/24 6:00,1.2,6.1,435,64.7,17.9,0,13.5,216,2.6,2
11/24/24 7:00,1.1,6.1,436,64.9,18,0,13.5,223,1.5,2
11/24/24 8:00,1.4,6,435,64.5,17.9,0,13.5,336,1.5,2
11/24/24 9:00,1.4,6,423,63.8,17.2,0,12.82,303,1.5,2
11/24/24 10:00,1.4,6,424,63.1,17.3,0,12.82,303,1,2
11/24/24 11:00,1.4,6,423,62.7,17.2,0,12.82,298,1,2
11/24/24 12:00,1.4,6.1,423,62.8,17.2,0,12.82,300,1,2
11/24/24 13:00,1.4,6.1,423,62.9,17.3,0,12.4,262,1.5,2
11/24/24 14:00,1.4,6.1,423,62.4,17.3,0,12.4,339,2.1,2
11/24/24 15:00,0.7,6.1,418,63.2,16.4,0,12.62,288,1.5,2
11/24/24 16:00,0.7,6.1,420,62.3,16.4,0,12.24,292,1,2
11/24/24 17:00,0.7,6.1,420,63.1,16.4,0,12.24,291,1,2
11/24/24 18:00,0.6,6.1,421,62.4,16.4,0,12.24,286,1,2
11/24/24 19:00,0.6,6.1,421,61.9,16.4,0,12.24,330,2.6,2
11/24/24 20:00,0.6,6.1,421,60.7,15.7,0,10.88,289,0,2
11/24/24 21:00,0.6,6.1,421,59.9,15.7,0,10.88,287,0,2
11/24/24 22:00,0.6,6.1,422,61.4,15.7,0,10.88,290,0,2
11/24/24 23:00,0.6,6.1,423,61.7,15.8,0,10.88,288,0,2
11/25/24 0:00,0.6,6.1,423,62.5,15.8,0,10.88,281,0,2
11/25/24 1:00,0.6,6.1,424,63.4,15.8,0,10.88,283,0,2
11/25/24 2:00,0.6,6.1,423,62.6,15.9,0,10.64,195,1,2
11/25/24 3:00,0.5,6.2,424,62.7,15.9,0,10.64,290,2.1,2
11/25/24 4:00,0.5,6.2,424,63.5,15.8,0,10.64,278,1,2
11/25/24 5:00,0.5,6.1,425,63.7,15.8,0,10.5,268,1,2
11/25/24 6:00,0.4,6.2,425,64.1,15.8,0,10.5,273,1,2
11/25/24 7:00,1.2,6,425,64.6,15.8,0,10.5,278,0.5,2
11/25/24 8:00,0.8,6,427,64.6,15.3,0,10.06,300,0,2
11/25/24 9:00,0.8,6,426,64.9,15.2,0,10.06,304,0,2
11/25/24 10:00,0.8,6,426,64.1,15.3,0,10.22,294,0,2
11/25/24 11:00,0.8,6,426,63.1,15.3,0,10.22,297,0,2
11/25/24 12:00,0.8,6,427,62.8,15.4,0,10.22,294,0,2
11/25/24 13:00,0.8,6,426,63.4,15.4,0,10.22,296,0.5,2
11/25/24 14:00,0.8,6,429,60.9,15,0,10.54,244,0,2
11/25/24 15:00,0.8,6,428,61.5,15,0,10.54,242,0,2
11/25/24 16:00,0.7,6.1,426,61.7,15,0,10.54,237,0,2
11/25/24 17:00,0.7,6,426,61.7,15,0,10.54,246,0,2
11/25/24 18:00,0.7,6.1,425,61.3,15,0,10.54,243,0,2
11/25/24 19:00,0.7,6.1,432,66,14.1,0,9.2,62,0,2
11/25/24 20:00,0.7,6.1,432,67.1,14.1,0,9.2,63,0.5,2
11/25/24 21:00,0.7,6.1,433,65.3,14.1,0,9.2,62,0,2
11/25/24 22:00,0.7,6.1,433,65.7,14.1,0,9.1,62,0,2
11/25/24 23:00,0.7,6.1,433,66.1,14.1,0,9.1,64,0,2
11/26/24 0:00,0.7,6.1,433,66.2,14.1,0,9.1,64,0,2
11/26/24 1:00,0.7,6.1,435,69.1,13.7,0,7.74,52,0.5,2
11/26/24 2:00,0.7,6.1,435,69.5,13.7,0,7.74,50,1,2
11/26/24 3:00,1.3,5.9,434,70.2,13.7,0,7.74,48,1,2
11/26/24 4:00,1.4,6,435,70.1,13.7,0,7.74,51,1,2
11/26/24 5:00,1.3,6,434,70.1,13.7,0,7.74,53,1,2
11/26/24 6:00,1.3,6,431,65.7,13.4,0,7.82,70,0,2
11/26/24 7:00,1.4,5.9,431,65.1,13.4,0,7.82,72,0,2
11/26/24 8:00,1.4,5.9,431,65.2,13.4,0,7.82,75,0,2
11/26/24 9:00,1.4,5.9,432,65.4,13.4,0,7.82,72,0,2
11/26/24 10:00,1.4,6,433,64.5,13.4,0,7.68,76,0,2
11/26/24 11:00,1.4,6,437,69.8,13,0,7,72,0,2
11/26/24 12:00,1.4,6.1,436,69.5,13,0,7,69,0,2
11/26/24 13:00,1.4,6.1,437,69,13,0,6.58,73,0,2
11/26/24 14:00,1.4,6.1,437,70,13,0,6.58,71,0,2
11/26/24 15:00,1.4,6.1,437,70.4,13,0,6.58,67,0.5,2
11/26/24 16:00,1.4,6.1,438,69.8,13.1,0,6.58,68,0.5,2
11/26/24 17:00,1.4,6.2,436,65.2,12.6,0,6.6,69,0,2
11/26/24 18:00,1.3,6.1,436,63.6,12.6,0,6.6,68,0,2
11/26/24 19:00,1.3,6.1,437,66.9,12.6,0,6.6,69,0.5,2
11/26/24 20:00,1.3,6.2,437,67.9,12.6,0,6.6,69,0,2
11/26/24 21:00,1.3,6.2,437,67.7,12.7,0,6.6,71,0.5,2
11/26/24 22:00,1.3,6.2,438,68.9,12.6,0,6.6,70,1,2
11/26/24 23:00,1.3,6.2,449,70.2,12.8,4,7.1,72,0,2
11/27/24 0:00,1.3,6.2,449,70.6,12.8,4,7.1,73,0,2
11/27/24 1:00,1.3,6.2,449,70.6,12.8,4,7.1,76,0,2
11/27/24 2:00,1.3,6.2,450,70.6,12.8,4,6.82,69,0,2
11/27/24 3:00,1.4,5.9,450,69.9,12.8,4,6.82,72,0.5,2
11/27/24 4:00,1.4,5.9,444,68.5,13.5,55,8.58,74,0,2
11/27/24 5:00,1.4,5.9,445,69.9,13.5,52,8.56,67,0,2
11/27/24 6:00,1.4,5.9,444,70.7,13.5,52,8.56,73,0,2
11/27/24 7:00,1.1,5.9,444,71.3,13.5,49,8.56,66,0,2
11/27/24 8:00,1.2,5.9,444,71.4,13.5,46,8.56,68,0,2
11/27/24 9:00,1.2,5.9,444,70.8,13.5,45,8.56,64,0,2
11/27/24 10:00,1.1,6,439,66.2,17,77,9.1,70,0,2
11/27/24 11:00,1.1,6,440,65.7,17,71,9.1,71,0,2
11/27/24 12:00,1.1,6,439,65.7,17,78,9.1,74,0,2
11/27/24 13:00,1.1,6.1,438,66.4,17,75,9.1,69,0,2
11/27/24 14:00,1.1,6.1,439,66.9,17,77,9.1,71,0,2
11/27/24 15:00,1.1,6.1,439,66.9,17,78,9.58,70,0,2
11/27/24 16:00,1.1,6.1,445,55,24.7,334,11.52,250,0,2
11/27/24 17:00,1.1,6.1,445,54.7,24.7,335,11.52,183,0,2
11/27/24 18:00,1.1,6.1,443,54.9,24.7,337,11.82,200,0,2
11/27/24 19:00,1.1,6.1,443,55.4,24.7,335,11.82,297,0,2
11/27/24 20:00,1.1,6.2,442,55.1,24.7,329,11.82,215,0,2
11/27/24 21:00,1.1,6.2,443,55.4,24.7,329,11.82,303,0,2
11/27/24 22:00,1.1,6.2,431,49.4,25,449,12.5,198,1.5,2
11/27/24 23:00,1,6.2,430,49.4,25.1,449,12.72,206,1.5,2
11/28/24 0:00,1,6.2,430,49.1,25.1,452,12.72,199,1.5,2
11/28/24 1:00,1,6.2,431,49,25.2,454,12.72,214,2.1,2
11/28/24 2:00,1,6.2,431,49.4,25.2,454,12.72,207,1.5,2
11/28/24 3:00,1.3,5.9,430,49.3,25.2,454,12.72,242,1.5,2
11/28/24 4:00,1.3,5.9,497,47.1,27.3,504,13.24,275,2.1,2
11/28/24 5:00,1.3,5.9,494,47.3,27.3,503,13.24,299,1.5,2
11/28/24 6:00,1.2,5.8,492,47,27.3,505,13.24,342,1,2
11/28/24 7:00,1.2,5.8,490,47.1,27.4,506,13.24,338,1,2
11/28/24 8:00,1.4,5.9,488,46.8,27.4,506,13.24,226,1,2
11/28/24 9:00,1.3,5.9,487,46.5,27.3,507,13.12,191,1.5,2
11/28/24 10:00,1.3,6,410,44.5,28.2,478,14.18,303,3.6,2
11/28/24 11:00,1.3,6,410,43.3,28.2,480,14.18,297,3.6,2
11/28/24 12:00,1.3,6,412,43.2,28.2,479,14.06,296,2.6,2
11/28/24 13:00,1.3,6.1,413,43.7,28.2,479,14.06,286,2.1,2
11/28/24 14:00,1.3,6.1,413,43.2,28.1,477,14.06,299,1.5,2
11/28/24 15:00,1.3,6.1,413,43.3,28.1,475,14.06,298,2.1,2
11/28/24 16:00,1.3,6.1,423,46.5,26.9,386,13.7,238,1,2
11/28/24 17:00,1.3,6.1,422,46.1,26.9,386,13.7,176,1,2
11/28/24 18:00,1.3,6.1,422,46.1,26.9,386,13.7,176,1.5,2
11/28/24 19:00,1.3,6.2,421,46,26.9,386,13.7,182,2.6,2
11/28/24 20:00,1.3,6.2,420,45.4,27,384,13.7,208,2.1,2
11/28/24 21:00,1.3,6.2,420,45.6,26.9,383,13.64,236,2.1,2
11/28/24 22:00,1.2,6.2,419,48.2,25.4,214,13.86,329,2.6,2
11/28/24 23:00,1.2,6.2,419,49.5,25.3,211,13.86,326,2.6,2
11/29/24 0:00,1.2,6.2,419,49.7,25.2,206,13.82,296,2.1,2
11/29/24 1:00,1.2,6.2,419,49.5,25.2,204,13.82,313,3.1,2
11/29/24 2:00,1.2,6.2,419,49.9,25.2,204,13.82,260,2.6,2
11/29/24 3:00,1.3,5.8,419,50,25.2,203,13.82,342,1.5,2
11/29/24 4:00,1.3,5.9,431,52.8,21.7,66,12.88,265,2.1,2
11/29/24 5:00,1.3,5.9,431,52.7,21.7,66,12.88,235,2.1,2
11/29/24 6:00,1.3,5.9,431,52.7,21.8,66,12.88,77,2.1,2
11/29/24 7:00,1,6,432,52.7,21.7,66,12.88,245,1.5,2
11/29/24 8:00,1,6,431,53.1,21.7,64,12.88,92,1,2
11/29/24 9:00,1,6,431,52.9,21.7,62,12.88,343,4.7,2
11/29/24 10:00,1,6,419,54.5,20.2,0,12.36,341,1.5,2
11/29/24 11:00,1,6.1,419,54.4,20.1,0,12.36,360,2.1,2
11/29/24 12:00,1,6.1,420,54.2,20.1,0,12.36,306,1.5,2
11/29/24 13:00,1,6.1,420,54.3,20.1,0,12.36,250,1,2
11/29/24 14:00,1,6.1,420,55.2,20.1,0,12.24,256,1,2
11/29/24 15:00,1,6.1,420,55.3,20,0,12.24,251,1,2
11/29/24 16:00,1,6.1,423,58.9,17,0,11.22,123,1,2
11/29/24 17:00,1,6.1,422,59.1,17,0,11.28,307,1,2
11/29/24 18:00,1,6.1,421,58,17,0,11.28,291,1,2
11/29/24 19:00,1,6.1,420,58.4,17,0,11.28,287,1,2
11/29/24 20:00,1,6.1,420,58.1,17,0,11.28,291,1.5,2
11/29/24 21:00,1,6.1,422,52.8,15.9,0,10.58,333,2.1,2
11/29/24 22:00,1,6.1,421,53,15.9,0,10.58,202,3.6,2
11/29/24 23:00,1,6.1,423,53.2,15.9,0,10.58,232,1,2
11/30/24 0:00,1,6.1,423,53.2,15.9,0,10.58,235,1.5,2
11/30/24 1:00,1,6.1,423,54,15.9,0,10.58,239,1.5,2
11/30/24 2:00,1,6.1,423,54.2,15.8,0,10.58,182,0.5,2
11/30/24 3:00,1,6.1,425,52.4,15.6,0,10.28,24,0.5,2
11/30/24 4:00,1,6.1,425,52.3,15.6,0,10.28,282,1.5,2
11/30/24 5:00,1,6.1,425,52.4,15.6,0,10.28,3,1.5,2
11/30/24 6:00,1,6.1,426,53,15.7,0,10.14,3,3.1,2
11/30/24 7:00,1,6.1,426,52.5,15.6,0,10.14,7,1.5,2
11/30/24 8:00,1,6.1,426,53.1,15.7,0,10.14,5,1,2
11/30/24 9:00,1,6.1,426,55.4,14.8,0,9.46,283,1.5,2
11/30/24 10:00,1,6.1,426,55.9,14.7,0,9.38,321,2.6,2
11/30/24 11:00,1,6.1,427,56.3,14.8,0,9.38,331,2.1,2
11/30/24 12:00,1,6.1,428,56.8,14.7,0,9.38,328,1.5,2
11/30/24 13:00,1,6.1,428,56.9,14.7,0,9.38,331,1,2
11/30/24 14:00,1,6.1,428,57.2,14.7,0,9.38,333,1.5,2
11/30/24 15:00,1,6.1,433,56.1,14,0,8.88,222,1.5,2
11/30/24 16:00,1,6.1,432,56.3,14,0,8.88,229,1,2
11/30/24 17:00,1,6.1,432,55.8,14.1,0,8.88,283,2.1,2
11/30/24 18:00,1,6.1,431,54.8,14.2,0,8.88,277,1.5,2
11/30/24 19:00,1,6.1,429,56.1,14.1,0,8.88,275,1,2
11/30/24 20:00,1,6.1,428,56.1,14.1,0,8.88,276,0.5,2
11/30/24 21:00,1,6.1,435,57.5,13.5,0,8.24,64,0.5,2
11/30/24 22:00,1,6.1,434,57,13.5,0,8.24,71,1.5,2
11/30/24 23:00,1,6.1,435,57,13.5,0,8.24,75,1,2
12/1/24 0:00,1,6.1,460,95.6,10.2,0,4.62,112,0,2
12/1/24 1:00,1,6.1,461,95.5,10.2,0,4.62,112,0,2
12/1/24 2:00,1,6.1,461,95.6,10.2,0,4.62,103,0,2
12/1/24 3:00,1,6.1,461,98.3,10.2,0,4.62,106,0,2
12/1/24 4:00,0.9,6.2,461,98.4,10.2,0,4.62,114,0,2
12/1/24 5:00,1,6.2,466,94.4,10.1,0,4.42,105,0,2
12/1/24 6:00,1,6.2,466,94.7,10.1,0,4.42,101,0,2
12/1/24 7:00,1,6.2,465,93.5,10.1,0,4.42,105,0,2
12/1/24 8:00,0.9,6.2,466,94.2,10.1,0,4.42,104,0,2
12/1/24 9:00,1.3,5.9,466,94.7,10.1,0,4.64,104,0,2
12/1/24 10:00,1.3,5.9,466,95.7,10.1,0,4.64,108,0,2
12/1/24 11:00,1.3,5.9,476,96.3,10,0,3.32,109,0,2
12/1/24 12:00,1.3,5.8,477,96.6,10,0,3.88,110,0,2
12/1/24 13:00,1.3,5.8,478,96.3,10,0,3.88,102,0,2
12/1/24 14:00,1.4,5.9,479,94.1,10,0,3.88,107,0,2
12/1/24 15:00,1.4,5.9,480,91.2,10,0,3.88,104,0,2
12/1/24 16:00,1.4,5.9,479,90.7,10,0,3.88,113,0,2
12/1/24 17:00,1.4,5.9,483,94.5,9.7,0,4.1,106,0,2
12/1/24 18:00,1.3,5.9,483,94.8,9.7,0,4.1,101,0,2
12/1/24 19:00,1.3,6,483,96.2,9.7,0,4.1,97,0,2
12/1/24 20:00,1.3,6,483,96.2,9.7,0,4.1,98,0,2
12/1/24 21:00,1.3,6,481,95.8,9.7,0,4.08,110,0,2
12/1/24 22:00,1.3,6,482,95.1,9.6,0,4.08,105,0,2
12/1/24 23:00,1.3,6.1,488,95.5,9.3,0,1.54,102,0,2
12/2/24 0:00,1.3,6.1,487,96.2,9.3,0,1.54,116,0,2
12/2/24 1:00,1.3,6.1,486,97.1,9.3,0,2.24,115,0,2
12/2/24 2:00,1.3,6.1,486,96.9,9.3,0,2.24,102,0,2
12/2/24 3:00,1.3,6.1,487,97,9.3,0,2.24,112,0,2
12/2/24 4:00,1.3,6.1,488,94.5,9.3,0,2.24,108,0,2
12/2/24 5:00,1.3,6.1,491,96.2,9,0,2.6,106,0,2
12/2/24 6:00,1.3,6.1,492,96.1,9,0,2.6,106,0,2
12/2/24 7:00,1.3,6.1,494,97.8,9,0,2.6,105,0,2
12/2/24 8:00,1.3,6.1,494,97.4,9,0,2.6,113,0,2
12/2/24 9:00,1.4,5.9,495,97.6,9,0,2.6,100,0,2
12/2/24 10:00,1.4,5.9,495,96.8,9,0,2.6,100,0,2
12/2/24 11:00,1.4,5.9,498,91.4,8.7,0,-0.19,111,0,2
12/2/24 12:00,1.1,5.9,498,91.3,8.7,0,-0.19,108,0,2
12/2/24 13:00,1.1,5.9,499,91.8,8.7,0,1.2,107,0,2
12/2/24 14:00,0.9,6,500,91.3,8.7,0,1.2,110,0,2
12/2/24 15:00,0.9,6,502,93.2,8.7,0,1.2,110,0,2
12/2/24 16:00,0.9,6,502,95.4,8.7,0,1.2,100,0,2
12/2/24 17:00,0.9,6,502,95.9,8.5,0,2,113,0,2
12/2/24 18:00,0.9,6.1,502,95.5,8.5,0,2,102,0,2
12/2/24 19:00,0.9,6.1,502,94.5,8.5,0,2,99,0,2
12/2/24 20:00,0.9,6.1,503,94.6,8.5,0,2,97,0,2
12/2/24 21:00,0.9,6.1,503,94.5,8.5,0,2,109,0,2
12/2/24 22:00,0.9,6.1,504,95.3,8.5,0,1.54,100,0,2
12/2/24 23:00,0.9,6.2,505,94.5,9.1,3,3.02,110,0,2
12/3/24 0:00,0.9,6.2,506,95.5,9.2,3,3.02,119,0,2
12/3/24 1:00,0.9,6.2,505,95.6,9.1,4,3.3,103,0,2
12/3/24 2:00,0.9,6.2,506,97.7,9.1,5,3.3,98,0,2
12/3/24 3:00,0.9,6.2,505,95.7,9.2,5,3.3,106,0,2
12/3/24 4:00,0.9,6.2,497,96.7,12,94,3.44,111,0,2
12/3/24 5:00,0.9,6.2,498,96.7,12.1,91,3.32,110,0,2
12/3/24 6:00,0.8,6.2,499,96.8,12,86,3.32,98,0,2
12/3/24 7:00,0.8,6.2,499,97.8,12,83,3.32,109,0,2
12/3/24 8:00,0.8,6.2,500,97.8,12,83,3.32,115,0,2
12/3/24 9:00,1.4,5.8,500,97.4,12,85,3.32,110,0,2
12/3/24 10:00,1.4,5.9,464,94.8,17.4,189,7.2,161,0,2
12/3/24 11:00,1.4,5.9,463,94.6,17.4,187,7.2,164,0,2
12/3/24 12:00,1,6,461,93.7,17.4,191,7.2,162,0,2
12/3/24 13:00,1,6,461,93.3,17.5,198,7.2,162,0,2
12/3/24 14:00,0.9,6,459,93.3,17.5,194,6.8,167,0,2
12/3/24 15:00,0.9,6,458,93.9,17.5,198,6.8,166,0,2
12/3/24 16:00,0.9,6,415,93.4,19.8,235,9.56,130,0.5,2
12/3/24 17:00,0.9,6,415,93.4,19.8,230,9.18,145,0,2
12/3/24 18:00,0.9,6.1,415,93.4,19.8,230,9.18,150,1,2
12/3/24 19:00,0.9,6.1,415,93.9,19.8,230,9.18,154,1,2
12/3/24 20:00,0.9,6.1,414,94,19.8,228,9.18,156,0.5,2
12/3/24 21:00,0.9,6.2,408,95.1,21.6,249,10.92,82,1,2
12/3/24 22:00,0.9,6.1,406,95,21.6,249,10.92,77,1,2
12/3/24 23:00,0.9,6.2,404,95.5,21.6,251,10.92,70,1,2
12/4/24 0:00,0.9,6.2,403,95.8,21.6,256,10.92,95,1,2
12/4/24 1:00,0.9,6.2,402,95.6,21.6,257,10.92,111,1,2
12/4/24 2:00,0.9,6.2,411,95.7,22.3,370,11.58,170,0.5,2
12/4/24 3:00,0.9,6.2,411,96.1,22.3,371,11.58,157,0.5,2
12/4/24 4:00,0.9,6.2,412,96.1,22.2,370,11.58,157,0,2
12/4/24 5:00,0.9,6.2,412,96.2,22.2,368,11.58,162,0.5,2
12/4/24 6:00,0.9,6.2,413,96,22.3,368,12.06,146,0.5,2
12/4/24 7:00,0.9,6.2,414,96.9,22.3,362,12.06,158,0,2
12/4/24 8:00,0.9,6.2,411,99.8,18.4,164,12.62,128,0.5,2
12/4/24 9:00,1.1,5.9,414,99.1,18.4,161,12.82,102,2.1,2
12/4/24 10:00,1.4,5.9,414,99.5,18.3,162,12.82,110,2.1,2
12/4/24 11:00,1.4,5.9,414,99.2,18.4,156,12.82,140,1.5,2
12/4/24 12:00,1.1,6,415,98.7,18.4,156,12.82,213,1,2
12/4/24 13:00,1,6.1,415,97.6,18.3,154,12.82,144,1,2
12/4/24 14:00,1.1,6,400,97.6,19.2,88,11.96,65,2.6,2
12/4/24 15:00,1,6,400,97.6,19.2,89,11.96,93,3.6,2
12/4/24 16:00,1,6,400,98.5,19.2,92,11.96,121,3.1,2
12/4/24 17:00,1,6,398,98.6,19.1,93,11.96,115,2.1,2
12/4/24 18:00,1,6.1,398,98.8,19.1,98,11.58,131,1.5,2
12/4/24 19:00,0.9,6.1,397,99,19.1,95,11.58,127,1,2
12/4/24 20:00,0.9,6.1,403,99.9,17,10,11.8,101,0,2
12/4/24 21:00,0.9,6.2,402,99.9,17,12,11.8,102,0,2
12/4/24 22:00,0.9,6.2,403,99.9,17,13,12.22,97,0.5,2
12/4/24 23:00,0.9,6.2,401,99.9,17,12,12.22,104,0.5,2
12/5/24 0:00,0.9,6.2,401,99.9,17,14,12.22,105,0.5,2
12/5/24 1:00,0.9,6.2,401,99.9,17,14,12.22,95,0,2
12/5/24 2:00,0.9,6.2,408,99.9,15,6,11.78,86,1,2
12/5/24 3:00,0.9,6.2,409,99.9,15,6,11.7,94,0.5,2
12/5/24 4:00,0.9,6.2,408,99.9,15,6,11.7,87,1,2
12/5/24 5:00,0.9,6.2,408,99.9,15.1,6,11.7,90,1,2
12/5/24 6:00,0.9,6.2,408,99.9,15.1,6,11.7,85,1,2
12/5/24 7:00,0.9,6.2,407,99.9,15,6,11.7,63,1.5,2
12/5/24 8:00,0.9,6.2,417,95.1,13.5,0,10.94,81,0,2
12/5/24 9:00,0.9,6.3,418,95,13.5,0,10.94,72,0,2
12/5/24 10:00,1.4,5.8,417,94.5,13.5,0,10.94,81,0,2
12/5/24 11:00,1.4,5.9,417,95.8,13.5,0,10.94,76,0,2
12/5/24 12:00,1.1,6,418,97.1,13.4,0,10.94,78,0,2
12/5/24 13:00,1.1,6,425,99.4,13.1,0,10.7,95,1,2
12/5/24 14:00,1.3,5.8,425,99.6,13.1,0,10.34,83,1,2
12/5/24 15:00,0.7,6.1,424,99.9,13.1,0,10.34,92,1,2
12/5/24 16:00,0.7,6.1,424,98.9,13.1,0,10.34,89,0.5,2
12/5/24 17:00,0.7,6.1,423,98.7,13.1,0,10.34,104,0.5,2
12/5/24 18:00,0.7,6.1,424,99.2,13.1,0,10.34,102,1,2
12/5/24 19:00,0.7,6.1,434,99.4,12.9,0,10.02,91,0,2
12/5/24 20:00,0.7,6.1,434,99.8,12.9,0,10.02,93,0,2
12/5/24 21:00,0.7,6.1,434,99.5,13,0,10.02,85,0,2
12/5/24 22:00,0.7,6.1,435,99.6,13,0,10.02,97,0,2
12/5/24 23:00,0.7,6.1,436,99.7,12.9,0,10.02,91,0,2
12/6/24 0:00,0.7,6.1,436,99.8,12.9,0,10.02,91,0,2
12/6/24 1:00,0.7,6.1,443,99.9,12.6,0,10.26,205,0,2
12/6/24 2:00,0.7,6.1,443,99.7,12.7,0,10.26,199,0,2
12/6/24 3:00,0.7,6.1,442,99.3,12.7,0,10.26,212,0.5,2
12/6/24 4:00,0.7,6.1,442,98.8,12.7,0,9.92,200,0.5,2
12/6/24 5:00,0.7,6.1,442,98.6,12.7,0,9.92,205,0.5,2
12/6/24 6:00,0.7,6.1,441,98.8,12.7,0,9.92,204,0.5,2
12/6/24 7:00,0.7,6.1,450,99.9,12.2,0,9.6,93,0,2
12/6/24 8:00,0.6,6.1,450,99.9,12.2,0,9.6,93,0,2
12/6/24 9:00,0.6,6.2,449,99.9,12.3,0,9.6,94,0.5,2
12/6/24 10:00,1.2,6,451,99.9,12.3,0,9.6,92,0.5,2
12/6/24 11:00,1.2,5.9,450,98.8,12.3,0,9.6,96,0.5,2
12/6/24 12:00,1,6,451,99.6,12.3,0,9.6,87,0.5,2
12/6/24 13:00,0.9,6,457,97.8,12.2,0,9.86,117,1,2
12/6/24 14:00,0.9,6,457,98.4,12.2,0,9.86,114,1,2
12/6/24 15:00,0.9,6,458,98.9,12.2,0,9.86,110,1,2
12/6/24 16:00,0.9,6,457,97.7,12.1,0,9.32,102,1,2
12/6/24 17:00,0.9,6.1,457,97.9,12.1,0,9.32,116,1,2
12/6/24 18:00,0.9,6.1,465,97.2,11,0,9.46,101,0,2
12/6/24 19:00,0.9,6.2,464,97.3,11,0,9.46,94,0,2
12/6/24 20:00,0.9,6.2,464,97,11,0,9.46,99,0,2
12/6/24 21:00,0.9,6.1,464,98,11,0,9.46,96,0.5,2
12/6/24 22:00,0.9,6.1,464,98.2,11,0,9.46,92,0.5,2
12/6/24 23:00,0.9,6.2,463,98.2,11,0,9.46,98,1,2
12/7/24 0:00,0.9,6.2,466,94.8,10.4,0,9.46,124,1.5,2
12/7/24 1:00,0.9,6.2,466,96.4,10.4,0,9.46,120,1,2
12/7/24 2:00,0.9,6.2,465,96.1,10.4,0,9.46,119,1,2
12/7/24 3:00,0.9,6.2,466,96.5,10.4,0,9.46,131,1,2
12/7/24 4:00,0.9,6.2,466,97,10.4,0,9.46,117,1,2
12/7/24 5:00,0.8,6.2,465,97.8,10.4,0,9.46,123,1,2
12/7/24 6:00,0.8,6.2,471,93.5,10.2,0,8.7,94,0,2
12/7/24 7:00,0.8,6.3,469,93.3,10.2,0,8.7,85,0,2
12/7/24 8:00,0.8,6.3,469,94.9,10.2,0,8.7,85,1,2
12/7/24 9:00,0.8,6.3,467,94.8,10.2,0,8.54,84,2.6,2
12/7/24 10:00,1.4,5.9,466,95.8,10.2,0,8.54,89,1.5,2
12/7/24 11:00,1.4,5.9,465,96.2,10.2,0,8.54,89,1,2
12/7/24 12:00,1.1,6,464,98.1,10,0,9.5,72,1,2
12/7/24 13:00,1.1,5.9,464,98.5,10,0,9.5,80,1.5,2
12/7/24 14:00,0.9,6,466,99.1,10,0,9.4,72,1.5,2
12/7/24 15:00,0.9,6,468,97.3,9.9,0,9.4,111,1.5,2
12/7/24 16:00,0.9,6,468,98.5,9.9,0,9.4,100,1,2
12/7/24 17:00,0.9,6,469,96.7,10,0,9.4,112,1,2
12/7/24 18:00,0.9,6.1,466,96.2,10,0,8.74,85,0,2
12/7/24 19:00,0.9,6.1,467,97.3,10,0,8.74,88,0.5,2
12/7/24 20:00,0.9,6.1,467,97.2,10,0,8.74,82,0.5,2
12/7/24 21:00,0.9,6.2,467,97.3,10,0,8.74,89,0.5,2
12/7/24 22:00,0.9,6.2,466,97.9,10,0,8.74,88,0.5,2
12/7/24 23:00,0.9,6.2,468,98,10,0,8.74,87,0.5,2
12/8/24 0:00,0.9,6.2,465,93.8,10.5,0,9.46,89,1,2
12/8/24 1:00,0.9,6.2,465,94.5,10.4,0,9.46,91,1.5,2
12/8/24 2:00,0.9,6.2,466,94.7,10.4,0,9.46,107,1,2
12/8/24 3:00,0.9,6.2,465,94.8,10.4,0,9.46,105,1,2
12/8/24 4:00,0.9,6.2,465,95.1,10.4,0,9.96,96,1,2
12/8/24 5:00,0.9,6.2,465,95.4,10.5,0,9.96,105,0.5,2
12/8/24 6:00,0.9,6.2,464,91.2,10.4,0,8.62,106,0.5,2
12/8/24 7:00,0.9,6.2,465,90.8,10.5,0,8.62,116,0.5,2
12/8/24 8:00,0.9,6.3,466,91,10.4,0,8.14,101,0.5,2
12/8/24 9:00,0.9,6.2,467,91.2,10.4,0,8.14,118,0,2
12/8/24 10:00,1.5,5.9,469,90.9,10.4,0,8.14,101,0,2
12/8/24 11:00,1.5,5.9,470,91.1,10.4,0,8.14,105,0,2
12/8/24 12:00,1,6,466,94.2,11.1,0,8.34,47,1,2
12/8/24 13:00,0.7,6.2,466,94.6,11.1,0,8.34,59,1.5,2
12/8/24 14:00,0.9,6.1,465,94.7,11.1,0,8.34,88,1.5,2
12/8/24 15:00,0.9,6,465,93.8,11.1,0,8.34,89,1,2
12/8/24 16:00,0.9,6,465,94.4,11.1,0,8.34,77,1,2
12/8/24 17:00,0.9,6.1,465,94.9,11.1,0,8.34,86,0.5,2
12/8/24 18:00,0.9,6.1,463,95.8,11.6,6,9.44,31,1,2
12/8/24 19:00,0.9,6.2,464,95.8,11.7,5,9.44,30,1,2
12/8/24 20:00,0.9,6.2,464,96.3,11.7,5,9.44,27,1,2
12/8/24 21:00,0.9,6.2,464,97.3,11.6,5,9.7,24,1,2
12/8/24 22:00,0.9,6.2,464,97.2,11.6,6,9.7,24,1,2
12/8/24 23:00,0.9,6.2,433,91.2,16,89,10.44,220,0,2
12/9/24 0:00,0.9,6.2,432,92.2,16,87,10.14,219,0.5,2
12/9/24 1:00,0.9,6.2,432,91.7,16,85,10.14,234,0.5,2
12/9/24 2:00,0.9,6.2,432,91.4,16,81,10.14,216,0.5,2
12/9/24 3:00,0.9,6.2,432,91.9,16,81,10.14,219,0,2
12/9/24 4:00,0.9,6.2,431,92.6,16,77,10.14,220,0,2
12/9/24 5:00,0.9,6.3,415,89.3,21.9,220,11.06,27,2.1,2
12/9/24 6:00,0.9,6.3,415,89.5,21.9,223,11.06,28,1,2
12/9/24 7:00,0.9,6.3,414,90.1,21.9,222,11.06,22,1,2
12/9/24 8:00,0.9,6.3,414,90,21.9,220,11.06,81,1.5,2
12/9/24 9:00,0.9,6.3,413,91.2,21.9,220,11.06,82,1.5,2
12/9/24 10:00,1.3,5.9,491,96,22,273,13.16,70,1,2
12/9/24 11:00,1.3,5.9,490,95.8,21.9,273,13.16,73,0.5,2
12/9/24 12:00,1.1,6,489,95.8,21.9,270,13.16,82,0.5,2
12/9/24 13:00,0.9,6,489,95.9,21.9,270,13.16,78,0,2
12/9/24 14:00,0.9,6,487,96,21.9,270,13.12,76,0,2
12/9/24 15:00,0.7,6.1,486,94.9,21.9,262,13.12,74,0.5,2
12/9/24 16:00,0.7,6.1,431,99,22.7,277,14.92,79,0,2
12/9/24 17:00,0.7,6.1,432,98.9,22.7,282,15.24,84,0,2
12/9/24 18:00,0.7,6.1,430,98.3,22.6,276,15.24,82,0,2
12/9/24 19:00,0.7,6.1,429,97.2,22.7,281,15.24,78,0,2
12/9/24 20:00,0.7,6.1,429,95.5,22.7,281,15.24,83,0,2
12/9/24 21:00,0.7,6.1,411,94.2,21.7,369,15.7,250,2.1,2
12/9/24 22:00,0.7,6.1,411,94.2,21.7,367,15.7,257,2.1,2
12/9/24 23:00,0.7,6.1,411,94.6,21.7,362,15.7,214,2.6,2
12/10/24 0:00,0.7,6.1,411,94.3,21.8,362,15.7,212,3.1,2
12/10/24 1:00,0.7,6.1,411,94.1,21.8,359,15.7,213,2.6,2
12/10/24 2:00,0.7,6.1,411,93.6,21.8,357,15.44,225,3.6,2
12/10/24 3:00,0.7,6.1,409,94.2,21.1,229,15.9,251,1.5,2
12/10/24 4:00,0.7,6.2,409,94.1,21.1,228,15.9,234,0.5,2
12/10/24 5:00,0.7,6.2,409,94.3,21.1,230,15.9,228,1.5,2
12/10/24 6:00,0.7,6.2,411,94.6,21.1,230,15.8,218,4.2,2
12/10/24 7:00,0.7,6.2,412,95.2,21.1,225,15.8,201,2.1,2
12/10/24 8:00,0.7,6.2,412,96.2,21.1,226,15.8,287,1.5,2
12/10/24 9:00,0.7,6.2,464,97.9,19.4,28,13.6,295,2.6,2
12/10/24 10:00,1.1,5.9,464,97.8,19.3,28,13.6,293,1,2
12/10/24 11:00,0.9,6,466,98.2,19.3,23,13.6,298,0.5,2
12/10/24 12:00,0.9,6,466,98.9,19.3,17,13.6,316,1,2
12/10/24 13:00,0.9,6,467,98.2,19.3,16,13.6,55,2.1,2
12/10/24 14:00,0.9,6,493,98.8,17.9,9,10.28,224,1,2
12/10/24 15:00,0.9,6,491,99.1,17.8,8,10.28,198,2.1,2
12/10/24 16:00,0.9,6,491,99.8,17.8,8,10.28,195,1.5,2
12/10/24 17:00,0.9,6.1,491,99.2,17.8,8,10.28,186,1,2
12/10/24 18:00,0.9,6.1,492,98.9,17.8,8,10.28,194,1,2
12/10/24 19:00,0.9,6.1,493,99.9,17.8,9,10.68,195,1,2
12/10/24 20:00,0.9,6.2,507,99.7,16.5,0,11.14,330,0.5,2
12/10/24 21:00,0.9,6.2,507,99.7,16.5,1,11.14,317,0.5,2
12/10/24 22:00,0.9,6.2,509,99.9,16.5,1,11.14,270,0.5,2
12/10/24 23:00,0.9,6.2,508,99.8,16.5,1,11.14,306,0.5,2
12/11/24 0:00,0.9,6.2,509,99.4,16.5,1,10.7,289,1.5,2
12/11/24 1:00,0.9,6.2,508,99.8,16.5,1,10.7,289,1.5,2
12/11/24 2:00,0.9,6.2,516,95,15.1,0,9.66,320,3.1,2
12/11/24 3:00,0.9,6.2,517,94.6,15,0,8.64,309,1.5,2
12/11/24 4:00,0.9,6.2,517,94.5,15,0,8.64,266,1,2
12/11/24 5:00,0.9,6.2,519,93.1,15.1,0,8.64,229,1,2
12/11/24 6:00,0.9,6.2,519,92.7,15.1,0,8.64,218,1,2
12/11/24 7:00,0.9,6.2,525,97.2,13.6,0,8.16,244,0,2
12/11/24 8:00,0.9,6.2,525,98.9,13.6,0,8.16,237,1,2
12/11/24 9:00,0.9,6.2,524,99.9,13.6,0,8.16,240,0.5,2
12/11/24 10:00,1.4,5.9,523,99.9,13.6,0,8.64,258,1.5,2
12/11/24 11:00,1,6,523,99.9,13.6,0,8.64,270,0.5,2
12/11/24 12:00,0.9,6,524,97.2,12.6,0,9.1,226,1.5,2
12/11/24 13:00,0.9,6,524,97.1,12.6,0,9.14,216,1,2
12/11/24 14:00,0.5,6.2,523,96,12.7,0,9.14,217,0.5,2
12/11/24 15:00,0.5,6.1,522,96.6,12.7,0,9.14,302,2.6,2
12/11/24 16:00,0.5,6.1,522,96.7,12.7,0,9.14,300,2.6,2
12/11/24 17:00,0.5,6.1,521,96.8,12.7,0,9.14,286,1.5,2
12/11/24 18:00,0.5,6.1,521,95.3,12.3,0,8.08,227,0.5,2
12/11/24 19:00,0.5,6.2,521,95.5,12.3,0,8.08,230,1,2
12/11/24 20:00,0.5,6.1,522,95.7,12.3,0,8.08,226,0.5,2
12/11/24 21:00,0.5,6.2,522,95.2,12.3,0,8.08,226,0.5,2
12/11/24 22:00,0.5,6.2,521,94.5,12.3,0,8.08,230,0.5,2
12/11/24 23:00,0.4,6.2,513,95.8,12.5,0,4.66,236,0,2
12/12/24 0:00,0.4,6.2,513,95.7,12.4,0,4.66,18,1,2
12/12/24 1:00,0.5,6.2,512,95.7,12.4,0,4.66,28,0.5,2
12/12/24 2:00,0.5,6.2,512,98.2,12.4,0,4.64,22,0,2
12/12/24 3:00,0.5,6.2,512,98.2,12.4,0,4.64,140,0.5,2
12/12/24 4:00,0.5,6.2,512,97.7,12.4,0,4.64,180,2.6,2
12/12/24 5:00,0.5,6.2,500,91.6,11.5,0,5.34,305,0.5,2
12/12/24 6:00,0.4,6.2,500,92.7,11.5,0,5.34,306,1.5,2
12/12/24 7:00,0.4,6.3,501,93.5,11.4,0,5.34,267,1.5,2
12/12/24 8:00,0.4,6.3,502,94.3,11.5,0,5.34,256,2.6,2
12/12/24 9:00,0.4,6.3,503,92.3,11.5,0,5.34,259,2.1,2
12/12/24 10:00,0.4,6.3,495,93.7,10.9,0,4.08,284,3.6,2
12/12/24 11:00,1.4,5.7,494,93.4,10.9,0,4.08,310,2.1,2
12/12/24 12:00,1.4,5.7,493,93,10.9,0,4.08,266,2.1,2
12/12/24 13:00,1.5,5.9,494,94,10.9,0,4.08,269,1.5,2
12/12/24 14:00,1.5,6,494,94.3,10.9,0,4.28,313,1.5,2
12/12/24 15:00,1.4,6,494,95.6,10.9,0,4.28,251,2.1,2
12/12/24 16:00,1.4,6.1,485,94.8,10.4,0,3.16,283,0.5,2
12/12/24 17:00,1.4,6.1,485,94.8,10.4,0,3.24,283,1,2
12/12/24 18:00,1.5,6.2,485,95.2,10.4,0,3.24,288,1,2
12/12/24 19:00,1.5,6.2,485,95.1,10.4,0,3.24,277,1,2
12/12/24 20:00,1.4,6.2,486,96.6,10.4,0,3.24,276,1,2
12/12/24 21:00,1.5,6.3,485,97,10.3,0,3.24,275,0.5,2
12/12/24 22:00,1.5,6.3,474,95.1,10,0,0.54,233,0.5,2
12/12/24 23:00,1.5,6.3,474,95.4,10,0,0.54,300,2.1,2
12/13/24 0:00,1.5,6.3,475,94.8,10,0,0.54,296,2.1,2
12/13/24 1:00,1.5,6.3,476,94.8,10,0,0.54,322,2.1,2
12/13/24 2:00,1.5,6.3,476,94.1,10,0,0.54,232,1.5,2
12/13/24 3:00,1.5,6.3,477,94.1,10,0,0.62,223,1,2
12/13/24 4:00,1.5,6.3,470,99.2,9.6,0,2.44,278,0,2
12/13/24 5:00,1.5,6.3,469,97.6,9.6,0,2.44,292,0,2
12/13/24 6:00,1.5,6.3,468,96.5,9.6,0,2.44,287,0,2
12/13/24 7:00,1.5,6.3,467,95.8,9.6,0,2.44,272,0,2
12/13/24 8:00,1.5,6.3,466,95.2,9.6,0,2.44,288,0,2
12/13/24 9:00,1.5,6.3,461,89.6,9.5,0,1.44,272,1,2
12/13/24 10:00,1.4,5.7,462,91.1,9.4,0,1.44,274,2.1,2
12/13/24 11:00,1.5,5.7,461,91.4,9.4,0,1.44,286,1.5,2
12/13/24 12:00,0.8,6.1,460,91.9,9.4,0,1.44,291,0.5,2
12/13/24 13:00,0.8,6.1,459,91.9,9.4,0,1.44,277,1,2
12/13/24 14:00,0.8,6.1,456,95.9,9.3,0,-0.01,302,1.5,2
12/13/24 15:00,0.9,6,455,95.2,9.4,0,-0.01,293,1.5,2
12/13/24 16:00,0.9,6,454,94.9,9.4,0,-0.01,286,1.5,2
12/13/24 17:00,0.9,6,452,94.9,9.3,0,0,290,1.5,2
12/13/24 18:00,0.9,6,451,94.9,9.3,0,0,304,1.5,2
12/13/24 19:00,0.9,6,451,95.9,9.3,0,0,298,1,2
12/13/24 20:00,0.9,6,451,98.3,9.1,0,1.54,256,1,2
12/13/24 21:00,0.9,6.1,451,99.9,9,0,1.56,244,1,2
12/13/24 22:00,0.9,6.1,450,98.8,9.1,0,1.56,253,1,2
12/13/24 23:00,0.9,6.1,450,98.3,9.1,0,1.56,241,0.5,2
12/14/24 0:00,0.9,6.1,450,97.5,9.1,0,1.56,244,1,2
12/14/24 1:00,0.9,6.1,451,97.7,9.1,0,1.56,250,1.5,2
12/14/24 2:00,0.9,6.1,449,96.7,9,0,-0.87,37,1,2
12/14/24 3:00,0.9,6.1,450,96.2,9,0,-0.87,314,2.1,2
12/14/24 4:00,0.9,6.1,450,96.3,9,0,-0.87,301,1.5,2
12/14/24 5:00,0.9,6.1,451,97.6,9,0,-0.87,296,1.5,2
12/14/24 6:00,0.9,6.2,453,97.6,9,0,-0.45,292,1.5,2
12/14/24 7:00,0.9,6.2,450,96.5,9,5,-0.55,294,0.5,2
12/14/24 8:00,0.9,6.2,450,97.4,9,5,-0.55,292,0.5,2
12/14/24 9:00,0.9,6.2,450,96.5,9,5,-0.55,289,0.5,2
12/14/24 10:00,1.2,5.8,451,96.2,9,5,-0.37,281,0.5,2
12/14/24 11:00,1.2,5.8,452,96,9.1,16,-0.37,282,1,2
12/14/24 12:00,0.9,6,450,95.5,9.1,16,-0.37,286,1,2
12/14/24 13:00,0.9,6,452,91.5,12.7,41,-0.53,318,1,2
12/14/24 14:00,0.9,6.1,450,93.9,12.7,43,-0.53,310,0.5,2
12/14/24 15:00,0.9,6.1,450,94,12.7,44,-0.53,312,0,2
12/14/24 16:00,0.9,6.1,449,93.8,12.8,42,-0.53,311,0,2
12/14/24 17:00,0.9,6.1,449,93.9,12.8,45,-0.53,317,0.5,2
12/14/24 18:00,0.9,6.2,423,93.1,15.9,180,-0.43,360,2.1,2
12/14/24 19:00,0.9,6.2,422,95,15.9,172,-0.43,22,2.1,2
12/14/24 20:00,0.9,6.2,422,96.8,15.9,166,-0.43,360,2.1,2
12/14/24 21:00,0.9,6.2,421,96.9,15.9,165,-0.43,360,0.5,2
12/14/24 22:00,0.9,6.2,420,96.8,15.9,166,-0.43,360,1,2
12/14/24 23:00,0.9,6.2,420,96.3,16,166,-0.43,308,1.5,2
12/15/24 0:00,0.9,6.2,407,98.3,18.9,285,1.28,301,1.5,2
12/15/24 1:00,0.9,6.2,408,96.3,18.9,291,1.28,284,1,2
12/15/24 2:00,0.9,6.2,409,96.4,18.9,291,1.28,313,1.5,2
12/15/24 3:00,0.9,6.2,409,96.7,18.9,295,1.94,298,2.1,2
12/15/24 4:00,0.9,6.2,409,96.4,18.9,300,1.94,298,1,2
12/15/24 5:00,0.9,6.2,409,96.1,19,312,1.94,293,1.5,2
12/15/24 6:00,0.9,6.2,399,96.1,21.5,369,2.3,360,1.5,2
12/15/24 7:00,0.9,6.2,399,96.6,21.5,371,2.3,360,2.1,2
12/15/24 8:00,0.9,6.2,399,96.5,21.6,372,1.9,360,1.5,2
12/15/24 9:00,0.9,6.3,399,96.5,21.6,372,1.9,360,1,2
12/15/24 10:00,1.3,5.8,399,95.6,21.6,376,1.9,124,1.5,2
12/15/24 11:00,1.3,5.8,398,94.7,21.6,375,1.9,360,1,2
12/15/24 12:00,1.3,5.8,410,93.9,20.7,351,3.9,288,1.5,2
12/15/24 13:00,1,6.1,409,95.5,20.7,349,3.9,287,2.6,2
12/15/24 14:00,0.9,6.1,410,96,20.7,350,3.9,319,1,2
12/15/24 15:00,1,6.1,410,96.2,20.7,350,3.9,288,2.1,2
12/15/24 16:00,1,6.1,411,96.2,20.7,351,3.9,289,3.1,2
12/15/24 17:00,1,6.1,410,98.1,20.7,353,3.08,291,1,2
12/15/24 18:00,1,6.1,411,95,20.7,271,4.36,279,3.6,2
12/15/24 19:00,1,6.2,410,95.8,20.6,272,4.36,303,2.1,2
12/15/24 20:00,1,6.2,410,97.5,20.6,272,4.36,308,2.1,2
12/15/24 21:00,1,6.2,412,99.3,20.6,272,4.28,328,2.6,2
12/15/24 22:00,1,6.2,413,99.9,20.6,275,4.28,326,1.5,2
12/15/24 23:00,1,6.3,412,98.7,20.6,274,4.28,339,1.5,2
12/16/24 0:00,1,6.3,410,97.9,19.8,155,3.66,266,2.6,2
12/16/24 1:00,1,6.3,411,98.8,19.8,153,3.96,227,1.5,2
12/16/24 2:00,1,6.3,410,98.7,19.8,154,3.96,270,1,2
12/16/24 3:00,1,6.3,409,98.7,19.8,154,3.96,293,2.1,2
12/16/24 4:00,1,6.2,408,98,19.8,156,3.96,288,2.1,2
12/16/24 5:00,1,6.3,408,98.2,19.8,156,3.96,285,1.5,2
12/16/24 6:00,1,6.3,411,99.9,19.5,22,4.18,302,1,2
12/16/24 7:00,1,6.3,410,99.9,19.5,26,4.18,245,1,2
12/16/24 8:00,1,6.3,410,99.9,19.4,27,4.18,240,1,2
12/16/24 9:00,1,6.3,410,99.9,19.4,27,4.6,253,1.5,2
12/16/24 10:00,1.5,5.7,410,99.8,19.4,26,4.6,263,1.5,2
12/16/24 11:00,1.5,5.7,418,99.8,16.8,0,3.5,270,0.5,2
12/16/24 12:00,0.4,6.4,418,99.9,16.8,0,3.5,263,1,2
12/16/24 13:00,0.4,6.3,418,99.4,16.8,0,3.04,268,1,2
12/16/24 14:00,0.4,6.3,419,99.2,16.8,0,3.04,266,1,2
12/16/24 15:00,0.4,6.3,419,98.5,16.7,0,3.04,265,0.5,2
12/16/24 16:00,0.4,6.3,420,99,16.7,0,3.04,266,1,2
12/16/24 17:00,0.4,6.3,426,99.9,12.5,0,1.78,308,0,2
12/16/24 18:00,0.4,6.3,426,99.8,12.4,0,1.78,309,0,2
12/16/24 19:00,0.4,6.3,425,96.9,12.4,0,1.78,309,0,2
12/16/24 20:00,0.4,6.3,424,96.7,12.4,0,1.78,308,0,2
12/16/24 21:00,0.4,6.3,423,95.4,12.5,0,1.78,310,0,2
12/16/24 22:00,0.4,6.3,423,93.9,12.5,0,1.94,311,0,2
12/16/24 23:00,0.4,6.3,431,96.5,10.7,0,1.76,209,1,2
12/17/24 0:00,0.4,6.3,431,96.5,10.7,0,1.76,209,0,2
12/17/24 1:00,0.4,6.3,432,95.9,10.7,0,1.76,205,0.5,2
12/17/24 2:00,0.4,6.3,432,95.7,10.7,0,1.26,201,0.5,2
12/17/24 3:00,0.4,6.3,432,95.4,10.7,0,1.26,200,0.5,2
12/17/24 4:00,0.4,6.3,432,95.9,10.7,0,1.26,212,0.5,2
12/17/24 5:00,0.4,6.3,441,95.1,10.5,0,1.62,78,0,2
12/17/24 6:00,0.4,6.3,441,94.4,10.4,0,1.06,80,0,2
12/17/24 7:00,0.4,6.3,440,94.8,10.4,0,1.06,89,0,2
12/17/24 8:00,0.4,6.4,440,94.7,10.5,0,1.06,82,0,2
12/17/24 9:00,0.4,6.4,441,93.3,10.4,0,1.06,92,0,2
12/17/24 10:00,1,5.8,442,94,10.4,0,1.06,78,0,2
12/17/24 11:00,1,5.7,453,94.1,10.1,0,0.8,83,0,2
12/17/24 12:00,0.9,5.9,452,93.8,10.1,0,0.8,80,0,2
12/17/24 13:00,1.7,3.8,452,94,10.2,0,0.8,86,0,2
12/17/24 14:00,1.6,4.4,452,92.4,10.3,0,0.8,85,0,2
12/17/24 15:00,1.1,5.9,451,92,10.3,0,0.8,80,0,2
12/17/24 16:00,1.1,5.9,450,93.3,10.4,0,0.48,82,0,2
12/17/24 17:00,1.1,5.9,456,99.9,10.1,0,0,85,0,2
12/17/24 18:00,1.1,6,455,99.7,10.2,0,0,88,0,2
12/17/24 19:00,1,6,456,99.9,10.2,0,0,89,0,2
12/17/24 20:00,1,6.1,455,99.8,10.1,0,-0.09,87,0,2
12/17/24 21:00,1.1,6.1,455,99.9,10.2,0,-0.09,80,0,2
12/17/24 22:00,1.1,6.1,455,99.6,10.1,0,-0.09,87,0,2
12/17/24 23:00,1.1,6.1,466,95.4,10.4,0,0.72,116,0.5,2
12/18/24 0:00,1.1,6.1,466,96.1,10.4,0,0.66,122,1,2
12/18/24 1:00,1.1,6.1,465,96.8,10.4,0,0.66,120,1,2
12/18/24 2:00,1,6.4,465,97.8,10.4,0,0.66,119,1,2
12/18/24 3:00,1,6.3,464,98.9,10.4,0,0.66,120,0.5,2
12/18/24 4:00,1,6.4,468,97.9,10.7,0,1.5,120,1,2
12/18/24 5:00,1,6.4,468,98.5,10.6,0,1.5,118,0.5,2
12/18/24 6:00,1,6.4,469,98.2,10.6,0,1.5,118,0,2
12/18/24 7:00,1,6.4,469,97.5,10.7,0,1.5,122,0,2
12/18/24 8:00,1,6.4,470,97.5,10.7,0,1.5,117,0,2
12/18/24 9:00,1,6.4,470,96.5,10.7,0,1.58,114,0,2
12/18/24 10:00,0.6,6.4,469,92.4,10.5,0,2.14,129,0,2
12/18/24 11:00,0.6,6.3,469,92.9,10.5,0,2.14,140,0,2
12/18/24 12:00,0.5,6.3,468,93.4,10.5,0,2.06,139,0,2
12/18/24 13:00,0.9,6,468,93.9,10.5,0,2.06,142,0,2
12/18/24 14:00,1.1,5.9,468,94.2,10.5,0,2.06,141,0,2
12/18/24 15:00,1.1,5.9,469,94.5,10.5,0,2.06,136,0,2
12/18/24 16:00,1.1,5.9,470,96.9,10.9,0,0.7,108,0.5,2
12/18/24 17:00,1.1,6,470,97,10.9,0,0.7,107,0.5,2
12/18/24 18:00,1.1,6,470,96.9,10.9,0,0.7,105,0.5,2
12/18/24 19:00,1.1,6.1,470,96.4,10.9,0,0.7,104,0.5,2
12/18/24 20:00,1.1,6.1,471,96.7,10.8,0,0.7,112,0.5,2
12/18/24 21:00,1.1,6.1,470,97,10.8,0,0.26,106,0.5,2
12/18/24 22:00,1.1,6.2,467,95.8,10.6,0,1.82,102,1,2
12/18/24 23:00,1.1,6.2,466,96.6,10.6,0,1.82,107,0.5,2
12/19/24 0:00,1.1,6.2,466,95.1,10.6,0,1.82,105,1,2
12/19/24 1:00,1.1,6.2,466,94.5,10.6,0,0.94,111,0.5,2
12/19/24 2:00,1.1,6.2,467,94.9,10.6,0,0.94,104,1,2
12/19/24 3:00,1.1,6.2,468,95.7,10.4,0,2.06,106,0,2
12/19/24 4:00,1.1,6.2,467,94.9,10.4,0,2.06,113,0,2
12/19/24 5:00,1.1,6.2,468,94.5,10.4,0,2.06,104,0,2
12/19/24 6:00,1.1,6.2,469,94.6,10.4,0,2.06,108,0,2
12/19/24 7:00,1.1,6.3,469,94.7,10.5,0,2.06,110,0,2
12/19/24 8:00,1.1,6.3,469,97.9,10.5,0,2.06,108,0,2
12/19/24 9:00,1.1,6.3,467,95.7,10.5,0,0.92,53,0,2
12/19/24 10:00,1.5,6.1,468,95.2,10.5,0,0.92,54,0,2
12/19/24 11:00,1.5,6.1,468,96,10.5,0,0.92,58,0,2
12/19/24 12:00,1.2,4.3,468,95.9,10.5,0,0.78,59,0,2
12/19/24 13:00,1,5.9,467,96.4,10.5,0,0.78,55,0,2
12/19/24 14:00,1,6,467,94.4,10.3,0,0.84,55,0,2
12/19/24 15:00,0.9,5.9,467,90.8,10.4,0,0.84,56,0,2
12/19/24 16:00,0.9,5.9,468,87.6,10.6,0,0.82,53,0,2
12/19/24 17:00,0.9,5.9,468,88,10.6,0,0.82,57,0,2
12/19/24 18:00,0.9,5.9,468,88.3,10.6,0,0.82,59,0,2
12/19/24 19:00,0.9,6,468,89.5,10.6,0,0.82,54,0,2
12/19/24 20:00,0.9,6,471,94,11.6,0,-0.83,53,0.5,2
12/19/24 21:00,0.9,6,471,92.7,11.8,0,-0.83,54,0,2
12/19/24 22:00,0.9,6,470,92.1,11.8,0,-0.83,56,0.5,2
12/19/24 23:00,0.9,6,470,93.7,11.9,0,-0.83,57,1.5,2
12/20/24 0:00,0.9,6,471,94.9,11.9,0,-1.01,58,0.5,2
12/20/24 1:00,0.9,6,471,95.5,11.9,0,-1.01,51,0.5,2
12/20/24 2:00,0.9,6.1,471,94.2,12.3,4,-0.81,58,0.5,2
12/20/24 3:00,0.9,6.1,472,91.5,12.6,3,-0.81,51,0.5,2
12/20/24 4:00,0.9,6.1,472,89.8,12.7,3,-0.79,57,0.5,2
12/20/24 5:00,0.9,6.1,474,89.5,12.8,3,-0.79,60,0.5,2
12/20/24 6:00,0.9,6.1,474,89.9,12.9,5,-0.79,50,0,2
12/20/24 7:00,0.9,6.1,442,92.8,16.7,63,2.7,60,0,2
12/20/24 8:00,0.9,6.1,442,92.7,16.7,63,2.7,55,0,2
12/20/24 9:00,0.9,6.1,443,93.9,16.7,62,2.7,55,0,2
12/20/24 10:00,1.3,6,442,95.4,16.8,61,2.7,59,0,2
12/20/24 11:00,0.4,6.4,442,95.7,16.8,63,2.7,63,0,2
12/20/24 12:00,0.4,6.3,429,93.6,20.8,202,3.88,119,0,2
12/20/24 13:00,0.4,6.3,428,93.2,20.8,202,3.88,118,0,2
12/20/24 14:00,0.4,6.3,429,93.9,20.9,201,3.88,111,0,2
12/20/24 15:00,0.4,6.4,428,95.1,20.8,203,3.88,116,0,2
12/20/24 16:00,0.4,6.4,429,95.5,20.8,204,4.68,115,0,2
12/20/24 17:00,0.4,6.4,430,96.2,20.7,206,4.68,114,0,2
12/20/24 18:00,0.4,6.4,413,96.3,21.1,316,5.82,49,0.5,2
12/20/24 19:00,0.4,6.4,414,95.5,21.1,317,5.82,43,1,2
12/20/24 20:00,0.4,6.4,414,95.6,21.2,317,6.08,45,1,2
12/20/24 21:00,0.4,6.4,414,96.2,21.1,318,6.08,46,1,2
12/20/24 22:00,0.4,6.4,414,96,21.1,318,6.08,47,0.5,2
12/20/24 23:00,0.4,6.4,415,96.5,21.1,319,6.08,43,0.5,2
12/21/24 0:00,0.4,6.4,439,96.8,21.4,347,5.92,289,0.5,2
12/21/24 1:00,0.4,6.4,438,95.7,21.4,349,5.92,286,0.5,2
12/21/24 2:00,0.4,6.4,437,95.9,21.4,351,5.92,289,0,2
12/21/24 3:00,0.4,6.4,436,95.7,21.5,351,5.92,264,2.1,2
12/21/24 4:00,0.4,6.4,437,95.6,21.5,349,5.92,266,2.1,2
12/21/24 5:00,0.4,6.4,438,95.1,21.6,350,5.5,315,1.5,2
12/21/24 6:00,0.4,6.4,415,99.9,22.4,325,5.46,266,1,2
12/21/24 7:00,0.4,6.4,414,99.9,22.4,330,5.46,267,1.5,2
12/21/24 8:00,0.4,6.4,415,99.7,22.5,335,5.46,245,1.5,2
12/21/24 9:00,0.4,6.4,414,99.6,22.4,335,5.82,327,1,2
12/21/24 10:00,0.4,6.4,413,99.4,22.4,337,5.82,331,0.5,2
12/21/24 11:00,0.4,6.4,407,96.9,19.3,262,5.8,305,1.5,2
12/21/24 12:00,0.4,6.4,408,96.9,19.4,262,5.8,310,0.5,2
12/21/24 13:00,0.4,6.4,409,97.4,19.4,262,5.8,307,0.5,2
12/21/24 14:00,0.4,6.4,409,97.9,19.4,259,5.8,313,1,2
12/21/24 15:00,0.4,6.4,408,98.3,19.4,259,5.8,314,1,2
12/21/24 16:00,0.4,6.4,409,96.4,21.1,149,6.14,273,1.5,2
12/21/24 17:00,0.4,6.4,409,96.1,21.1,147,6.14,271,0.5,2
12/21/24 18:00,0.4,6.4,410,95.4,21.2,147,6.14,275,1,2
12/21/24 19:00,0.4,6.4,410,95.4,21.1,146,6.14,269,1,2
12/21/24 20:00,0.4,6.4,410,97.9,21.2,146,6.08,270,1,2
12/21/24 21:00,0.4,6.4,410,98.2,21.1,145,6.08,270,0.5,2
12/21/24 22:00,0.4,6.5,435,95.2,20,27,6.52,342,1.5,2
12/21/24 23:00,0.4,6.5,437,95.4,20,26,6.52,325,2.1,2
12/22/24 0:00,0.4,6.5,438,95.6,19.9,25,6.52,318,2.6,2
12/22/24 1:00,0.4,6.5,438,98,19.9,23,6.48,289,2.1,2
12/22/24 2:00,0.4,6.5,438,96.8,20,22,6.48,267,2.1,2
12/22/24 3:00,0.4,6.5,436,96.4,20,23,6.48,234,1,2
12/22/24 4:00,0.4,6.5,429,99.9,17.8,0,5.24,287,1,2
12/22/24 5:00,0.4,6.5,428,99.3,17.8,0,5.24,290,1.5,2
12/22/24 6:00,0.4,6.5,428,99.9,17.8,0,5.24,289,1,2
12/22/24 7:00,0.4,6.5,429,99.9,17.7,0,5.24,293,1.5,2
12/22/24 8:00,0.4,6.5,427,99.8,17.7,0,5.24,294,1,2
12/22/24 9:00,0.4,6.5,439,99.9,13.5,0,4.48,277,0,2
12/22/24 10:00,0.4,6.5,439,97.6,13.5,0,4.48,275,0,2
12/22/24 11:00,0.4,6.5,439,99.2,13.5,0,4.48,273,0,2
12/22/24 12:00,0.4,6.5,440,98.5,13.5,0,4.48,275,0,2
12/22/24 13:00,0.4,6.4,441,98.2,13.5,0,4.58,279,0,2
12/22/24 14:00,0.4,6.4,439,98.4,13.5,0,4.58,274,0,2
12/22/24 15:00,0.4,6.3,457,96.9,12.2,0,1.94,69,0,2
12/22/24 16:00,0.4,6.4,458,96.8,12.2,0,1.88,71,0,2
12/22/24 17:00,0.4,6.4,459,96.6,12.2,0,1.88,69,0,2
12/22/24 18:00,0.4,6.4,459,97.7,12.2,0,1.88,69,0,2
12/22/24 19:00,0.4,6.4,459,99.6,12.3,0,1.88,71,0,2
12/22/24 20:00,0.4,6.4,468,95.8,11.8,0,2.62,68,0,2
12/22/24 21:00,0.4,6.4,469,96.2,11.8,0,2.62,68,0,2
12/22/24 22:00,0.4,6.4,467,96.4,11.8,0,2.62,67,0,2
12/22/24 23:00,0.4,6.5,466,95.9,11.8,0,2.62,68,0,2
12/23/24 0:00,0.4,6.5,466,95.8,11.8,0,2.62,69,0,2
12/23/24 1:00,0.4,6.5,465,97.3,11.8,0,2.74,70,0,2
12/23/24 2:00,0.4,6.5,477,98.8,11,0,2.12,63,0,2
12/23/24 3:00,0.4,6.5,476,98.8,11,0,2.12,65,0,2
12/23/24 4:00,0.4,6.5,477,99,11,0,2.04,69,0,2
12/23/24 5:00,0.4,6.5,477,99.1,10.9,0,2.04,69,0,2
12/23/24 6:00,0.4,6.5,478,99.7,10.9,0,2.04,68,0,2
12/23/24 7:00,0.4,6.5,478,99.9,10.9,0,2.04,67,0,2
12/23/24 8:00,0.4,6.5,488,97.3,10.9,0,2.24,66,0,2
12/23/24 9:00,0.4,6.5,487,97.5,10.9,0,2.24,68,0,2
12/23/24 10:00,1,6.4,486,96.9,10.9,0,2.24,68,0,2
12/23/24 11:00,1,6.4,485,97.1,10.9,0,2.24,67,0,2
12/23/24 12:00,1.1,6.4,484,96.6,10.9,0,2.24,68,0,2
12/23/24 13:00,1.1,6.3,484,97,10.9,0,2.62,70,0,2
12/23/24 14:00,1.2,6.3,495,96.5,10.6,0,1.42,70,0,2
12/23/24 15:00,1,6,494,98.9,10.6,0,1.42,69,0,2
12/23/24 16:00,1,6,492,97.3,10.6,0,1.24,69,0,2
12/23/24 17:00,1,6,492,97.6,10.6,0,1.24,69,0,2
12/23/24 18:00,1,6.1,491,98.6,10.6,0,1.24,67,0,2
12/23/24 19:00,1,6.1,490,98.5,10.5,0,1.24,68,0,2
12/23/24 20:00,1,6.1,497,99.5,10.1,0,-0.63,69,0,2
12/23/24 21:00,1,6.2,498,99.5,10.1,0,-0.63,70,0,2
12/23/24 22:00,1,6.2,500,99.1,10.1,0,-0.63,68,0,2
12/23/24 23:00,1,6.2,499,99,10.1,0,-0.63,66,0,2
12/24/24 0:00,1,6.2,498,98.5,10.1,0,-0.63,65,0,2
12/24/24 1:00,1,6.2,499,96.5,10.1,0,-0.07,66,0,2
12/24/24 2:00,1,6.2,500,97,10.2,0,-0.07,68,0,2
12/24/24 3:00,1,6.2,501,94.7,10.2,0,-0.07,68,0,2
12/24/24 4:00,1,6.2,501,93.6,10.3,0,-0.07,68,0,2
12/24/24 5:00,1,6.2,502,93.4,10.4,0,0,67,0,2
12/24/24 6:00,1,6.3,495,97.9,10.4,0,0.32,67,0,2
12/24/24 7:00,1,6.3,496,99.9,10.4,0,0.32,66,0,2
12/24/24 8:00,1,6.3,497,99.1,10.4,0,0.56,66,0,2
12/24/24 9:00,1,6.3,498,99.1,10.4,0,0.56,67,0,2
12/24/24 10:00,1.5,6,498,99.7,10.4,0,0.56,65,0,2
12/24/24 11:00,1.5,6,498,99.7,10.4,0,0.56,66,0,2
12/24/24 12:00,1.4,5.6,497,97.2,10.1,0,0.88,69,0,2
12/24/24 13:00,1.6,4.8,497,99.2,10.1,0,0.88,67,0,2
12/24/24 14:00,1.5,5.2,497,99.8,10.1,0,0.88,69,0,2
12/24/24 15:00,1.2,6,498,99.9,10.1,0,0.88,65,0,2
12/24/24 16:00,1.2,6,499,99,10.1,0,0.88,66,0,2
12/24/24 17:00,1.2,6,499,98.5,10.1,0,0.88,68,0,2
12/24/24 18:00,1.1,6.1,498,96.8,10.1,0,0.86,68,0,2
12/24/24 19:00,1.1,6.1,499,97.1,10.1,0,0.86,68,0,2
12/24/24 20:00,1.1,6.2,499,97.3,10.1,0,0.86,68,0,2
12/24/24 21:00,1.1,6.2,499,97.5,10.1,0,0.86,66,0,2
12/24/24 22:00,1.1,6.3,498,98.1,10,0,0.54,66,0,2
12/24/24 23:00,1.1,6.3,505,92.3,10.7,0,0.04,70,0,2
12/25/24 0:00,1.1,6.3,505,92.6,10.7,0,0.04,67,0,2
12/25/24 1:00,1.1,6.3,505,92.7,10.7,0,0.04,67,0,2
12/25/24 2:00,1.1,6.3,505,93.2,10.8,0,0.06,66,0,2
12/25/24 3:00,1.2,6.3,504,92.6,10.8,0,0.06,67,0,2
12/25/24 4:00,1.1,6.3,503,93.1,10.8,0,0.06,67,0,2
12/25/24 5:00,1.1,6.3,504,97.3,10,0,-0.39,67,0,2
12/25/24 6:00,1.1,6.3,504,94.9,10,0,-0.39,68,0,2
12/25/24 7:00,1.1,6.3,504,94.4,10,0,-0.39,69,0,2
12/25/24 8:00,1.1,6.3,505,93.6,10,0,-0.39,68,0,2
12/25/24 9:00,1.1,6.3,506,92.5,10,0,-0.39,68,0,2
12/25/24 10:00,1.4,6.1,507,92,10.1,0,-0.31,66,0,2
12/25/24 11:00,1.4,6.1,513,95.8,11.6,0,-0.91,68,0,2
12/25/24 12:00,1.3,5,511,94.5,11.5,0,-0.91,68,0,2
12/25/24 13:00,1.3,5.1,510,96.8,11.4,0,-0.91,66,0,2
12/25/24 14:00,1.1,6.1,510,96.6,11.5,0,-0.91,67,0,2
12/25/24 15:00,1,6,508,97.8,11.5,0,-0.91,70,0,2
12/25/24 16:00,1,6.1,508,98.1,11.5,0,-0.91,66,0,2
12/25/24 17:00,1,6,515,91.6,12.6,8,-0.03,66,0,2
12/25/24 18:00,1,6.1,515,92.2,12.6,8,-0.03,67,0,2
12/25/24 19:00,1,6.1,515,92.5,12.5,7,-0.17,65,0,2
12/25/24 20:00,1,6.1,514,93.7,12.5,8,-0.17,67,0,2
12/25/24 21:00,1,6.1,513,95.4,12.5,7,-0.17,67,0,2
12/25/24 22:00,1,6.1,512,96.1,12.5,7,-0.17,68,0,2
12/25/24 23:00,1,6.1,502,98.9,13.3,54,1.54,67,0,2
12/26/24 0:00,1,6.1,503,98.2,13.3,57,1.54,67,0,2
12/26/24 1:00,1,6.2,502,96.9,13.4,59,1.54,68,0,2
12/26/24 2:00,1,6.2,502,95.9,13.5,63,1.54,68,0,2
12/26/24 3:00,1,6.2,501,96.3,13.6,64,1.54,69,0,2
12/26/24 4:00,1,6.2,501,95.5,13.7,65,1.42,68,0,2
12/26/24 5:00,1,6.2,471,99.9,19.4,130,4,196,0,2
12/26/24 6:00,1,6.2,470,99.9,19.4,130,4,198,0,2
12/26/24 7:00,1,6.2,470,99.9,19.4,134,4,195,0,2
12/26/24 8:00,1,6.2,469,99.5,19.4,136,3.94,196,0,2
12/26/24 9:00,1,6.2,468,99.9,19.4,136,3.94,199,0,2
12/26/24 10:00,1.5,5.9,433,98.8,19,200,6.14,27,0,2
12/26/24 11:00,1.5,6,433,98.4,18.9,199,6.14,28,0,2
12/26/24 12:00,1.3,5.1,433,98.4,19,196,6,27,0,2
12/26/24 13:00,1,6.1,433,98.3,19,197,6,26,0,2
12/26/24 14:00,1,6,434,99.1,18.9,201,6,27,0,2
12/26/24 15:00,1,4.2,435,99.3,18.9,228,6,25,0,2
12/26/24 16:00,1,4.8,437,97.4,22.5,341,6.24,74,1,2
12/26/24 17:00,1,4.9,437,97.8,22.5,343,6.24,71,0.5,2
12/26/24 18:00,1,4.9,436,98.3,22.5,341,6.24,72,0.5,2
12/26/24 19:00,1,5,435,98.3,22.4,341,6.24,73,0.5,2
12/26/24 20:00,1,5,436,97.3,22.4,341,6.24,71,0,2
12/26/24 21:00,1,5,436,97.3,22.4,342,6.24,73,0,2
12/26/24 22:00,1,5,427,99.9,17.9,140,6.48,345,2.1,2
12/26/24 23:00,1,4.9,428,99,17.9,133,6.48,360,2.6,2
12/27/24 0:00,0.9,5,429,99.3,17.9,133,6.48,360,1,2
12/27/24 1:00,0.9,5,429,99.7,17.8,131,6.4,31,0.5,2
12/27/24 2:00,0.9,5,430,98.4,17.8,127,6.4,31,0.5,2
12/27/24 3:00,0.9,5.1,424,97.3,18,56,6.48,256,1,2
12/27/24 4:00,0.9,5.1,423,97.7,18,58,6.48,249,1,2
12/27/24 5:00,0.9,5.2,422,97.6,18,59,6.44,183,2.1,2
12/27/24 6:00,0.9,5.2,422,98,18,62,6.44,177,1.5,2
12/27/24 7:00,0.9,5.2,421,98.5,18,62,6.44,207,1,2
12/27/24 8:00,0.9,5.3,421,99.2,18,60,6.44,280,1.5,2
12/27/24 9:00,0.9,5.3,411,99.7,18.8,214,7.8,345,1,2
12/27/24 10:00,1.1,5.8,411,99.3,18.8,198,7.78,345,0.5,2
12/27/24 11:00,1.1,5.8,411,98.6,18.8,184,7.78,345,1,2
12/27/24 12:00,1,5.4,411,98.2,18.8,184,7.78,345,1,2
12/27/24 13:00,1,5.4,410,98.8,18.8,173,7.78,346,1,2
12/27/24 14:00,1,6.1,410,98.2,18.7,162,7.78,345,0.5,2
12/27/24 15:00,1,6.1,407,97.1,18.7,41,7.12,198,2.6,2
12/27/24 16:00,0.9,6.1,407,97.9,18.7,41,7.12,194,1.5,2
12/27/24 17:00,0.9,6.1,406,99.2,18.7,41,7.12,197,1.5,2
12/27/24 18:00,0.9,6.1,407,99.9,18.7,41,7.12,197,2.1,2
12/27/24 19:00,0.9,6.1,408,99.9,18.7,44,7.12,188,3.1,2
12/27/24 20:00,0.9,6.2,409,99.8,18.7,44,7.1,181,3.6,2
12/27/24 21:00,0.9,6.2,412,99.9,16.2,0,6.94,225,0.5,2
12/27/24 22:00,0.9,6.2,412,98.6,16.3,0,6.94,199,1,2
12/27/24 23:00,0.9,6.2,413,99.2,16.2,0,6.94,289,1,2
12/28/24 0:00,0.9,6.2,412,99.8,16.2,0,7,288,1,2
12/28/24 1:00,0.9,6.2,411,99.9,16.2,0,7,360,1,2
12/28/24 2:00,0.9,6.2,412,99.9,16.2,0,7,360,1,2
12/28/24 3:00,0.9,6.2,425,99.1,13.6,0,4,330,1,2
12/28/24 4:00,0.9,6.2,425,98.6,13.7,0,4,281,1.5,2
12/28/24 5:00,0.9,6.2,425,98.1,13.7,0,4.36,298,1.5,2
12/28/24 6:00,0.9,6.2,425,98.7,13.7,0,4.36,302,1.5,2
12/28/24 7:00,0.9,6.2,426,98,13.7,0,4.36,298,0.5,2
12/28/24 8:00,0.9,6.2,426,99.9,13.7,0,4.36,300,1,2
12/28/24 9:00,0.9,6.3,433,98,13.3,0,6.02,201,0,2
12/28/24 10:00,1.3,6.1,433,97.9,13.3,0,6.02,194,0.5,2
12/28/24 11:00,1.3,6.1,432,98.1,13.3,0,6.02,177,1.5,2
12/28/24 12:00,1.2,4.5,433,98.3,13.3,0,6.02,193,1,2
12/28/24 13:00,0.9,6.2,432,99,13.3,0,6.02,190,0.5,2
12/28/24 14:00,0.9,6.1,432,99,13.2,0,6.24,192,1,2
12/28/24 15:00,1.1,3.7,442,98.5,13,0,4.6,298,1.5,2
12/28/24 16:00,1.1,3.8,441,97.9,13,0,4.6,316,2.6,2
12/28/24 17:00,1.1,3.9,442,97.9,13,0,4.38,266,3.1,2
12/28/24 18:00,1.1,4.2,442,98.1,13,0,4.38,255,2.1,2
12/28/24 19:00,1.1,4.3,443,97.3,13.1,0,4.38,76,3.1,2
12/28/24 20:00,1.1,4.4,445,97.3,13,0,4.38,341,2.1,2
12/28/24 21:00,1.1,4.4,448,97.3,12.6,0,5.5,203,1,2
12/28/24 22:00,1.1,4.5,448,96.5,12.6,0,5.5,213,1,2
12/28/24 23:00,1.1,4.5,449,97.5,12.6,0,5.5,214,1,2
12/29/24 0:00,1.1,4.6,449,97.8,12.6,0,5.5,219,1,2
12/29/24 1:00,1.1,4.6,449,98.1,12.5,0,5.5,220,0.5,2
12/29/24 2:00,1.1,4.7,449,98.1,12.5,0,5.48,219,0.5,2
12/29/24 3:00,1.1,4.7,453,97.2,12.3,0,3.92,325,1,2
12/29/24 4:00,1.1,4.8,453,98.3,12.3,0,3.92,325,1,2
12/29/24 5:00,1.1,4.9,453,98.6,12.3,0,3.92,322,1,2
12/29/24 6:00,1.1,4.9,454,97.8,12.3,0,2.78,319,1,2
12/29/24 7:00,1.1,5,454,97.6,12.3,0,2.78,313,0.5,2
12/29/24 8:00,1.1,5.1,454,98.3,12.3,0,2.78,321,1,2
12/29/24 9:00,1.1,5.1,455,96,11.9,0,3.98,360,0,2
12/29/24 10:00,1.1,5.6,456,95.7,12,0,3.92,350,0,2
12/29/24 11:00,1.1,5.6,457,96.1,12,0,3.92,358,0,2
12/29/24 12:00,1,6,457,96.8,11.9,0,3.92,351,0,2
12/29/24 13:00,1.2,3.8,457,96.4,11.9,0,3.92,355,0,2
12/29/24 14:00,1.2,4.1,456,95.4,11.9,0,3.92,356,0,2
12/29/24 15:00,0.9,6.1,459,98.1,12,0,3.34,39,0,2
12/29/24 16:00,0.9,6.1,459,98.4,12,0,3.34,33,0,2
12/29/24 17:00,0.9,6.1,459,97.7,12,0,3.34,29,0,2
12/29/24 18:00,0.9,6.1,459,98.1,12,0,3.34,29,0,2
12/29/24 19:00,0.9,6.1,457,97.8,12,0,3.62,39,0,2
12/29/24 20:00,0.9,6.1,457,97.8,12,0,3.62,41,0,2
12/29/24 21:00,0.9,6.1,460,94.6,11.6,0,4.4,298,0.5,2
12/29/24 22:00,0.9,6.1,460,96.8,11.6,0,4.6,310,1,2
12/29/24 23:00,0.9,6.1,460,98.2,11.6,0,4.6,316,1,2
12/30/24 0:00,0.9,6.1,460,98.8,11.6,0,4.6,294,1.5,2
12/30/24 1:00,0.9,6.1,459,99.3,11.6,0,4.6,309,0.5,2
12/30/24 2:00,0.9,6.1,460,99.9,11.6,0,4.6,306,0.5,2
12/30/24 3:00,0.9,6.1,463,97.9,11.4,0,4.12,330,0.5,2
12/30/24 4:00,0.9,6.1,463,99.1,11.4,0,4.12,329,1,2
12/30/24 5:00,0.9,6.1,462,98.2,11.4,0,4.12,327,1,2
12/30/24 6:00,0.9,6.1,463,98.6,11.4,0,4.12,332,0.5,2
12/30/24 7:00,0.9,6.1,463,98.1,11.4,0,4.44,331,0.5,2
12/30/24 8:00,0.9,6.1,463,98.1,11.4,0,4.44,331,0.5,2
12/30/24 9:00,0.9,6.1,463,94.3,10.5,0,1.9,20,0,2
12/30/24 10:00,1.1,6,463,94.5,10.5,0,1.9,27,0,2
12/30/24 11:00,1.1,6,462,94.4,10.5,0,2.8,21,0,2
12/30/24 12:00,1.1,6,462,94,10.5,0,2.8,19,0,2
12/30/24 13:00,0.9,4.6,462,94.5,10.5,0,2.8,22,0,2
12/30/24 14:00,0.9,4.8,461,94.6,10.5,0,2.8,21,1,2
12/30/24 15:00,0.9,4.7,461,96.5,10,0,1.02,287,0,2
12/30/24 16:00,0.9,4.7,461,96.3,10,0,1.02,285,0,2
12/30/24 17:00,1,6.1,462,95.6,10,0,1.02,294,0,2
12/30/24 18:00,0.9,5.9,461,98.1,10,0,1.02,291,0,2
12/30/24 19:00,0.9,5.9,462,98.4,10,0,1.02,293,0,2
12/30/24 20:00,0.9,5.8,462,97.9,9.9,0,1.08,289,0,2
12/30/24 21:00,0.9,5.9,464,96,10,0,-0.05,32,0,2
12/30/24 22:00,0.9,5.9,464,96.4,10,0,-0.05,37,0,2
12/30/24 23:00,0.9,5.9,465,96.2,10,0,-0.01,33,0,2
12/31/24 0:00,0.6,6.1,465,93,10.1,0,-0.01,29,0,2
12/31/24 1:00,0.6,6,465,92,10.1,0,-0.01,39,0,2
12/31/24 2:00,0.6,6,466,96.6,10.4,0,-0.03,38,0,2
12/31/24 3:00,0.6,6,466,97.6,10.3,0,-0.03,36,0,2
12/31/24 4:00,0.6,6,465,99.2,10.3,0,-0.03,34,0,2
12/31/24 5:00,0.6,6,464,99.9,10.3,0,-0.03,34,0,2
12/31/24 6:00,0.6,6,464,99.9,10.3,0,-0.03,42,0,2
12/31/24 7:00,0.6,6,464,99.9,10.3,0,-0.03,35,0,2
12/31/24 8:00,0.6,6,466,94.1,11.5,0,-1.19,39,0,2
12/31/24 9:00,0.6,6,465,93.1,11.6,0,-1.19,35,0,2
12/31/24 10:00,0.7,6.1,463,93.7,11.6,0,-1.19,31,0,2
12/31/24 11:00,0.6,6.2,463,93.1,11.7,0,-1.39,28,0,2
12/31/24 12:00,0.6,6.1,465,93.3,11.8,0,-1.39,35,0,2
12/31/24 13:00,0.6,6,466,93.1,11.8,0,-1.39,30,0,2
12/31/24 14:00,0.8,5.7,466,94.5,12.3,23,-0.69,39,0,2
12/31/24 15:00,0.8,5.7,467,95.3,12.3,24,-0.59,34,0,2
12/31/24 16:00,0.8,5.7,467,95.2,12.4,24,-0.59,35,0,2
12/31/24 17:00,0.8,5.7,467,94.3,12.5,16,-0.59,28,0,2
12/31/24 18:00,0.7,5.7,467,93.6,12.5,15,-0.59,35,0,2
12/31/24 19:00,0.8,5.8,468,92.8,12.7,15,-0.59,32,0,2
12/31/24 20:00,0.8,5.8,443,95.5,15.8,41,2.7,34,0,2
12/31/24 21:00,0.8,5.8,443,94.9,15.9,45,2.7,25,0,2
12/31/24 22:00,0.8,5.9,443,94.6,15.9,45,2.7,33,0,2
12/31/24 23:00,0.7,5.9,443,95.1,15.9,44,2.7,27,0,2
1/1/25 0:00,0.7,5.9,465,98.6,8.7,0,-2.93,64,0,2
1/1/25 1:00,0.8,5.9,464,98.3,8.7,0,-2.93,65,0,2
1/1/25 2:00,0.8,5.9,466,97.7,8.7,0,-2.97,70,0,2
1/1/25 3:00,0.7,5.9,466,97.4,8.7,0,-2.97,64,0,2
1/1/25 4:00,0.7,5.9,467,99.7,8.7,0,-2.97,68,0,2
1/1/25 5:00,0.7,5.9,467,99.6,8.7,0,-2.97,63,0,2
1/1/25 6:00,0.7,5.9,467,96.6,8.3,0,-3.41,67,0,2
1/1/25 7:00,0.7,6,468,97.3,8.3,0,-3.41,66,0,2
1/1/25 8:00,0.7,6,470,96.7,8.3,0,-3.41,66,0,2
1/1/25 9:00,0.7,6,470,95.3,8.3,0,-3.41,68,0,2
1/1/25 10:00,0.8,5.9,471,95.2,8.4,0,-3.41,64,0,2
1/1/25 11:00,0.8,5.9,471,95.3,8.3,0,-3.41,62,0,2
1/1/25 12:00,1,5.7,472,97.1,8.1,0,-2.63,65,0,2
1/1/25 13:00,1,5.8,473,96.6,8.1,0,-2.63,62,0,2
1/1/25 14:00,1.1,5.6,471,97.2,8.1,0,-2.63,69,0,2
1/1/25 15:00,1.1,5.7,470,97.2,8.1,0,-2.75,65,0,2
1/1/25 16:00,1,5.7,471,96.8,8.1,0,-2.75,64,0,2
1/1/25 17:00,1,5.7,476,99.1,8.4,0,-3.13,64,0,2
1/1/25 18:00,1.1,5.8,476,98.7,8.4,0,-3.13,62,0,2
1/1/25 19:00,1.1,5.9,476,98.7,8.4,0,-2.87,65,0,2
1/1/25 20:00,1,5.9,476,99.4,8.4,0,-2.87,67,0,2
1/1/25 21:00,1.1,5.9,475,99.3,8.4,0,-2.87,62,0,2
1/1/25 22:00,1.1,5.9,474,99.1,8.4,0,-2.87,64,0,2
1/1/25 23:00,1.1,5.9,480,99.4,8.4,0,-3.33,62,0,2
1/2/25 0:00,1.1,5.9,481,99.9,8.5,0,-3.33,66,0,2
1/2/25 1:00,1.1,6,481,99.9,8.4,0,-3.33,66,0,2
1/2/25 2:00,1.1,6,481,99.9,8.4,0,-3.33,67,0,2
1/2/25 3:00,1.1,6,482,99.9,8.4,0,-3.33,66,0,2
1/2/25 4:00,1.1,6,484,99.9,8.4,0,-3.33,68,0,2
1/2/25 5:00,1.1,6,484,97,8.1,0,-1.71,177,0,2
1/2/25 6:00,1.1,6,484,97.4,8.1,0,-1.71,183,0,2
1/2/25 7:00,1.1,6,484,96.9,8.1,0,-1.71,185,0,2
1/2/25 8:00,1,6,484,96.7,8.2,0,-1.71,183,0,2
1/2/25 9:00,1.1,6,484,96.6,8.1,0,-1.87,183,0,2
1/2/25 10:00,1,5.9,483,96.3,8.1,0,-1.87,184,0,2
1/2/25 11:00,1,5.9,480,92.7,8.5,0,-0.81,98,0,2
1/2/25 12:00,1.1,5.6,480,93,8.6,0,-1.15,101,0.5,2
1/2/25 13:00,1.1,5.7,480,93.5,8.6,0,-1.15,99,1,2
1/2/25 14:00,1.3,5,480,96.4,8.5,0,-1.15,102,0.5,2
1/2/25 15:00,1.3,5.2,481,97.3,8.5,0,-1.15,101,0.5,2
1/2/25 16:00,1.3,5.3,480,97.8,8.5,0,-1.15,100,0,2
1/2/25 17:00,1.3,5.4,481,99.9,8.3,0,-0.89,105,0.5,2
1/2/25 18:00,1.4,5.5,482,99.9,8.3,0,-0.89,104,0,2
1/2/25 19:00,1.4,5.6,482,99.1,8.4,0,-0.89,105,0,2
1/2/25 20:00,1.4,5.6,482,98.8,8.4,0,-0.89,108,0,2
1/2/25 21:00,1.4,5.7,481,99.8,8.4,0,-0.89,105,0.5,2
1/2/25 22:00,1.4,5.7,479,99.8,8.4,0,-1.01,108,0.5,2
1/2/25 23:00,1.4,5.7,479,96.4,8.4,0,-1.19,97,0,2
1/3/25 0:00,1.4,5.8,477,96.6,8.4,0,-1.19,95,0,2
1/3/25 1:00,1.4,5.8,477,97.1,8.4,0,-1.19,94,0,2
1/3/25 2:00,1.4,5.8,478,97,8.4,0,-1.41,96,0,2
1/3/25 3:00,1.4,5.9,478,97.9,8.4,0,-1.41,93,0,2
1/3/25 4:00,1.4,5.9,477,98.7,8.3,0,-1.41,93,0,2
1/3/25 5:00,1.4,5.9,474,90,11.5,44,-0.39,102,0,2
1/3/25 6:00,1.4,5.9,473,90.8,11.6,44,-0.37,102,0,2
1/3/25 7:00,1.4,5.9,473,91.4,11.5,43,-0.37,101,0,2
1/3/25 8:00,1.4,5.9,474,92.1,11.5,43,-0.37,103,0,2
1/3/25 9:00,1.4,5.9,474,91.9,11.5,43,-0.37,105,0,2
1/3/25 10:00,0.8,5.8,476,92.9,11.6,43,-0.37,106,0,2
1/3/25 11:00,0.8,5.8,422,96.2,19.6,164,2.04,71,1,2
1/3/25 12:00,1,5.8,423,96.2,19.7,164,2.04,91,2.6,2
1/3/25 13:00,1,5.7,421,96.2,19.7,165,2.04,92,2.1,2
1/3/25 14:00,1.3,5.6,421,95.6,19.7,165,2.04,88,1.5,2
1/3/25 15:00,1.3,5.6,420,94.3,19.8,171,2.04,113,1.5,2
1/3/25 16:00,1.3,5.7,419,93.7,19.8,171,2.04,116,1.5,2
1/3/25 17:00,1.3,5.8,406,98.3,18.9,269,3.96,103,1,2
1/3/25 18:00,1.3,5.8,407,98.6,18.9,268,3.96,106,1.5,2
1/3/25 19:00,1.3,5.9,407,98.7,18.9,268,3.96,106,1,2
1/3/25 20:00,1.3,5.9,406,98.6,18.9,268,3.96,104,1,2
1/3/25 21:00,1.3,5.9,406,98.3,18.9,268,3.98,101,1,2
1/3/25 22:00,1.3,5.9,415,98.5,18.9,327,6.62,207,0,2
1/3/25 23:00,1.3,5.9,415,98.4,18.9,327,6.62,204,0.5,2
1/4/25 0:00,1.3,6,414,97.6,19,328,6.86,201,1,2
1/4/25 1:00,1.3,6,414,97.9,19,326,6.86,202,1,2
1/4/25 2:00,1.3,6,413,97.6,19,326,6.86,201,0.5,2
1/4/25 3:00,1.3,6,413,97.7,18.9,326,6.86,198,1,2
1/4/25 4:00,1.3,6,412,94.5,20,309,7.42,194,2.6,2
1/4/25 5:00,1.3,6,413,95.3,20,309,7.42,194,2.1,2
1/4/25 6:00,1.3,6,413,95.5,20,308,7.42,201,2.6,2
1/4/25 7:00,1.3,6,412,96.5,20,306,7.42,199,1.5,2
1/4/25 8:00,1.3,6.1,411,97.1,20.1,306,7.42,196,1.5,2
1/4/25 9:00,1.3,6.1,410,98.8,20,305,7.68,198,2.1,2
1/4/25 10:00,0.8,5.9,407,96.6,18.9,262,8.12,348,2.6,2
1/4/25 11:00,0.8,5.9,407,96.5,18.9,261,8.12,348,2.6,2
1/4/25 12:00,0.9,5.8,407,96.3,19,259,8.12,318,2.6,2
1/4/25 13:00,0.9,5.9,407,95.8,18.9,256,8.12,304,2.1,2
1/4/25 14:00,1.1,5.7,409,96.1,18.9,252,8,295,2.1,2
1/4/25 15:00,0.8,5.9,410,96.4,18.9,252,8,256,2.1,2
1/4/25 16:00,0.8,5.9,407,95.7,21,179,8.48,206,2.6,2
1/4/25 17:00,0.8,5.9,407,95.4,21,178,8.48,209,2.1,2
1/4/25 18:00,0.8,5.9,406,95.7,21,178,8.48,185,2.6,2
1/4/25 19:00,0.8,6,405,97,20.9,177,8.48,188,2.6,2
1/4/25 20:00,0.8,6,404,98.6,20.9,177,8.48,291,1.5,2
1/4/25 21:00,0.8,6,405,96.9,20.9,178,8.48,332,1,2
1/4/25 22:00,0.8,6,414,95.7,18.9,50,8.48,195,1.5,2
1/4/25 23:00,0.8,6,413,95.4,18.9,47,8.48,239,2.6,2
1/5/25 0:00,0.8,6.1,412,96.2,18.9,48,8.48,251,1.5,2
1/5/25 1:00,0.8,6.1,412,95.9,18.9,46,8.48,240,4.2,2
1/5/25 2:00,0.8,6.1,413,95.8,18.9,46,8.44,209,2.6,2
1/5/25 3:00,0.8,6.1,414,94.9,18.9,47,8.44,240,2.6,2
1/5/25 4:00,0.8,6.1,405,97.3,18.2,0,7.5,279,1.5,2
1/5/25 5:00,0.8,6.1,405,98.2,18.2,1,7.58,282,1,2
1/5/25 6:00,0.8,6.1,405,98.2,18.2,1,7.58,280,1,2
1/5/25 7:00,0.8,6.1,404,98.5,18.2,1,7.58,283,0.5,2
1/5/25 8:00,0.8,6.1,404,99.9,18.2,1,7.58,281,1,2
1/5/25 9:00,0.7,6.1,404,99.9,18.2,1,7.58,280,0.5,2
1/5/25 10:00,0.8,6,417,99.9,13.5,0,6.48,293,1,2
1/5/25 11:00,0.8,6,416,99.9,13.5,0,6.48,295,0.5,2
1/5/25 12:00,0.8,5.9,416,99.9,13.5,0,6.48,294,0.5,2
1/5/25 13:00,0.8,5.9,416,99.9,13.5,0,6.48,293,0,2
1/5/25 14:00,0.8,5.9,416,99.9,13.5,0,6.48,297,0,2
1/5/25 15:00,0.8,5.9,415,99.9,13.4,0,6.32,291,0,2
1/5/25 16:00,0.8,5.9,431,99.4,11.8,0,5.66,288,1,2
1/5/25 17:00,0.8,5.9,433,99,11.8,0,5.66,285,0.5,2
1/5/25 18:00,0.8,5.9,433,99.5,11.8,0,5.66,287,0,2
1/5/25 19:00,0.8,5.9,433,99.3,11.8,0,5.3,288,0,2
1/5/25 20:00,0.8,5.9,432,96.8,11.8,0,5.3,284,0,2
1/5/25 21:00,0.8,5.9,432,96.2,11.8,0,5.3,287,0,2
1/5/25 22:00,0.8,5.9,440,95.4,10.6,0,3.02,43,0.5,2
1/5/25 23:00,0.8,5.9,440,95,10.6,0,2.76,44,1,2
1/6/25 0:00,0.8,5.9,440,95,10.6,0,2.76,45,0.5,2
1/6/25 1:00,0.8,5.9,439,96.5,10.7,0,2.76,45,0.5,2
1/6/25 2:00,0.8,6,440,96.9,10.7,0,2.76,43,0.5,2
1/6/25 3:00,0.8,6,441,95,10.6,0,2.76,45,0.5,2
1/6/25 4:00,0.8,6,455,94.5,9.9,0,2.1,47,0,2
1/6/25 5:00,0.8,6,454,94.9,9.8,0,2.1,46,0,2
1/6/25 6:00,0.8,6,454,94.3,9.8,0,2.1,45,0,2
1/6/25 7:00,0.8,6,453,93.8,9.9,0,2.1,48,0,2
1/6/25 8:00,0.8,6,453,93.9,9.9,0,2.26,48,0,2
1/6/25 9:00,0.7,6,453,93.7,9.9,0,2.26,46,0,2
1/6/25 10:00,0.7,6,461,96.1,9.7,0,1.24,46,0,2
1/6/25 11:00,0.7,6,461,96.8,9.6,0,1.14,46,0,2
1/6/25 12:00,0.8,5.8,460,96.4,9.7,0,1.14,47,0,2
1/6/25 13:00,0.8,5.8,460,94.2,9.6,0,1.14,46,0,2
1/6/25 14:00,0.8,5.8,461,93.9,9.7,0,1.14,46,0,2
1/6/25 15:00,0.8,5.8,460,93.9,9.7,0,1.14,46,0,2
1/6/25 16:00,0.8,5.8,470,92.3,9,0,1.38,49,0,2
1/6/25 17:00,0.8,5.8,470,92.1,9.1,0,1.38,49,0,2
1/6/25 18:00,0.8,5.8,473,91.5,9.1,0,1.38,49,0,2
1/6/25 19:00,0.8,5.8,472,95,9.1,0,1.38,49,0,2
1/6/25 20:00,0.8,5.9,471,93.5,9.1,0,1.54,48,0,2
1/6/25 21:00,0.8,5.9,470,94.5,9.1,0,1.54,47,0,2
1/6/25 22:00,0.8,5.9,474,98,8.5,0,0.46,48,0,2
1/6/25 23:00,0.8,5.9,475,98.7,8.5,0,0.46,48,0,2
1/7/25 0:00,0.8,5.9,474,97.7,8.5,0,0.56,49,0,2
1/7/25 1:00,0.8,5.9,475,97.5,8.5,0,0.56,48,0,2
1/7/25 2:00,0.8,5.9,476,97.4,8.5,0,0.56,48,0,2
1/7/25 3:00,0.8,5.9,474,95.5,8.5,0,0.56,49,0,2
1/7/25 4:00,0.8,5.9,479,93.1,7.8,0,-0.33,48,0,2
1/7/25 5:00,0.8,6,479,93.4,7.8,0,-0.33,48,0,2
1/7/25 6:00,0.8,6,479,94.4,7.8,0,-0.33,48,0,2
1/7/25 7:00,0.8,6,479,94.2,7.8,0,-0.33,49,0,2
1/7/25 8:00,0.8,6,479,93.2,7.9,0,-0.33,49,0,2
1/7/25 9:00,0.8,6,479,94.6,7.8,0,-0.33,49,0,2
1/7/25 10:00,0.8,5.9,483,97.2,7.3,0,-0.79,51,0,2
1/7/25 11:00,0.8,5.9,483,98.2,7.3,0,-0.79,50,0,2
1/7/25 12:00,1,5.8,481,94,7.3,0,-0.79,48,0,2
1/7/25 13:00,1,5.8,480,93.3,7.3,0,-0.79,51,0,2
1/7/25 14:00,1,5.2,480,93.2,7.3,0,-1.23,52,0,2
1/7/25 15:00,1,5.4,480,90.5,7.4,0,-1.23,50,0,2
1/7/25 16:00,1,5.4,483,97.5,7,0,-1.13,47,0,2
1/7/25 17:00,1,5.5,483,97.1,7,0,-1.13,48,0,2
1/7/25 18:00,1,5.6,483,97.8,7,0,-1.13,49,0,2
1/7/25 19:00,1,5.6,483,98.1,7,0,-1.43,49,0,2
1/7/25 20:00,1,5.7,482,98.9,7,0,-1.43,47,0,2
1/7/25 21:00,1,5.7,481,99.9,6.9,0,-1.43,50,0,2
1/7/25 22:00,1,5.8,481,95.3,6.6,0,-1.59,50,0,2
1/7/25 23:00,1,5.8,480,92.9,6.6,0,-1.59,49,0,2
1/8/25 0:00,1,5.8,483,94.1,6.5,0,-1.69,48,0,2
1/8/25 1:00,1,5.8,483,95,6.5,0,-1.69,43,0,2
1/8/25 2:00,1,5.8,483,92.7,6.5,0,-1.69,52,0,2
1/8/25 3:00,1,5.8,483,92.9,6.5,0,-1.69,52,0,2
1/8/25 4:00,1,5.8,482,97.6,6.1,0,-1.73,52,0,2
1/8/25 5:00,1,5.9,482,97.3,6.1,0,-1.73,53,0,2
1/8/25 6:00,1,5.9,481,96.9,6.2,0,-1.73,50,0,2
1/8/25 7:00,1,5.9,479,96.2,6.2,0,-1.73,51,0,2
1/8/25 8:00,1,5.9,478,94.5,6.2,0,-1.73,52,0,2
1/8/25 9:00,1,5.9,478,94.8,6.2,0,-1.73,52,0,2
1/8/25 10:00,0.9,5.7,479,93.5,5.9,0,-2.83,51,0,2
1/8/25 11:00,0.9,5.8,480,93.5,5.9,0,-2.83,51,0,2
1/8/25 12:00,1,5.7,479,93.4,5.9,0,-2.83,52,0,2
1/8/25 13:00,1,5.7,479,95.4,5.8,0,-2.69,50,0,2
1/8/25 14:00,1.3,5.4,479,95.4,5.8,0,-2.69,51,0,2
1/8/25 15:00,1.3,5.5,485,96.4,5.5,0,-2.77,53,0,2
1/8/25 16:00,1.3,5.6,485,97.5,5.5,0,-2.77,54,0,2
1/8/25 17:00,1.3,5.7,484,98.7,5.5,0,-2.77,52,0,2
1/8/25 18:00,1.3,5.8,485,98.4,5.5,0,-2.77,52,0,2
1/8/25 19:00,1.3,5.8,484,98.8,5.5,0,-2.77,53,0,2
1/8/25 20:00,1.3,5.9,484,95.2,5.4,0,-2.37,48,0,2
1/8/25 21:00,1.3,5.9,483,96.2,5.4,0,-2.43,49,0,2
1/8/25 22:00,1.3,5.9,481,95.5,5.4,0,-2.43,52,0,2
1/8/25 23:00,1.3,5.9,481,97.1,5.4,0,-2.43,50,0,2
1/9/25 0:00,1.3,5.9,481,97.9,5.4,0,-2.43,52,0,2
1/9/25 1:00,1.3,5.9,482,97.7,5.4,0,-2.43,52,0,2
1/9/25 2:00,1.3,5.9,482,88.7,11,89,-1.77,52,0,2
1/9/25 3:00,1.3,6,482,88.4,11.1,90,-1.77,51,0,2
1/9/25 4:00,1.3,6,483,88.6,11.1,92,-1.77,50,0,2
1/9/25 5:00,1.3,6,484,93.4,11.1,91,-1.77,52,0,2
1/9/25 6:00,1.3,6,483,92.7,11.1,89,-1.71,51,0,2
1/9/25 7:00,1.3,6.1,483,92.4,11.1,89,-1.71,52,0,2
1/9/25 8:00,1.3,6.1,478,92.3,19,165,1.14,53,0,2
1/9/25 9:00,1.3,6.1,478,92.8,19,165,1.14,50,0,2
1/9/25 10:00,0.8,6.1,479,92.3,19,168,1.4,49,0,2
1/9/25 11:00,0.8,6.1,478,93.2,19,168,1.4,50,0,2
1/9/25 12:00,1,6,477,93.6,19,168,1.4,52,0,2
1/9/25 13:00,1,6,496,94.2,17.6,278,1.78,215,1.5,2
1/9/25 14:00,1,6,495,94.3,17.6,278,1.86,216,1.5,2
1/9/25 15:00,1,6.1,494,94.4,17.6,277,1.86,215,1.5,2
1/9/25 16:00,1,6,494,94.6,17.7,277,1.86,214,1,2
1/9/25 17:00,1,6.1,492,94.7,17.7,276,1.86,216,1,2
1/9/25 18:00,1,6.1,492,95.4,17.7,277,1.86,215,1,2
1/9/25 19:00,1,6.2,447,99.6,19.2,336,3.66,35,0,2
1/9/25 20:00,1,6.2,447,99.9,19.1,334,3.66,36,0,2
1/9/25 21:00,1,6.2,448,99.8,19.1,333,3.66,36,0,2
1/9/25 22:00,0.9,6.2,448,99.2,19.2,333,3.66,38,0,2
1/9/25 23:00,0.9,6.2,448,99.2,19.3,332,3.8,32,0.5,2
1/10/25 0:00,1,6.2,425,97.3,18,326,4.14,263,2.1,2
1/10/25 1:00,0.9,6.2,424,97.1,18,327,4.14,308,3.1,2
1/10/25 2:00,0.9,6.2,422,97.3,17.9,325,3.8,322,2.1,2
1/10/25 3:00,1,6.2,421,97.9,17.9,325,3.8,309,1.5,2
1/10/25 4:00,1,6.2,421,98.2,17.8,324,3.8,296,2.1,2
1/10/25 5:00,1,6.3,421,98.4,17.8,325,3.8,269,2.6,2
1/10/25 6:00,1,6.3,420,95.6,19.5,258,5.68,321,1.5,2
1/10/25 7:00,1,6.3,419,97.7,19.5,256,5.68,263,2.1,2
1/10/25 8:00,1,6.3,418,98.2,19.5,257,5.68,280,1.5,2
1/10/25 9:00,1,6.3,417,97.9,19.5,258,5.68,340,2.1,2
1/10/25 10:00,0.9,6.2,418,97.7,19.5,258,5.68,360,2.1,2
1/10/25 11:00,0.9,6.3,424,99.9,19.5,159,5.34,319,1.5,2
1/10/25 12:00,0.9,6.2,424,99.9,19.5,159,5.34,317,1,2
1/10/25 13:00,0.9,6.2,423,99.9,19.5,158,5.34,275,2.6,2
1/10/25 14:00,0.9,6.1,423,99.9,19.5,157,5.34,283,2.1,2
1/10/25 15:00,0.9,6.1,423,99.9,19.5,157,5.2,283,1,2
1/10/25 16:00,0.9,6.1,425,99.9,19.4,159,5.2,281,1.5,2
1/10/25 17:00,0.9,6.1,438,95.6,19.9,43,4.9,283,1.5,2
1/10/25 18:00,0.9,6.2,439,95.8,19.9,44,4.82,315,2.1,2
1/10/25 19:00,0.9,6.2,439,95.7,19.9,47,4.82,329,2.6,2
1/10/25 20:00,0.9,6.2,439,94.8,19.9,47,4.82,295,1.5,2
1/10/25 21:00,0.9,6.2,438,94,19.9,45,4.82,211,2.1,2
1/10/25 22:00,0.9,6.2,439,94.8,19.9,45,4.82,205,1.5,2
1/10/25 23:00,0.9,6.2,429,96.8,18,0,4.24,183,1.5,2
1/11/25 0:00,0.9,6.2,428,97,18,0,4.24,183,1,2
1/11/25 1:00,0.9,6.3,429,98.7,18,0,4.24,183,1,2
1/11/25 2:00,0.9,6.2,430,98,18,0,4.24,183,0.5,2
1/11/25 3:00,0.9,6.2,429,98.6,18,0,4.24,270,1,2
1/11/25 4:00,0.9,6.3,428,98.1,18,0,4.24,270,0.5,2
1/11/25 5:00,0.9,6.2,443,99.9,12.2,0,2.74,279,1.5,2
1/11/25 6:00,0.9,6.3,444,99.9,12.3,0,2.74,277,1,2
1/11/25 7:00,0.9,6.3,444,99.9,12.3,0,2.74,279,0.5,2
1/11/25 8:00,0.9,6.3,444,99.9,12.3,0,2.84,279,1,2
1/11/25 9:00,0.9,6.3,443,99.9,12.3,0,2.84,280,1,2
1/11/25 10:00,0.9,6.1,442,99.9,12.2,0,2.84,282,0.5,2
1/11/25 11:00,0.9,6.2,452,96,12.2,0,1.94,292,0,2
1/11/25 12:00,1,6.1,453,95.7,12.2,0,1.94,292,0,2
1/11/25 13:00,1,6.1,452,94.5,12.2,0,1.94,293,0,2
1/11/25 14:00,1.2,6,453,95.7,12.2,0,1.84,294,0,2
1/11/25 15:00,1.2,6.1,454,96.7,12.2,0,1.84,291,0,2
1/11/25 16:00,1.2,6.1,454,95.7,12.2,0,1.84,294,0,2
1/11/25 17:00,1.2,6.1,461,95.5,11.4,0,0.1,51,0.5,2
1/11/25 18:00,1.2,6.2,461,94.2,11.4,0,-0.05,53,0,2
1/11/25 19:00,1.2,6.2,462,93.9,11.4,0,-0.05,51,0.5,2
1/11/25 20:00,1.2,6.2,462,94.2,11.3,0,-0.05,51,1,2
1/11/25 21:00,1.2,6.3,462,93.6,11.4,0,-0.05,52,0.5,2
1/11/25 22:00,1.2,6.3,462,93.9,11.3,0,-0.05,52,1,2
1/11/25 23:00,1.2,6.3,466,99.2,10.4,0,-0.61,50,0,2
1/12/25 0:00,1.2,6.3,466,98.5,10.5,0,-0.61,48,0,2
1/12/25 1:00,1.2,6.3,465,98.6,10.4,0,-0.61,50,0,2
1/12/25 2:00,1.2,6.3,466,98.4,10.4,0,-0.77,50,0,2
1/12/25 3:00,1.2,6.3,465,99.4,10.4,0,-0.77,49,0,2
1/12/25 4:00,1.2,6.3,473,99.2,9.9,0,-1.17,49,0,2
1/12/25 5:00,1.2,6.3,473,99.2,9.8,0,-1.17,50,0,2
1/12/25 6:00,1.2,6.3,473,99.8,9.9,0,-1.17,51,0,2
1/12/25 7:00,1.2,6.3,472,99.2,9.9,0,-1.15,50,0,2
1/12/25 8:00,1.2,6.3,472,98.3,9.9,0,-1.15,52,0,2
1/12/25 9:00,1.1,6.3,472,97.5,10,0,-1.15,48,0,2
1/12/25 10:00,0.8,6.2,481,92.9,9.5,0,-2.15,48,0,2
1/12/25 11:00,0.7,6.2,481,91.8,9.5,0,-2.15,50,0,2
1/12/25 12:00,0.8,6.2,481,93,9.5,0,-2.15,50,0,2
1/12/25 13:00,0.8,6.2,482,93.3,9.5,0,-2.15,50,0,2
1/12/25 14:00,0.8,6,481,92.9,9.5,0,-2.15,50,0,2
1/12/25 15:00,0.8,6,481,93.5,9.5,0,-2.15,50,0,2
1/12/25 16:00,0.8,6,484,99.1,9.3,0,-2.77,46,0,2
1/12/25 17:00,0.8,6,483,98.8,9.3,0,-2.77,48,0,2
1/12/25 18:00,0.8,6.1,482,99.6,9.3,0,-2.77,50,0,2
1/12/25 19:00,0.8,6.1,481,99.6,9.3,0,-2.77,49,0,2
1/12/25 20:00,0.8,6.1,481,98.8,9.3,0,-2.59,53,0,2
1/12/25 21:00,0.8,6.1,479,94.3,9.2,0,-0.17,300,3.6,2
1/12/25 22:00,0.8,6.1,479,93.7,9.3,0,-0.19,315,3.1,2
1/12/25 23:00,0.8,6.1,479,94.5,9.2,0,-0.19,285,2.1,2
1/13/25 0:00,0.8,6.1,478,95.1,9.1,0,-0.19,326,1.5,2
1/13/25 1:00,0.8,6.1,477,93.5,9.1,0,-0.19,339,1.5,2
1/13/25 2:00,0.8,6.1,471,98.3,8.8,0,-1.75,219,1.5,2
1/13/25 3:00,0.8,6.1,471,96.3,8.8,0,-1.75,221,2.1,2
1/13/25 4:00,0.8,6.1,473,97.4,8.8,0,-1.75,257,3.1,2
1/13/25 5:00,0.8,6.1,474,96.9,8.8,0,-1.75,341,1.5,2
1/13/25 6:00,0.8,6.1,473,97.8,8.7,0,-1.75,260,1.5,2
1/13/25 7:00,0.8,6.2,470,91.9,8.2,0,-2.35,21,3.6,2
1/13/25 8:00,0.8,6.2,469,93.2,8.2,0,-2.35,24,2.6,2
1/13/25 9:00,0.8,6.2,469,93.9,8.1,0,-2.59,23,2.1,2
1/13/25 10:00,0.9,6,469,93.7,8.2,0,-2.59,23,1.5,2
1/13/25 11:00,0.9,6,469,93.7,8.2,0,-2.59,268,1.5,2
1/13/25 12:00,1,5.9,469,93.5,8.2,0,-2.59,267,1,2
1/13/25 13:00,1,5.9,458,96.1,7.6,0,-2.69,291,0,2
1/13/25 14:00,1,5.6,457,96.3,7.6,0,-2.67,292,0,2
1/13/25 15:00,1,5.7,456,96.9,7.6,0,-2.67,292,0,2
1/13/25 16:00,1,5.7,455,96.3,7.6,0,-2.67,294,0,2
1/13/25 17:00,1,5.8,456,94,7.6,0,-2.67,294,0,2
1/13/25 18:00,0.9,5.8,456,94.2,7.6,0,-2.67,290,0,2
1/13/25 19:00,0.9,5.8,454,99.1,7.2,0,-3.17,274,1.5,2
1/13/25 20:00,1,5.9,454,97.9,7.3,0,-3.17,272,1.5,2
1/13/25 21:00,1,5.9,454,98.3,7.2,0,-3.17,274,1,2
1/13/25 22:00,1,5.9,453,97.8,7.2,0,-3.17,271,1,2
1/13/25 23:00,1,5.9,455,97.1,7.2,0,-3.11,272,1,2
1/14/25 0:00,0.9,5.9,456,98.6,7.2,0,-3.11,274,1.5,2
1/14/25 1:00,1,5.9,451,96.6,6.9,0,-4.47,262,0,2
1/14/25 2:00,1,5.9,453,96.2,7,0,-4.47,260,0,2
1/14/25 3:00,1,5.9,455,97,6.9,0,-4.63,263,0,2
1/14/25 4:00,1,5.9,456,97.4,6.9,0,-4.63,305,0,2
1/14/25 5:00,1,5.9,457,97.8,6.9,0,-4.63,315,0,2
1/14/25 6:00,1,5.9,455,98.5,6.9,0,-4.63,316,0,2
1/14/25 7:00,0.9,5.9,453,97.3,6.4,0,-5.01,9,0,2
1/14/25 8:00,1,5.9,451,99.1,6.4,0,-5.11,7,0,2
1/14/25 9:00,1,5.9,452,98.7,6.4,0,-5.11,5,0,2
1/14/25 10:00,1,5.9,452,98.7,6.4,0,-5.11,6,0,2
1/14/25 11:00,1,5.9,452,98.2,6.4,0,-5.11,8,0,2
1/14/25 12:00,1.1,5.7,451,98.4,6.4,0,-5.11,7,0,2
1/14/25 13:00,1.1,5.7,454,97.7,6.2,0,-4.87,7,0,2
1/14/25 14:00,1.1,5.6,454,97.9,6.2,0,-4.87,7,0,2
1/14/25 15:00,1.2,5.6,454,98.4,6.1,0,-4.87,8,0,2
1/14/25 16:00,1.2,5.7,452,98.7,6.1,0,-4.87,8,0,2
1/14/25 17:00,1.2,5.8,453,98.4,6.1,0,-5.27,3,0,2
1/14/25 18:00,1.2,5.8,452,99.8,6.1,0,-5.27,6,0,2
1/14/25 19:00,1.2,5.9,467,93.6,10.7,39,-3.19,39,0,2
1/14/25 20:00,1.2,5.9,467,92.8,10.8,36,-3.19,39,0,2
1/14/25 21:00,1.2,5.9,468,92.6,10.8,36,-3.19,39,0,2
1/14/25 22:00,1.2,5.9,469,93.4,10.8,36,-2.93,40,0,2
1/14/25 23:00,1.2,5.9,469,93.4,10.8,36,-2.93,39,0,2
1/15/25 0:00,1.2,6,470,93.2,10.8,35,-2.93,41,0,2
1/15/25 1:00,1.2,6,441,97.7,20.3,173,-1.11,281,2.6,2
1/15/25 2:00,1.2,6,440,97.4,20.3,173,-1.11,299,2.1,2
1/15/25 3:00,1.2,6,440,97.3,20.3,175,-1.11,304,1.5,2
1/15/25 4:00,1.2,6,440,96.8,20.4,176,-1.11,312,1.5,2
1/15/25 5:00,1.2,6,441,97.4,20.3,176,-1.11,313,1,2
1/15/25 6:00,1.2,6,441,97.5,20.3,176,-1.11,311,1,2
1/15/25 7:00,1.2,6,415,93.2,18,286,-0.57,277,1.5,2
1/15/25 8:00,1.2,6.1,415,91.4,18.1,289,-0.57,277,1.5,2
1/15/25 9:00,1.2,6.1,416,92.2,18.1,287,-0.57,277,1,2
1/15/25 10:00,0.9,6,416,92.4,18,287,-0.57,277,0.5,2
1/15/25 11:00,0.9,6.1,416,93.7,18,287,-0.57,277,0.5,2
1/15/25 12:00,0.9,5.9,414,93.2,18,286,-0.75,279,1,2
1/15/25 13:00,0.9,5.9,411,99.1,18.4,344,0.44,40,1.5,2
1/15/25 14:00,1,5.6,411,98.6,18.4,346,0.44,39,1.5,2
1/15/25 15:00,1,5.7,411,98,18.4,348,0.44,39,0.5,2
1/15/25 16:00,1,5.7,411,98.3,18.4,348,0.78,38,1,2
1/15/25 17:00,1,5.7,411,98.4,18.3,350,0.78,38,1,2
1/15/25 18:00,1,5.8,410,98.6,18.3,350,0.78,27,1,2
1/15/25 19:00,1,5.8,413,94.7,22.5,338,2.04,281,1.5,2
1/15/25 20:00,1,5.8,414,94.4,22.5,339,1.96,282,2.6,2
1/15/25 21:00,1,5.9,414,94.9,22.5,342,1.96,294,2.6,2
1/15/25 22:00,1,5.9,413,95.1,22.4,344,1.96,302,2.1,2
1/15/25 23:00,1,5.9,414,95.8,22.3,345,1.96,309,1.5,2
1/16/25 0:00,1,5.9,475,96.7,19.2,262,2.66,208,1,2
1/16/25 1:00,1,5.9,474,97.1,19.2,257,2.66,277,1.5,2
1/16/25 2:00,1,5.9,474,96.7,19.3,252,2.66,311,1.5,2
1/16/25 3:00,1,6,475,96.8,19.3,249,2.66,312,1,2
1/16/25 4:00,1,6,476,97.6,19.2,249,2.66,313,0.5,2
1/16/25 5:00,1,6,476,97.3,19.3,246,2.66,313,0.5,2
1/16/25 6:00,1,6,449,95.3,19.5,133,1.82,315,2.1,2
1/16/25 7:00,1,6,450,96.3,19.5,133,1.82,253,2.6,2
1/16/25 8:00,1,6,449,96.3,19.5,133,1.82,346,3.1,2
1/16/25 9:00,1,6,450,96.7,19.6,133,1.88,332,3.1,2
1/16/25 10:00,0.9,6,452,96.8,19.6,136,1.88,341,2.6,2
1/16/25 11:00,0.9,6,433,98.7,19.2,79,2.56,165,1,2
1/16/25 12:00,0.8,5.8,432,98.5,19.2,80,2.56,179,1.5,2
1/16/25 13:00,0.8,5.8,431,98.4,19.2,79,2.4,183,1,2
1/16/25 14:00,1,5.8,430,98.5,19.2,79,2.4,293,1,2
1/16/25 15:00,1,5.8,432,99,19.2,78,2.4,291,1.5,2
1/16/25 16:00,1,5.8,438,99.9,14.1,0,1.16,213,1,2
1/16/25 17:00,1,5.9,439,99.9,14,0,1.28,211,1,2
1/16/25 18:00,1,5.9,438,99.9,14,0,1.28,211,1,2
1/16/25 19:00,1,5.9,438,99.9,14,0,1.28,212,0.5,2
1/16/25 20:00,1,5.9,439,99.9,14,0,1.28,211,0.5,2
1/16/25 21:00,1,5.9,438,99,14,0,1.28,213,1,2
1/16/25 22:00,1,5.9,444,98,12,0,-0.59,207,2.1,2
1/16/25 23:00,1,6,443,96.5,12.1,0,-0.59,193,2.6,2
1/17/25 0:00,1,6,443,97,12,0,-0.59,215,2.6,2
1/17/25 1:00,1,6,443,97.8,12,0,-0.59,203,2.1,2
1/17/25 2:00,1,6,443,97.8,12,0,-0.59,207,1.5,2
1/17/25 3:00,1,6,444,95.8,12.1,0,-0.97,209,2.1,2
1/17/25 4:00,1,6,456,98.3,11.4,0,-1.11,167,0,2
1/17/25 5:00,1,6,456,98.2,11.4,0,-1.11,168,0,2
1/17/25 6:00,1,6,457,97.3,11.4,0,-1.15,166,0,2
1/17/25 7:00,1,6,456,97.3,11.4,0,-1.15,164,0,2
1/17/25 8:00,1,6.1,455,96.7,11.4,0,-1.15,163,0,2
1/17/25 9:00,1,6.1,456,97.1,11.4,0,-1.15,164,0,2
1/17/25 10:00,0.7,6,460,99.2,10.5,0,-1.59,57,1.5,2
1/17/25 11:00,0.7,6,460,98,10.5,0,-1.59,57,1,2
1/17/25 12:00,0.9,5.8,459,96.9,10.4,0,-1.59,56,1,2
1/17/25 13:00,0.9,5.8,459,95.4,10.5,0,-1.59,58,0.5,2
1/17/25 14:00,1,5.7,460,95.6,10.5,0,-1.59,55,0.5,2
1/17/25 15:00,1,5.7,467,90.8,10.4,0,-0.95,55,0,2
1/17/25 16:00,1,5.7,466,90,10.5,0,-0.95,55,0,2
1/17/25 17:00,1,5.8,466,91.5,10.4,0,-0.95,56,0,2
1/17/25 18:00,1,5.8,465,94.8,10.4,0,-0.95,56,0,2
1/17/25 19:00,1,5.9,466,94.7,10.4,0,-1.11,58,0,2
1/17/25 20:00,1,5.9,467,95.9,10.4,0,-1.11,58,0,2
1/17/25 21:00,1,5.9,472,95.2,9.9,0,-1.79,53,0,2
1/17/25 22:00,1,5.9,472,95,9.9,0,-2.03,56,0,2
1/17/25 23:00,1,5.9,471,94.8,9.9,0,-2.03,55,0,2
1/18/25 0:00,1,6,471,93.9,9.9,0,-2.03,56,0,2
1/18/25 1:00,1,6,470,94.3,9.9,0,-2.03,58,0,2
1/18/25 2:00,1,6,474,96,9.9,0,-0.55,262,1.5,2
1/18/25 3:00,1,6,474,95.6,9.9,0,-0.55,259,1.5,2
1/18/25 4:00,1,6,475,92.5,9.9,0,-0.55,284,1.5,2
1/18/25 5:00,1,6,475,92.7,9.9,0,-0.55,287,1.5,2
1/18/25 6:00,1,6,476,91.7,9.9,0,-0.55,286,1,2
1/18/25 7:00,1,6,476,95.6,9.8,0,-0.15,280,0.5,2
1/18/25 8:00,1,6,476,95.8,9.8,0,-0.15,248,3.1,2
1/18/25 9:00,1,6.1,477,96.7,9.8,0,-0.15,284,1,2
1/18/25 10:00,0.8,6,477,97.8,9.8,0,-0.55,286,0.5,2
1/18/25 11:00,0.8,6,476,98,9.8,0,-0.55,277,2.1,2
1/18/25 12:00,0.9,5.8,473,97.5,9.4,0,-0.91,9,2.1,2
1/18/25 13:00,0.9,5.8,473,97.2,9.4,0,-0.91,7,1,2
1/18/25 14:00,1.1,5.6,471,97.8,9.4,0,-0.65,5,1,2
1/18/25 15:00,1.1,5.6,471,96.1,9.4,0,-0.65,288,1.5,2
1/18/25 16:00,1.1,5.7,471,95.3,9.4,0,-0.65,256,2.1,2
1/18/25 17:00,1.1,5.8,466,92.9,8.8,0,-1.33,300,0.5,2
1/18/25 18:00,1.1,5.8,466,92.3,8.8,0,-1.43,300,0.5,2
1/18/25 19:00,1.1,5.9,466,93.4,8.8,0,-1.43,298,0.5,2
1/18/25 20:00,1.1,5.9,466,94.5,8.7,0,-1.43,301,1,2
1/18/25 21:00,1.1,5.9,466,95,8.7,0,-1.43,299,1,2
1/18/25 22:00,1.1,5.9,462,93.4,8.1,0,-1.73,298,0,2
1/18/25 23:00,1.1,6,462,96.2,8.1,0,-1.73,299,0.5,2
1/19/25 0:00,1.1,6,461,95.6,8.1,0,-1.73,298,0.5,2
1/19/25 1:00,1.1,6,460,96.1,8,0,-1.73,297,0.5,2
1/19/25 2:00,1.1,6,459,94.7,8.1,0,-1.63,300,0,2
1/19/25 3:00,1.1,6,459,94.4,8.1,0,-1.63,298,0,2
1/19/25 4:00,1.1,6,455,96.8,7.4,0,-2.69,274,0.5,2
1/19/25 5:00,1.1,6,454,94.9,7.5,0,-2.69,270,1,2
1/19/25 6:00,1.1,6,455,96,7.5,0,-2.49,273,0.5,2
1/19/25 7:00,1.1,6.1,456,96.7,7.5,0,-2.49,272,0.5,2
1/19/25 8:00,1.1,6.1,457,97.3,7.5,0,-2.49,273,0.5,2
1/19/25 9:00,1.1,6.1,458,96.1,7.5,0,-2.49,272,0.5,2
1/19/25 10:00,0.9,6,453,97.3,7.1,0,-3.17,274,1,2
1/19/25 11:00,0.9,6.1,453,97.9,7,0,-3.01,266,1,2
1/19/25 12:00,0.9,5.9,452,99.1,7,0,-3.01,269,1,2
1/19/25 13:00,0.9,5.9,454,99.7,7,0,-3.01,272,1,2
1/19/25 14:00,1,5.6,455,97.7,7,0,-3.01,269,0.5,2
1/19/25 15:00,1,5.6,455,97.5,7.1,0,-3.01,272,0.5,2
1/19/25 16:00,1,5.6,455,99.9,6.7,0,-4.63,285,1,2
1/19/25 17:00,1,5.7,454,99.9,6.6,0,-4.63,209,0.5,2
1/19/25 18:00,1,5.7,452,99.9,6.6,0,-4.63,297,0.5,2
1/19/25 19:00,1,5.8,452,99.9,6.6,0,-4.71,210,0.5,2
1/19/25 20:00,1,5.8,452,99.8,6.7,0,-4.71,208,0.5,2
1/19/25 21:00,1,5.8,452,99.9,6.6,0,-4.71,290,0.5,2
1/19/25 22:00,1,5.8,457,96.1,6.3,0,-4.55,300,0,2
1/19/25 23:00,1,5.9,455,96.1,6.3,0,-4.75,205,0,2
1/20/25 0:00,1,5.9,453,95.9,6.3,0,-4.75,254,0,2
1/20/25 1:00,1,5.8,450,96.9,6.3,0,-4.75,223,0,2
1/20/25 2:00,1,5.9,448,96.5,6.2,0,-4.75,281,0,2
1/20/25 3:00,1,5.9,452,99.9,6.1,4,-5.39,213,0,2
1/20/25 4:00,1,5.9,453,98.8,6.1,0,-5.39,298,0,2
1/20/25 5:00,1,5.9,452,97.6,6.1,0,-5.39,242,0,2
1/20/25 6:00,1,5.9,453,95.8,6.1,0,-5.39,255,0,2
1/20/25 7:00,1,5.9,453,95.2,6.1,0,-5.39,292,0,2
1/20/25 8:00,1,5.9,453,93.2,6.2,0,-5.39,293,0,2
1/20/25 9:00,1,6,459,90,10.9,35,-3.21,259,0,2
1/20/25 10:00,0.9,5.8,460,90.5,11,35,-3.21,300,0,2
1/20/25 11:00,0.9,5.9,463,92.2,11,34,-3.21,211,0,2
1/20/25 12:00,1,5.7,463,92.1,11,35,-3.21,236,0,2
1/20/25 13:00,1,5.6,464,92.9,11,36,-3.43,218,0,2
1/20/25 14:00,1,5.5,464,93.3,11,37,-3.43,210,0,2
1/20/25 15:00,1,5.6,423,93.8,21,177,-0.97,100,1,2
1/20/25 16:00,1,5.6,423,93.8,21,178,-0.97,98,1,2
1/20/25 17:00,1,5.7,422,94.8,21,179,-0.97,96,1.5,2
1/20/25 18:00,1,5.7,422,94.5,21.1,183,-1.25,92,0.5,2
1/20/25 19:00,1,5.8,421,94.3,21.1,183,-1.25,98,0.5,2
1/20/25 20:00,1,5.8,421,93.9,21.1,183,-1.25,100,0.5,2
1/20/25 21:00,1,5.8,420,97.4,19,290,0.72,118,0,2
1/20/25 22:00,1,5.8,418,97.4,19,294,0.72,117,0.5,2
1/20/25 23:00,1,5.8,418,94.9,18.9,294,0.72,116,0.5,2
1/21/25 0:00,1,5.9,418,94.4,18.9,297,0.72,115,0.5,2
1/21/25 1:00,1,5.9,418,94.7,18.9,295,0.72,118,0.5,2
1/21/25 2:00,1,5.9,419,95.4,17.4,357,2.3,232,1,2
1/21/25 3:00,1,5.9,419,95,17.5,357,2.3,229,0.5,2
1/21/25 4:00,1,5.9,419,94.1,17.6,359,2.3,230,0.5,2
1/21/25 5:00,1,5.9,418,94.6,17.5,356,2.3,231,0.5,2
1/21/25 6:00,1,5.9,419,96.1,17.4,357,2.46,238,1,2
1/21/25 7:00,1,5.9,408,94.2,19.7,335,2.98,331,0.5,2
1/21/25 8:00,1,6,407,93.6,19.8,336,2.98,331,0,2
1/21/25 9:00,1,6,407,93.6,19.9,337,2.98,332,0.5,2
1/21/25 10:00,0.9,5.9,408,94.4,20,337,3.16,331,0.5,2
1/21/25 11:00,0.9,6,408,94.2,20,336,3.16,333,1,2
1/21/25 12:00,1,5.7,406,92.3,20.2,335,3.16,307,1,2
1/21/25 13:00,1,5.8,413,92.5,19.5,316,5.04,54,1,2
1/21/25 14:00,1,5.4,413,93,19.5,304,5.14,53,1,2
1/21/25 15:00,1,5.4,412,93.3,19.5,301,5.14,52,0.5,2
1/21/25 16:00,1,5.4,413,93.4,19.5,298,5.14,52,0,2
1/21/25 17:00,1,5.6,413,95.5,19.4,297,5.14,53,0,2
1/21/25 18:00,1,5.6,415,96.2,19.4,287,5.14,52,0,2
1/21/25 19:00,1,5.7,404,98.9,21.1,153,4.74,94,1,2
1/21/25 20:00,1,5.7,405,99.4,21.1,151,4.74,89,1,2
1/21/25 21:00,1,5.8,407,99.6,21.1,148,4.74,92,0.5,2
1/21/25 22:00,1,5.8,407,99.9,21,142,4.74,90,0.5,2
1/21/25 23:00,1,5.8,408,99.7,21,142,4.76,94,0.5,2
1/22/25 0:00,1,5.8,409,99.9,21,134,4.76,89,0.5,2
1/22/25 1:00,1,5.8,400,99.6,18.5,52,3.62,205,0.5,2
1/22/25 2:00,1,5.8,400,99.9,18.5,53,3.62,201,0.5,2
1/22/25 3:00,1,5.8,400,99.9,18.5,53,3.62,205,0.5,2
1/22/25 4:00,1,5.8,400,99.8,18.5,55,3.62,218,1,2
1/22/25 5:00,1,5.9,400,99.9,18.4,55,3.62,217,1,2
1/22/25 6:00,1,5.9,400,99.9,18.4,56,3.62,218,1,2
1/22/25 7:00,1,5.9,396,98.6,17.8,4,4.02,268,0,2
1/22/25 8:00,1,5.9,396,99.8,17.7,3,4.02,269,0,2
1/22/25 9:00,1,5.9,395,99.6,17.7,3,4.02,269,0,2
1/22/25 10:00,0.9,5.9,393,99.9,17.7,3,4.02,267,0,2
1/22/25 11:00,0.9,6,393,99.9,17.7,1,4.02,267,0,2
1/22/25 12:00,1,5.8,409,99.1,12.3,0,2.2,21,1.5,2
1/22/25 13:00,1,5.8,409,98.3,12.3,0,2.2,24,1,2
1/22/25 14:00,1.1,5.4,408,98.3,12.3,0,2.2,22,1.5,2
1/22/25 15:00,1.1,5.5,407,97.5,12.3,0,2.2,34,2.1,2
1/22/25 16:00,1.1,5.5,410,99.9,12.3,0,1.98,35,1.5,2
1/22/25 17:00,1.1,5.6,410,99.9,12.2,0,1.98,34,1,2
1/22/25 18:00,1.1,5.7,432,95.9,11.8,0,-0.01,34,1,2
1/22/25 19:00,1.1,5.8,432,96,11.8,0,-0.01,34,0.5,2
1/22/25 20:00,1.1,5.8,432,95.6,11.8,0,0.04,34,1,2
1/22/25 21:00,1.1,5.8,432,95.9,11.8,0,0.04,35,1,2
1/22/25 22:00,1.1,5.8,431,96.3,11.8,0,0.04,35,1,2
1/22/25 23:00,1.1,5.9,431,95.8,11.8,0,0.04,37,1,2
1/23/25 0:00,1.1,5.9,437,97.4,10.8,0,-0.95,37,0,2
1/23/25 1:00,1.1,5.9,437,96.4,10.8,0,-0.87,40,0,2
1/23/25 2:00,1.1,5.9,438,96.8,10.8,0,-0.87,38,0,2
1/23/25 3:00,1.1,5.9,439,96.8,10.8,0,-0.87,41,0.5,2
1/23/25 4:00,1.1,5.9,440,97.2,10.8,0,-0.87,39,0,2
1/23/25 5:00,1.1,5.9,440,97.8,10.8,0,-0.87,37,0,2
1/23/25 6:00,1.1,6,451,96.7,10.1,0,-0.51,40,0,2
1/23/25 7:00,1.1,6,451,96.6,10.1,0,-0.51,39,0,2
1/23/25 8:00,1.1,6,450,93.1,10,0,-0.51,38,0,2
1/23/25 9:00,1.1,6,450,93.6,10,0,-0.51,37,0,2
1/23/25 10:00,1,5.9,450,93.6,10,0,-0.63,38,0,2
1/23/25 11:00,1,5.9,465,97.9,9.5,0,-0.69,40,0,2
1/23/25 12:00,1.1,5.6,465,99.2,9.5,0,-0.69,39,0,2
1/23/25 13:00,1.1,5.6,465,98.7,9.5,0,-0.69,33,0,2
1/23/25 14:00,1.1,5.4,465,94.8,9.6,0,-0.77,37,0,2
1/23/25 15:00,1.1,5.4,464,95.1,9.6,0,-0.77,38,0,2
1/23/25 16:00,1.1,5.5,465,95.5,9.5,0,-0.77,40,0,2
1/23/25 17:00,1.1,5.6,469,96,9.2,0,-0.89,39,0,2
1/23/25 18:00,1.1,5.7,471,95.9,9.2,0,-0.89,38,0,2
1/23/25 19:00,1.1,5.7,471,96.8,9.1,0,-0.89,37,0,2
1/23/25 20:00,1.1,5.8,470,96.3,9.1,0,-0.89,39,0,2
1/23/25 21:00,1.1,5.8,471,96.3,9.2,0,-0.89,37,0,2
1/23/25 22:00,1.1,5.8,472,95.9,9.2,0,-0.89,39,0,2
1/23/25 23:00,1.1,5.9,483,93.8,9,0,-1.17,40,0,2
1/24/25 0:00,1.1,5.9,483,95.3,8.9,0,-1.27,38,0,2
1/24/25 1:00,1.1,5.9,483,96.4,8.9,0,-1.27,37,0,2
1/24/25 2:00,1.1,5.9,482,95.9,9,0,-1.27,40,0,2
1/24/25 3:00,1.1,5.9,482,95.7,9,0,-1.27,39,0,2
1/24/25 4:00,1.1,5.9,482,95.1,9,0,-1.27,38,0,2
1/24/25 5:00,1.1,5.9,483,99.9,8.9,0,-0.57,39,0,2
1/24/25 6:00,1.1,5.9,483,99.9,8.9,0,-0.57,37,0,2
1/24/25 7:00,1.1,6,484,99.9,8.9,0,-0.57,40,0,2
1/24/25 8:00,1.1,6,484,99.9,8.9,0,-0.57,38,0,2
1/24/25 9:00,1.1,6,485,99.9,8.9,0,-0.57,37,0,2
1/24/25 10:00,1,5.9,485,98.8,8.9,0,-0.45,39,0,2
1/24/25 11:00,1,5.9,481,95.3,9,0,-0.25,132,0,2
1/24/25 12:00,1.1,5.7,482,95.3,9,0,-0.25,131,0,2
1/24/25 13:00,1.1,5.7,482,95.2,9,0,-0.25,126,0,2
1/24/25 14:00,1.1,5.5,483,96.8,8.9,0,-0.11,131,0,2
1/24/25 15:00,1.1,5.5,485,97.1,8.9,0,-0.11,131,0,2
1/24/25 16:00,1.1,5.6,485,96.8,9,0,-0.11,133,0,2
1/24/25 17:00,1.1,5.7,485,94.1,9.8,0,0.72,60,1,2
1/24/25 18:00,1.1,5.8,484,93.9,9.8,0,1.1,83,1.5,2
1/24/25 19:00,1.1,5.8,484,95.3,9.8,0,1.1,92,1.5,2
1/24/25 20:00,1.1,5.9,484,95,9.8,0,1.1,93,1.5,2
1/24/25 21:00,1.1,5.9,483,95.2,9.8,0,1.1,90,0.5,2
1/24/25 22:00,1.1,5.9,483,99.1,9.8,0,0.3,121,0.5,2
1/24/25 23:00,1.1,5.9,484,98.5,9.9,0,0.3,121,0.5,2
1/25/25 0:00,1.1,5.9,484,98.5,9.9,0,0.3,121,1,2
1/25/25 1:00,1.1,5.9,484,98.7,9.9,0,0.3,121,0.5,2
1/25/25 2:00,1.1,5.9,484,98.9,9.9,0,0.3,123,2.6,2
1/25/25 3:00,1.1,5.9,479,95.1,10,0,0.6,80,1,2
1/25/25 4:00,1.1,6,479,95.9,10,0,0.6,84,1.5,2
1/25/25 5:00,1.1,6,478,95.9,10.1,0,0.6,77,1.5,2
1/25/25 6:00,1.1,6,478,96.2,10,0,0.92,99,2.1,2
1/25/25 7:00,1.1,6,478,96.8,10,0,0.92,119,2.6,2
1/25/25 8:00,1.1,6,478,96.3,10.1,0,0.92,126,2.1,2
1/25/25 9:00,1.1,6,477,97.9,10.1,0,-0.01,89,0.5,2
1/25/25 10:00,0.9,5.8,477,98.4,10,0,0,87,0,2
1/25/25 11:00,0.9,5.9,477,99.5,10,0,0,90,0,2
1/25/25 12:00,1.1,5.7,477,99.5,10,0,0,89,0.5,2
1/25/25 13:00,1.1,5.6,475,99.2,10,0,0,86,0,2
1/25/25 14:00,1.1,5.5,473,98.5,10.3,0,0.82,95,1.5,2
1/25/25 15:00,1.1,5.5,473,98.5,10.3,0,1,56,1.5,2
1/25/25 16:00,1.1,5.6,475,97.9,10.2,0,1,53,2.6,2
1/25/25 17:00,1.1,5.7,475,97.8,10.3,0,1,48,1.5,2
1/25/25 18:00,1.1,5.8,474,98.4,10.3,0,1,68,2.1,2
1/25/25 19:00,1.1,5.8,475,97.8,10.3,0,1,84,3.1,2
1/25/25 20:00,1.1,5.9,470,99.7,10.5,0,1.58,115,3.1,2
1/25/25 21:00,1.1,5.9,471,99,10.4,0,1.58,227,1.5,2
1/25/25 22:00,1.1,5.9,471,98.3,10.5,0,1.58,216,1,2
1/25/25 23:00,1.1,5.9,471,98.2,10.4,0,1.58,110,1,2
1/26/25 0:00,1.1,5.9,471,98.4,10.4,0,1.58,144,2.6,2
1/26/25 1:00,1.1,5.9,471,98.6,10.4,0,1.54,110,2.1,2
1/26/25 2:00,1.1,5.9,469,97.4,10.8,2,1.58,23,1.5,2
1/26/25 3:00,1.1,5.9,468,96.8,10.8,2,1.58,25,1,2
1/26/25 4:00,1.1,5.9,469,96.9,10.7,3,1.58,24,1.5,2
1/26/25 5:00,1.1,5.9,469,97.2,10.7,2,1.66,25,1.5,2
1/26/25 6:00,1.1,6,470,96.7,10.8,1,1.66,23,1,2
1/26/25 7:00,1.1,6,470,96.9,10.7,1,1.66,23,1,2
1/26/25 8:00,1.1,6,465,97.6,11.2,20,1.28,37,1.5,2
1/26/25 9:00,1.1,6,465,97.2,11.2,27,1.54,49,2.1,2
1/26/25 10:00,0.8,5.9,468,97.6,11.3,27,1.54,47,2.1,2
1/26/25 11:00,0.8,5.9,470,98.1,11.3,30,1.54,40,2.1,2
1/26/25 12:00,0.9,5.6,471,98,11.3,33,1.54,42,2.1,2
1/26/25 13:00,0.9,5.6,454,99.3,11.6,46,1.28,113,2.1,2
1/26/25 14:00,1.1,5.6,454,99.9,11.6,48,1.28,113,1.5,2
1/26/25 15:00,1.1,5.6,453,99.4,11.5,48,1.28,114,1,2
1/26/25 16:00,1.1,5.7,454,98.9,11.6,48,1.28,115,0.5,2
1/26/25 17:00,1.1,5.8,455,98.2,11.6,50,1.28,112,0.5,2
1/26/25 18:00,1.1,5.8,455,98.7,11.6,49,1.16,95,2.6,2
1/26/25 19:00,1.1,5.8,438,97.9,12.1,92,2.12,87,4.7,2
1/26/25 20:00,1.1,5.9,438,96.3,12.1,96,2.12,73,4.7,2
1/26/25 21:00,1.1,5.9,437,95.6,12.1,98,2.12,65,4.2,2
1/26/25 22:00,1.1,5.9,438,96,12.1,100,2.12,83,4.2,2
1/26/25 23:00,1.1,5.9,439,96.1,12.1,100,2.36,84,2.6,2
1/27/25 0:00,1.1,5.9,438,96,12.1,102,2.36,82,2.6,2
1/27/25 1:00,1.1,5.9,412,94,12.8,144,2.86,102,1.5,2
1/27/25 2:00,1.1,5.9,412,93.9,12.9,145,3.2,81,2.6,2
1/27/25 3:00,1.1,5.9,412,95.2,12.9,144,3.2,117,5.2,2
1/27/25 4:00,1.1,5.9,412,94.9,12.9,141,3.2,140,2.1,2
1/27/25 5:00,1.1,5.9,413,94.8,12.9,141,3.2,124,1.5,2
1/27/25 6:00,1.1,6,414,96.1,12.9,143,3.2,60,3.1,2
1/27/25 7:00,1.1,6,408,98.7,11.6,6,2.02,97,0,2
1/27/25 8:00,1.1,6,408,98.5,11.6,7,2.02,107,0,2
1/27/25 9:00,1.1,6,406,98.5,11.6,7,2.02,101,0,2
1/27/25 10:00,0.8,5.9,406,98.6,11.6,5,2.02,101,0,2
1/27/25 11:00,0.8,5.9,405,99.1,11.6,11,2.02,101,0,2
1/27/25 12:00,0.8,5.9,413,98.4,11.8,136,3.86,100,1,2
1/27/25 13:00,0.8,5.9,413,98.2,11.8,138,3.86,100,1.5,2
1/27/25 14:00,1,5.7,413,98,11.8,144,3.86,115,1.5,2
1/27/25 15:00,1,5.8,415,97.1,11.9,144,3.86,112,1.5,2
1/27/25 16:00,1,5.8,415,97,11.9,152,4.52,114,1,2
1/27/25 17:00,1,5.9,414,95.5,11.9,152,4.52,112,1.5,2
1/27/25 18:00,1,5.9,398,98.9,12.3,25,4.06,79,1.5,2
1/27/25 19:00,1,5.9,399,99.6,12.4,25,4.06,65,1.5,2
1/27/25 20:00,0.9,5.9,400,98.6,12.4,22,4.06,83,1,2
1/27/25 21:00,1,5.9,401,97.2,12.4,19,4.06,102,2.6,2
1/27/25 22:00,1,5.9,402,96.1,12.4,25,3.54,70,1,2
1/27/25 23:00,1,6,402,96.7,12.3,27,3.54,81,1,2
1/28/25 0:00,0.9,6,395,97.1,12,6,4.44,83,2.6,2
1/28/25 1:00,0.9,6,394,97.2,12,6,4.28,104,2.6,2
1/28/25 2:00,0.9,6,394,98.3,12,6,4.28,91,1.5,2
1/28/25 3:00,0.9,6,394,98.4,12,8,4.28,107,1,2
1/28/25 4:00,0.9,6,393,97.4,12,8,4.28,107,1,2
1/28/25 5:00,0.9,6,391,97.9,12,8,4.28,105,0.5,2
1/28/25 6:00,0.9,6,408,98.5,12,0,3.7,76,2.1,2
1/28/25 7:00,0.9,6.1,408,98.3,12,0,3.7,80,3.6,2
1/28/25 8:00,0.9,6.1,407,97.7,12,0,3.7,87,3.6,2
1/28/25 9:00,0.9,6.1,407,98.5,12,0,3.7,114,3.1,2
1/28/25 10:00,0.8,5.9,406,98.7,12,0,3.7,208,1.5,2
1/28/25 11:00,0.8,6,406,97.7,12,0,3.44,157,1,2
1/28/25 12:00,0.8,6,421,95.7,11.1,0,1.16,55,1,2
1/28/25 13:00,0.8,6,421,96.2,11.1,0,1.16,112,2.1,2
1/28/25 14:00,0.9,5.8,421,95.5,11.1,0,1.16,106,0.5,2
1/28/25 15:00,0.9,5.9,421,94.2,11.1,0,1.16,110,0,2
1/28/25 16:00,0.9,5.9,420,94.6,11.1,0,1.78,114,0,2
1/28/25 17:00,0.9,5.9,420,94.9,11.1,0,1.78,103,0,2
1/28/25 18:00,0.9,5.9,426,97.2,11.2,0,4.42,93,0.5,2
1/28/25 19:00,0.8,5.9,425,95.6,11.3,0,3.9,112,0.5,2
1/28/25 20:00,0.8,5.9,424,96.4,11.2,0,3.9,96,0.5,2
1/28/25 21:00,0.9,5.9,423,96.7,11.3,0,3.9,101,1.5,2
1/28/25 22:00,0.9,5.9,423,96.8,11.2,0,3.9,89,1.5,2
1/28/25 23:00,0.9,5.9,432,98.7,10.9,0,4.3,101,1.5,2
1/29/25 0:00,0.9,6,432,97.6,10.9,0,4.3,107,0.5,2
1/29/25 1:00,0.9,6,432,97.8,10.8,0,4.3,106,1,2
1/29/25 2:00,0.9,6,432,98,10.9,0,4.3,119,0,2
1/29/25 3:00,0.9,6,432,99,10.8,0,4.3,105,0.5,2
1/29/25 4:00,0.9,6,432,97.4,10.8,0,4.3,99,1,2
1/29/25 5:00,0.9,6,435,99.1,10.4,0,5.3,72,0,2
1/29/25 6:00,0.9,6,435,99.1,10.4,0,5.3,64,0,2
1/29/25 7:00,0.8,6,435,98.9,10.4,0,5.3,66,0,2
1/29/25 8:00,0.8,6.1,436,99.7,10.4,0,4.86,71,0,2
1/29/25 9:00,0.8,6,437,99.9,10.4,0,4.86,67,0,2
1/29/25 10:00,0.8,6,443,94.5,10.3,0,2.42,70,0,2
1/29/25 11:00,0.8,6,443,94.7,10.3,0,2.9,69,0,2
1/29/25 12:00,0.8,6,443,94.5,10.3,0,2.9,117,0.5,2
1/29/25 13:00,0.8,6,444,94.5,10.3,0,2.9,105,1,2
1/29/25 14:00,0.8,5.9,445,94.4,10.3,0,2.9,110,1,2
1/29/25 15:00,0.8,6,447,95.4,10.1,0,4.42,114,0,2
1/29/25 16:00,0.8,6,446,95.5,10.1,0,4.42,114,0,2
1/29/25 17:00,0.8,6,446,94.4,10.1,0,4.42,111,0,2
1/29/25 18:00,0.8,6,447,95.9,10.1,0,4.42,112,0,2
1/29/25 19:00,0.8,6,447,96.5,10.1,0,4.42,113,0,2
1/29/25 20:00,0.7,6,449,97.9,10,0,4.22,61,0,2
1/29/25 21:00,0.7,6,449,97.5,10,0,4.22,66,0,2
1/29/25 22:00,0.7,6,450,97.1,10,0,4.22,66,0,2
1/29/25 23:00,0.8,6,450,96.8,10,0,4.14,52,0,2
1/30/25 0:00,0.8,6,450,96.9,10.1,0,4.14,65,0.5,2
1/30/25 1:00,0.8,6,451,98.9,10,0,4.14,71,0.5,2
1/30/25 2:00,0.8,6,449,95.8,9.9,0,2.48,102,0,2
1/30/25 3:00,0.8,6.1,448,96,9.9,0,2.48,100,0,2
1/30/25 4:00,0.8,6.1,449,94.3,9.8,0,2.48,93,0,2
1/30/25 5:00,0.8,6.1,450,93.1,9.8,0,2.48,94,0,2
1/30/25 6:00,0.8,6.1,451,92.6,9.9,0,2.48,103,0,2
1/30/25 7:00,0.7,6.1,451,93.7,9.8,0,2.48,93,0,2
1/30/25 8:00,0.7,6.1,454,95.8,10.5,0,3.04,231,0.5,2
1/30/25 9:00,0.7,6.1,454,93.7,10.6,0,3.04,232,0.5,2
1/30/25 10:00,1,6.1,453,94.3,10.6,0,3.04,233,0,2
1/30/25 11:00,1,6.1,454,94.5,10.6,0,3.04,236,0.5,2
1/30/25 12:00,1.1,6.1,454,94.6,10.6,0,4.18,214,0.5,2
1/30/25 13:00,1.1,6.1,457,94.6,10.8,0,2.74,352,0.5,2
1/30/25 14:00,1,6,458,94.9,10.8,0,2.74,33,1.5,2
1/30/25 15:00,1,6,458,95,10.8,0,2.74,33,1.5,2
1/30/25 16:00,1,6,459,94.5,10.8,0,2.36,41,0,2
1/30/25 17:00,1,6.1,458,94.5,10.8,0,2.36,28,1,2
1/30/25 18:00,1,6.1,458,95,10.8,0,2.36,34,1,2
1/30/25 19:00,1,6.1,460,98.6,10.7,0,4.02,351,0,2
1/30/25 20:00,1,6.2,461,98.9,10.7,0,3.42,347,0,2
1/30/25 21:00,1,6.2,461,99.2,10.7,0,3.42,347,0,2
1/30/25 22:00,1,6.2,460,98.5,10.7,0,3.42,342,0.5,2
1/30/25 23:00,1,6.2,459,97.7,10.7,0,3.42,345,0.5,2
1/31/25 0:00,1,6.2,459,97.6,10.7,0,3.42,338,0.5,2
1/31/25 1:00,1,6.2,462,98.3,11.1,0,3,57,0,2
1/31/25 2:00,1,6.2,461,99.9,11.1,0,3,40,0,2
1/31/25 3:00,1,6.2,460,99.9,11,0,3,45,0,2
1/31/25 4:00,1,6.2,460,99.9,11,0,3,41,0,2
1/31/25 5:00,1,6.2,459,99.9,11.1,0,2.94,42,0,2
1/31/25 6:00,1,6.2,459,99.9,11.1,0,2.94,40,0,2
1/31/25 7:00,1,6.2,466,97.4,11.1,0,3.34,116,0,2
1/31/25 8:00,1,6.3,465,96.1,11.1,0,3.34,118,0,2
1/31/25 9:00,1,6.3,466,94.5,11.1,0,3.26,117,0,2
1/31/25 10:00,0.8,6.1,466,95,11.1,0,3.26,111,0,2
1/31/25 11:00,0.8,6.1,467,95.5,11.1,0,3.26,107,0,2
1/31/25 12:00,0.9,5.9,468,99.9,10.7,5,2.92,116,0,2
1/31/25 13:00,0.9,5.9,470,99.9,10.7,5,2.92,118,0,2
1/31/25 14:00,1,5.5,470,99.9,10.7,5,2.92,118,0,2
1/31/25 15:00,1,5.6,470,98.9,10.7,26,2.92,115,0,2
1/31/25 16:00,1,5.6,470,98.3,10.7,26,2.92,118,0,2
1/31/25 17:00,1,5.7,469,97.9,10.7,26,2.92,114,0,2
1/31/25 18:00,1,5.7,473,95.4,11.1,10,1.42,119,0,2
1/31/25 19:00,1,5.8,473,96.2,11.1,12,1.42,112,0,2
1/31/25 20:00,1,5.8,472,95.8,11.1,9,1.42,125,0,2
1/31/25 21:00,1,5.8,471,95.5,11.1,9,1.42,116,0,2
1/31/25 22:00,1,5.8,471,95.3,11.1,9,1.58,107,0,2
1/31/25 23:00,1,5.9,471,94.7,11.2,10,1.58,115,0,2
2/1/25 0:00,1,5.9,472,96.5,12,0,0.98,40,0,2
2/1/25 1:00,1,5.9,471,96,12.1,0,0.98,32,0,2
2/1/25 2:00,1,5.9,472,97.2,12,0,0.98,31,0,2
2/1/25 3:00,1,5.9,471,97.1,12,0,0.98,29,0,2
2/1/25 4:00,1,5.9,472,97.2,12.1,0,0.98,35,0,2
2/1/25 5:00,1,5.9,473,95.9,12,0,0.38,29,0,2
2/1/25 6:00,1,5.9,474,95.9,12,0,0.38,33,0,2
2/1/25 7:00,1,5.9,474,96,12,0,0.38,29,0,2
2/1/25 8:00,1,5.9,475,97,11.9,0,0.26,35,0,2
2/1/25 9:00,1,5.9,474,97.5,11.9,0,0.26,37,0,2
2/1/25 10:00,0.8,5.9,475,96.2,12,0,0.26,35,0,2
2/1/25 11:00,0.8,5.9,477,96.4,11.8,0,-0.61,29,0,2
2/1/25 12:00,1,5.8,477,96.8,11.8,0,-0.61,34,0,2
2/1/25 13:00,1,5.8,477,96.1,11.8,0,-0.61,37,0,2
2/1/25 14:00,0.9,5.8,478,96.4,11.8,0,-0.61,41,0,2
2/1/25 15:00,0.9,5.8,478,96.5,11.8,0,-0.61,32,0,2
2/1/25 16:00,0.9,5.8,481,96.2,11.8,0,1.48,38,0,2
2/1/25 17:00,0.9,5.9,482,96.1,11.8,0,1.48,35,0,2
2/1/25 18:00,0.9,5.9,482,96.7,11.8,0,1.48,36,0,2
2/1/25 19:00,0.9,5.9,483,97.7,11.7,0,0.58,39,0,2
2/1/25 20:00,0.9,5.9,483,98.2,11.7,0,0.58,36,0,2
2/1/25 21:00,0.9,5.9,484,97.6,11.8,0,0.58,38,0,2
2/1/25 22:00,0.9,5.9,480,98.2,11.7,0,0.68,40,0,2
2/1/25 23:00,0.9,6,482,99.1,11.7,0,0.18,40,0,2
2/2/25 0:00,0.9,6,482,99.6,11.7,0,0.18,44,0,2
2/2/25 1:00,0.9,6,482,99,11.7,0,0.18,48,0,2
2/2/25 2:00,0.9,6,481,99.6,11.7,0,0.18,39,0,2
2/2/25 3:00,0.9,6,486,97,11.5,0,0.44,28,0.5,2
2/2/25 4:00,0.9,6,485,96.5,11.5,0,0.44,33,1,2
2/2/25 5:00,0.9,6,484,97.2,11.5,0,0.44,37,1.5,2
2/2/25 6:00,0.9,6,485,97.8,11.5,0,0.44,32,1,2
2/2/25 7:00,0.9,6,486,97.2,11.5,0,0.44,29,0.5,2
2/2/25 8:00,0.9,6,486,97.2,11.5,0,0,30,1.5,2
2/2/25 9:00,0.9,6.1,486,94.6,11.5,0,1.08,32,0,2
2/2/25 10:00,0.9,5.8,486,94.9,11.5,0,1.08,33,0,2
2/2/25 11:00,0.9,5.9,485,94.6,11.5,0,1.62,31,0,2
2/2/25 12:00,0.9,5.7,486,94.3,11.5,0,1.62,31,0,2
2/2/25 13:00,0.9,5.8,486,95,11.5,0,1.62,29,0,2
2/2/25 14:00,1,5.5,488,98.2,11.4,0,2.74,33,0,2
2/2/25 15:00,1,5.6,487,99.3,11.3,0,1.82,39,0,2
2/2/25 16:00,1,5.6,488,98.7,11.4,0,1.82,31,0,2
2/2/25 17:00,1,5.7,487,98.6,11.3,0,1.82,35,0,2
2/2/25 18:00,1,5.8,486,98,11.3,0,1.82,30,0,2
2/2/25 19:00,1,5.8,485,98,11.3,0,1.82,39,0,2
2/2/25 20:00,1,5.8,491,95.2,11.3,0,0,31,0,2
2/2/25 21:00,1,5.8,491,94.2,11.3,0,0,34,0,2
2/2/25 22:00,1,5.9,492,94.8,11.3,0,0,34,0,2
2/2/25 23:00,1,5.9,491,94.8,11.3,0,0,35,0,2
2/3/25 0:00,1,5.9,492,95.9,11.3,0,0.74,33,0,2
2/3/25 1:00,1,5.9,492,95,11.3,0,0.74,37,0,2
2/3/25 2:00,1,5.9,491,92.8,12,52,0.62,248,0,2
2/3/25 3:00,1,5.9,491,92.5,12,46,0.62,291,0,2
2/3/25 4:00,1,5.9,492,92.4,12,46,-0.31,180,0,2
2/3/25 5:00,1,5.9,491,92.2,12,45,-0.31,359,0,2
2/3/25 6:00,1,5.9,491,92.5,12,46,-0.31,314,0,2
2/3/25 7:00,1,5.9,490,94.7,12,46,-0.31,0,0.5,2
2/3/25 8:00,1,6,480,96.3,12.7,133,1.92,343,0,2
2/3/25 9:00,1,6,477,97.4,12.6,133,2.78,343,0,2
2/3/25 10:00,0.9,5.8,475,97.4,12.6,131,2.78,343,0,2
2/3/25 11:00,0.9,5.9,475,97,12.6,132,2.78,340,0,2
2/3/25 12:00,1,5.6,474,96.6,12.6,132,2.78,341,0,2
2/3/25 13:00,1,5.6,474,98.7,12.6,134,2.78,343,0,2
2/3/25 14:00,1,5.6,441,96.5,15.2,209,1.04,329,0,2
2/3/25 15:00,1,5.6,441,97.1,15.2,213,1.04,324,0,2
2/3/25 16:00,1,5.4,442,97,15.2,212,1.04,335,0,2
2/3/25 17:00,1,5.4,442,96.7,15.3,205,1.04,326,0,2
2/3/25 18:00,1,5.5,443,96.1,15.3,205,1.04,326,0,2
2/3/25 19:00,1,5.5,443,96,15.3,205,1.04,329,0,2
2/3/25 20:00,1,5.5,415,95,17.9,252,2.7,293,1,2
2/3/25 21:00,1,5.5,414,95.3,17.9,251,2.7,282,1.5,2
2/3/25 22:00,1,5.6,415,95.4,17.9,253,2.7,289,1,2
2/3/25 23:00,1,5.6,414,96.4,17.9,254,2.7,283,1,2
2/4/25 0:00,1,5.7,415,96.3,17.9,254,2.84,277,1,2
2/4/25 1:00,1,5.7,414,96.5,17.9,254,2.84,288,0.5,2
2/4/25 2:00,1,5.7,377,94.8,22.1,405,3.9,278,2.1,2
2/4/25 3:00,1,5.7,378,94.9,22.1,402,3.96,274,1.5,2
2/4/25 4:00,1,5.7,378,94.2,22.1,397,3.96,284,1.5,2
2/4/25 5:00,1,5.8,379,94.4,22.1,397,3.96,289,1,2
2/4/25 6:00,1,5.8,380,93.5,22.2,395,3.96,280,1,2
2/4/25 7:00,1,5.8,381,93.4,22.2,388,3.96,289,0.5,2
2/4/25 8:00,1,5.8,387,95.6,22.6,353,3.74,266,1,2
2/4/25 9:00,1,5.8,388,94.9,22.6,357,3.74,266,1.5,2
2/4/25 10:00,1,5.8,389,94.8,22.6,354,3.74,280,1,2
2/4/25 11:00,1,5.8,391,95.2,22.6,355,3.74,265,1.5,2
2/4/25 12:00,1,5.9,392,94.3,22.6,355,3.52,273,0.5,2
2/4/25 13:00,1,5.9,393,93.2,22.6,356,3.52,272,0,2
2/4/25 14:00,1,5.9,410,98.2,20.8,199,5.66,268,0.5,2
2/4/25 15:00,1,5.9,410,98.4,20.8,196,5.66,262,0.5,2
2/4/25 16:00,1,5.9,411,97.7,20.8,196,5.22,260,1,2
2/4/25 17:00,1,5.9,412,97.6,20.8,197,5.22,260,0.5,2
2/4/25 18:00,1,5.9,412,96.6,20.8,196,5.22,264,1,2
2/4/25 19:00,1,5.9,412,95.9,20.8,197,5.22,260,1.5,2
2/4/25 20:00,1,5.9,394,99.9,19.9,76,5.72,40,0,2
2/4/25 21:00,1,5.9,395,99.9,20,75,5.72,38,0,2
2/4/25 22:00,1,5.9,394,99.9,20,75,5.72,39,0,2
2/4/25 23:00,1,5.9,395,99.9,19.9,75,5.72,39,0,2
2/5/25 0:00,1,6,397,99.9,19.9,76,5.72,37,0,2
2/5/25 1:00,1,6,397,99.9,19.9,75,5.72,39,0,2
2/5/25 2:00,1,6,402,99.9,17.1,20,4.84,35,0,2
2/5/25 3:00,1,6,403,99.9,17,22,4.84,36,0,2
2/5/25 4:00,1,6,403,99.9,17,19,4.84,31,0,2
2/5/25 5:00,1,6,402,99.9,17,18,5.42,35,0,2
2/5/25 6:00,1,6,401,99.9,17,21,5.42,34,0,2
2/5/25 7:00,1,6,401,99.9,17,22,5.42,35,0,2
2/5/25 8:00,1.2,3.7,409,99.9,13.9,0,3.88,276,0,2
2/5/25 9:00,1.2,3.7,410,99.9,13.8,0,4.32,273,0,2
2/5/25 10:00,1,5.9,409,99.9,13.8,0,4.32,276,0,2
2/5/25 11:00,1,5.9,409,99.9,13.8,0,4.32,278,0,2
2/5/25 12:00,1,5.9,408,99.9,13.8,0,4.32,275,0,2
2/5/25 13:00,1,5.9,425,96.1,11.7,0,1.52,41,0.5,2
2/5/25 14:00,1,5.9,426,94.8,11.7,0,1.52,47,1,2
2/5/25 15:00,1,5.9,426,94.7,11.8,0,1.52,37,0.5,2
2/5/25 16:00,1.1,5.8,426,94.7,11.7,0,1.52,41,0,2
2/5/25 17:00,1.1,5.8,425,95.6,11.7,0,1.52,38,0,2
2/5/25 18:00,1.1,5.8,426,95.6,11.7,0,1.66,39,0,2
2/5/25 19:00,1.1,5.8,438,93.7,11.8,0,2.32,39,0,2
2/5/25 20:00,1.1,5.9,438,93.5,11.8,0,2.32,43,0,2
2/5/25 21:00,1.1,5.9,438,93.9,11.8,0,1.48,42,0,2
2/5/25 22:00,1.1,5.9,437,96.2,11.8,0,1.48,43,0,2
2/5/25 23:00,1.1,5.9,438,95,11.8,0,1.48,43,0,2
2/6/25 0:00,1.1,6,447,92.8,11,0,0.84,45,0,2
2/6/25 1:00,1.1,6,447,93,11,0,1.02,44,0,2
2/6/25 2:00,1.1,6,447,93,11,0,1.02,43,0,2
2/6/25 3:00,1.1,6,447,93.8,11,0,1.02,41,0,2
2/6/25 4:00,1.1,6.1,447,95.3,11,0,1.02,39,0,2
2/6/25 5:00,1.1,6.1,446,95.3,11,0,1.02,47,0,2
2/6/25 6:00,1.1,6.1,455,97.7,10.2,0,1.3,41,0,2
2/6/25 7:00,1.1,6.1,455,97.6,10.3,0,1.3,45,0,2
2/6/25 8:00,1.1,6.1,454,97.1,10.3,0,1.3,42,0,2
2/6/25 9:00,1.1,6.1,453,96.6,10.3,0,1.3,42,0,2
2/6/25 10:00,1.1,6.1,455,96.8,10.3,0,1.3,46,0,2
2/6/25 11:00,1.1,6.1,456,96.5,10.3,0,0.46,38,0,2
2/6/25 12:00,1.1,6.1,458,98.9,9.9,0,-0.53,43,0,2
2/6/25 13:00,1.1,6.1,458,96.4,9.9,0,-0.53,45,0,2
2/6/25 14:00,1.1,6.1,459,96.2,10,0,-0.53,42,0,2
2/6/25 15:00,1.1,6.1,459,96.3,9.9,0,-0.91,41,0,2
2/6/25 16:00,1.1,6.1,459,97.2,9.9,0,-0.91,46,0,2
2/6/25 17:00,1.1,6.1,459,97.5,9.9,0,-0.91,43,0,2
2/6/25 18:00,1.1,6.1,466,97.9,9.6,0,-0.13,41,0,2
2/6/25 19:00,1.1,6.1,467,97.7,9.6,0,-0.31,43,0,2
2/6/25 20:00,1.1,6.2,468,97.9,9.6,0,-0.31,42,0,2
2/6/25 21:00,1.1,6.2,469,97.1,9.6,0,-0.31,42,0,2
2/6/25 22:00,1.1,6.2,470,96.4,9.6,0,-0.31,39,0,2
2/6/25 23:00,1.1,6.2,471,95.6,9.6,0,-0.31,35,0,2
2/7/25 0:00,1.1,6.2,478,96.9,9.3,0,-1.17,45,0,2
2/7/25 1:00,1.1,6.2,477,97.2,9.3,0,-1.17,40,0,2
2/7/25 2:00,1.1,6.2,477,97.6,9.3,0,-1.17,44,0,2
2/7/25 3:00,1.1,6.2,476,97.2,9.3,0,-1.17,43,0,2
2/7/25 4:00,1.1,6.2,475,98.1,9.3,0,-1.17,45,0,2
2/7/25 5:00,1.1,6.2,474,98.2,9.3,0,-1.35,47,0,2
2/7/25 6:00,1.1,6.2,480,94.4,8.9,0,-2.73,45,0,2
2/7/25 7:00,1.1,6.2,481,95.4,8.9,0,-2.73,45,0,2
2/7/25 8:00,1.1,6.2,482,95.2,8.9,0,-2.73,42,0,2
2/7/25 9:00,1.1,6.2,482,96.2,8.9,0,-2.73,42,0,2
2/7/25 10:00,1.1,6.2,482,95.6,8.9,0,-2.35,39,0,2
2/7/25 11:00,1.1,6.2,483,95.1,9,0,-2.35,42,0,2
2/7/25 12:00,1.2,6.2,487,97.7,8.6,0,-0.79,43,0,2
2/7/25 13:00,1.2,6.2,487,97.9,8.6,0,-0.79,38,0,2
2/7/25 14:00,1.2,6.2,486,97,8.6,0,-0.75,43,0,2
2/7/25 15:00,1.2,6.2,486,96.4,8.6,0,-0.75,43,0,2
2/7/25 16:00,1.3,6.1,487,96.4,8.7,0,-0.75,41,0,2
2/7/25 17:00,1.3,6.1,486,95.9,8.5,0,-2.15,48,0,2
2/7/25 18:00,1.3,6.1,487,96,8.4,0,-2.15,42,0,2
2/7/25 19:00,1.3,6.1,486,95.5,8.4,0,-2.15,43,0,2
2/7/25 20:00,1.3,6.1,486,96.4,8.4,0,-2.15,43,0,2
2/7/25 21:00,1.3,6.1,486,96.5,8.4,0,-2.15,45,0,2
2/7/25 22:00,1.3,6.2,485,96.4,8.4,0,-2.39,44,0,2
2/7/25 23:00,1.3,6.2,488,98.9,8.1,0,-1.23,43,0,2
9/29/24 0:00,0.5,6,398,99.4,22.2,0,24.58,337,0,3
9/29/24 1:00,0.5,6,398,99.6,22.2,0,24.58,331,0.5,3
9/29/24 2:00,0.5,6,384,99.4,21.3,0,23.62,340,1,3
9/29/24 3:00,0.5,6,384,99.5,21.3,0,23.62,338,0.5,3
9/29/24 4:00,0.5,6,383,99.9,21.3,0,23.62,339,0.5,3
9/29/24 5:00,0.5,6,383,99.9,21.3,0,23.62,339,1,3
9/29/24 6:00,0.5,6,383,97.1,21.4,0,23.62,338,1,3
9/29/24 7:00,0.5,6,374,99.9,21.1,0,23.5,347,0,3
9/29/24 8:00,0.5,6,374,99.7,21.1,0,23.5,346,0,3
9/29/24 9:00,0.5,6,374,99.9,21.1,0,23.5,343,0,3
9/29/24 10:00,0.5,6,374,99.9,21,0,23.26,343,0,3
9/29/24 11:00,0.5,6,374,99.9,21,0,23.26,345,0,3
9/29/24 12:00,0.5,6,375,99.9,21,0,23.26,343,0,3
9/29/24 13:00,0.5,6,373,97.8,21.1,0,23.06,333,0,3
9/29/24 14:00,0.5,6,372,99.4,21.1,0,23.06,333,0,3
9/29/24 15:00,0.5,6,372,99.6,21.1,0,23.06,332,0,3
9/29/24 16:00,0.5,6,372,98.7,21.1,0,23.06,331,0,3
9/29/24 17:00,0.5,6,372,98.1,21.1,0,23.06,330,0,3
9/29/24 18:00,0.5,6,372,97.2,21.2,0,23.06,334,0,3
9/29/24 19:00,0.5,6,393,95.2,20.9,0,22.18,40,0,3
9/29/24 20:00,0.5,6,392,94.7,20.8,0,22.18,39,0,3
9/29/24 21:00,0.5,6,392,94.4,20.9,0,22.18,39,0,3
9/29/24 22:00,0.5,6,391,96.3,20.8,0,22.18,37,0,3
9/29/24 23:00,0.5,6,391,97,20.8,0,22.24,37,0,3
9/30/24 0:00,0.5,6,353,99.9,21.5,0,21.6,54,0,3
9/30/24 1:00,0.5,6,354,99.9,21.5,0,21.6,52,0,3
9/30/24 2:00,0.5,6,354,99.9,21.5,0,21.52,50,0,3
9/30/24 3:00,0.5,6,354,99.9,21.5,0,21.52,54,0,3
9/30/24 4:00,0.5,6,355,99.9,21.5,0,21.52,50,0,3
9/30/24 5:00,0.5,6,355,99.9,21.5,0,21.52,53,0,3
9/30/24 6:00,0.5,6,352,99.4,21.5,0,21.34,354,0,3
9/30/24 7:00,0.5,6,352,99,21.5,0,21.34,357,0,3
9/30/24 8:00,0.5,6,353,98.3,21.6,0,21.34,356,0,3
9/30/24 9:00,0.5,6,353,98.4,21.5,0,21.34,356,0,3
9/30/24 10:00,0.5,6,352,98.8,21.5,0,21.34,354,0,3
9/30/24 11:00,0.5,6,352,98.6,21.4,0,21.34,355,0,3
9/30/24 12:00,0.5,6,382,93.1,20.3,0,20.72,356,0,3
9/30/24 13:00,0.5,6,381,92.3,20.3,0,20.72,355,0,3
9/30/24 14:00,0.5,6,381,92.4,20.3,0,20.94,355,0,3
9/30/24 15:00,0.5,6,381,93.4,20.3,0,20.94,359,0,3
9/30/24 16:00,0.5,6,381,92.5,20.3,0,20.94,359,0,3
9/30/24 17:00,0.5,6,383,92.4,20.3,0,20.94,356,0,3
9/30/24 18:00,0.5,6,389,91.9,19.8,0,20.14,357,0,3
9/30/24 19:00,0.5,6,389,91.5,19.9,0,20.14,355,0,3
9/30/24 20:00,0.5,6,390,92.9,19.8,0,20.14,357,0,3
9/30/24 21:00,0.5,6,391,94.8,19.8,0,20.14,355,0,3
9/30/24 22:00,0.5,6,394,95.8,19.8,0,20.14,357,0,3
9/30/24 23:00,0.5,6,394,95.9,19.8,0,20.12,358,0,3
10/1/24 0:00,0.9,5.8,376,77.5,19.2,0,19.66,57,0,3
10/1/24 1:00,0.6,6,376,78.2,19.2,0,19.66,57,0,3
10/1/24 2:00,0.6,6,375,78.1,19.1,0,19.66,57,0,3
10/1/24 3:00,0.6,6,374,77.9,19.1,0,19.64,57,0,3
10/1/24 4:00,0.6,6,373,77.3,19.1,0,19.64,56,0,3
10/1/24 5:00,0.6,6.1,380,77.2,18.9,0,19.08,56,0,3
10/1/24 6:00,0.6,6.1,381,78,18.9,0,19.08,56,0,3
10/1/24 7:00,0.6,6.1,381,78.6,18.9,0,19.08,54,0,3
10/1/24 8:00,0.6,6.1,380,79.6,18.9,0,19.08,56,0,3
10/1/24 9:00,0.6,6.1,380,79.5,18.9,0,19.08,55,0,3
10/1/24 10:00,0.6,6.2,380,80.9,18.6,0,19.02,174,1.5,3
10/1/24 11:00,0.6,6.2,380,81.6,18.6,0,19.02,172,1.5,3
10/1/24 12:00,0.6,6.2,380,82.1,18.6,0,19.02,177,1.5,3
10/1/24 13:00,0.6,6.2,381,80.3,18.6,0,18.82,172,1.5,3
10/1/24 14:00,0.6,6.2,381,80.4,18.7,0,18.82,175,1.5,3
10/1/24 15:00,0.6,6.2,380,79.8,18.6,0,18.82,172,1,3
10/1/24 16:00,0.6,6.2,371,78.1,18.5,0,19.04,233,1,3
10/1/24 17:00,0.6,6.2,371,78.3,18.6,0,19.44,235,1,3
10/1/24 18:00,0.6,6.2,372,78.8,18.5,0,19.44,236,1,3
10/1/24 19:00,0.4,6.1,372,76.7,18.5,0,19.44,235,1,3
10/1/24 20:00,0.4,6.1,371,73.7,18.5,0,19.44,234,1,3
10/1/24 21:00,0.5,6.1,371,73.8,18.5,0,19.44,233,1,3
10/1/24 22:00,0.9,5.8,362,79.5,18.4,0,18.76,219,0,3
10/1/24 23:00,0.6,6,362,77.6,18.3,0,18.76,223,0,3
10/2/24 0:00,0.6,6,363,77.2,18.3,0,18.76,220,0,3
10/2/24 1:00,0.6,6,364,76.5,18.4,0,18.76,221,0,3
10/2/24 2:00,0.6,6,364,77.2,18.4,0,18.82,220,0,3
10/2/24 3:00,0.6,6.1,366,77.8,18.4,0,18.82,220,0,3
10/2/24 4:00,0.6,6.1,365,79.7,18.2,0,19.42,104,0.5,3
10/2/24 5:00,0.6,6.1,365,78.9,18.2,0,19.42,106,0.5,3
10/2/24 6:00,0.6,6.1,365,78.3,18.3,0,19.42,106,0,3
10/2/24 7:00,0.6,6.1,365,78.7,18.3,0,19.42,106,1,3
10/2/24 8:00,0.6,6.2,365,80.5,18.2,0,19.42,106,0.5,3
10/2/24 9:00,0.6,6.2,365,81.1,18.2,0,19.42,103,0,3
10/2/24 10:00,0.6,6.2,363,76.7,18.3,0,19.64,52,0,3
10/2/24 11:00,0.6,6.2,362,77,18.3,0,19.64,55,0,3
10/2/24 12:00,0.6,6.2,363,76.9,18.3,0,19.62,50,0,3
10/2/24 13:00,0.6,6.2,363,77.5,18.3,0,19.62,53,0,3
10/2/24 14:00,0.6,6.2,363,77.4,18.3,0,19.62,52,0,3
10/2/24 15:00,0.6,6.2,363,78.9,18.3,0,19.62,54,0,3
10/2/24 16:00,0.6,6.2,364,73.5,18.5,0,19.72,102,0,3
10/2/24 17:00,0.6,6.1,364,75,18.6,0,19.72,102,0,3
10/2/24 18:00,0.6,6.1,363,75.9,18.6,0,19.72,100,0,3
10/2/24 19:00,0.6,6.1,363,74.9,18.6,0,19.72,104,0,3
10/2/24 20:00,0.6,6.1,363,74.7,18.6,5,19.72,102,0,3
10/2/24 21:00,0.6,6.1,362,74.7,18.6,5,19.72,104,0,3
10/2/24 22:00,0.6,6.2,368,72.2,19,28,19.94,232,0.5,3
10/2/24 23:00,0.6,6.2,368,72.7,19,27,20.14,226,1,3
10/3/24 0:00,0.6,6.2,367,72.8,19,27,20.14,227,0.5,3
10/3/24 1:00,0.6,6.2,367,72.9,19,26,20.14,226,0,3
10/3/24 2:00,0.6,6.2,366,72.8,19,28,20.14,227,0,3
10/3/24 3:00,0.6,6.2,370,75.6,19.2,11,19.9,151,0,3
10/3/24 4:00,0.6,6.2,369,75.6,19.2,11,19.9,149,0,3
10/3/24 5:00,0.6,6.2,369,75.6,19.2,11,19.9,153,0,3
10/3/24 6:00,0.6,6.2,368,76,19.2,12,19.9,148,0,3
10/3/24 7:00,0.4,6.1,368,75.5,19.2,11,19.9,147,0,3
10/3/24 8:00,0.4,6.1,369,75.1,19.2,13,19.9,151,0,3
10/3/24 9:00,0.5,6.1,376,74.1,19.2,46,18.36,191,1,3
10/3/24 10:00,0.6,6.1,377,74.2,19.2,46,18.36,184,1,3
10/3/24 11:00,0.6,6.1,376,75,19.2,46,18.36,182,1,3
10/3/24 12:00,0.6,6.1,377,73.8,19.2,48,18.5,178,0.5,3
10/3/24 13:00,0.6,6.1,378,73,19.2,52,18.5,182,0,3
10/3/24 14:00,0.6,6.1,381,69.3,19.2,8,18.32,162,0.5,3
10/3/24 15:00,0.6,6.2,382,69.5,19.2,8,18.32,92,1,3
10/3/24 16:00,0.6,6.2,383,69.8,19.2,8,18.32,93,1,3
10/3/24 17:00,0.6,6.2,382,71.4,19.2,8,18.32,91,1,3
10/3/24 18:00,0.6,6.2,382,71.2,19.2,6,18.32,97,0.5,3
10/3/24 19:00,0.6,6.2,382,70.6,19.2,5,18.32,100,0,3
10/3/24 20:00,0.6,6.2,386,68.9,19.8,95,19.74,257,1.5,3
10/3/24 21:00,0.6,6.2,386,68.8,19.8,95,19.74,167,1,3
10/3/24 22:00,0.6,6.2,386,68.9,19.8,93,19.7,303,1,3
10/3/24 23:00,0.6,6.2,385,68.6,19.7,95,19.7,72,1,3
10/4/24 0:00,0.6,6,386,69,19.8,95,19.7,75,0,3
10/4/24 1:00,0.6,6,389,68.9,20.9,418,20.42,168,1,3
10/4/24 2:00,0.6,6,388,69.3,20.9,417,20.42,279,2.1,3
10/4/24 3:00,0.6,6,388,68.9,20.9,415,20.42,270,3.6,3
10/4/24 4:00,0.6,6.1,387,68.7,20.9,409,20.42,336,4.2,3
10/4/24 5:00,0.6,6.1,387,68.7,20.9,406,20.36,335,2.6,3
10/4/24 6:00,0.6,6.1,395,67.4,21.4,135,20.18,192,3.6,3
10/4/24 7:00,0.6,6.1,395,67,21.4,137,20.18,258,2.6,3
10/4/24 8:00,0.6,6.1,394,66.5,21.4,137,20.18,302,2.6,3
10/4/24 9:00,0.6,6.2,396,66.9,21.4,139,20.18,308,3.1,3
10/4/24 10:00,0.6,6,396,66.6,21.4,145,20.18,327,2.1,3
10/4/24 11:00,0.6,6,391,64.2,21.5,129,19.38,88,0.5,3
10/4/24 12:00,0.6,6,391,64.8,21.4,126,19.38,8,3.1,3
10/4/24 13:00,0.6,6,389,64,21.5,124,19.38,18,2.6,3
10/4/24 14:00,0.6,6.1,388,63.7,21.5,128,19.38,3,1,3
10/4/24 15:00,0.6,6.1,388,63.8,21.5,128,19.18,0,3.1,3
10/4/24 16:00,0.6,6.1,389,65.1,21.5,126,19.18,265,1.5,3
10/4/24 17:00,0.6,6.1,385,63.6,21.5,101,19.5,330,2.6,3
10/4/24 18:00,0.6,6.1,385,63,21.5,103,19.68,302,2.6,3
10/4/24 19:00,0.6,6.2,384,62.2,21.5,101,19.68,342,3.6,3
10/4/24 20:00,0.6,6,385,61.7,21.5,101,19.68,300,4.2,3
10/4/24 21:00,0.6,6,384,63.5,21.4,99,19.68,301,2.1,3
10/4/24 22:00,0.6,6,380,65.6,20.8,56,20,315,1.5,3
10/4/24 23:00,0.6,6,380,65.8,20.9,55,20,305,1.5,3
10/5/24 0:00,0.6,6,378,65.9,20.8,52,20,319,2.6,3
10/5/24 1:00,0.6,6.1,378,65.7,20.7,47,20,276,1,3
10/5/24 2:00,0.6,6.1,380,65.9,20.8,46,20.04,285,2.1,3
10/5/24 3:00,0.6,6.1,380,64.8,20.8,47,20.04,34,2.6,3
10/5/24 4:00,0.6,6.1,369,66.4,19.9,0,19.4,352,2.1,3
10/5/24 5:00,0.6,6.1,369,66.5,19.9,0,19.48,353,1.5,3
10/5/24 6:00,0.6,6.2,369,66.5,19.9,0,19.48,357,0.5,3
10/5/24 7:00,0.6,6,369,67.9,19.9,0,19.48,291,0,3
10/5/24 8:00,0.6,6,369,67.9,19.9,0,19.48,300,0,3
10/5/24 9:00,0.6,6,368,67.6,19.9,0,19.48,298,0,3
10/5/24 10:00,0.6,6,362,68.8,18.6,0,18.12,189,1,3
10/5/24 11:00,0.6,6.1,363,68.8,18.6,0,18.12,188,1,3
10/5/24 12:00,0.6,6.1,363,68.8,18.6,0,18.12,192,0.5,3
10/5/24 13:00,0.6,6.1,364,68.8,18.6,0,18.38,189,0.5,3
10/5/24 14:00,0.6,6.1,364,69.1,18.6,0,18.38,197,1.5,3
10/5/24 15:00,0.6,6.1,363,69.6,18.6,0,18.38,255,1.5,3
10/5/24 16:00,0.6,6.2,357,72.8,17.6,0,17.58,338,1,3
10/7/24 11:00,0.6,6,357,72.3,17.6,0,17.4,339,0.5,3
10/7/24 12:00,0.6,6,357,72.2,17.5,0,17.4,339,0,3
10/7/24 13:00,0.6,6,358,72.1,17.5,0,17.4,57,1.5,3
10/7/24 14:00,0.6,6,358,71.7,17.5,0,17.4,56,0.5,3
10/7/24 15:00,0.6,6,357,71.5,17.5,0,17.4,53,0.5,3
10/7/24 16:00,0.6,6.1,356,70.9,17,0,17.64,328,1.5,3
10/7/24 17:00,0.6,6.1,355,72.1,16.9,0,17.64,295,1,3
10/7/24 18:00,0.6,6.1,355,72.2,16.9,0,17.64,196,1,3
10/7/24 19:00,0.6,6.1,356,72.6,16.9,0,17.64,284,2.1,3
10/7/24 20:00,0.6,6.1,356,72.5,16.9,0,17.08,360,1.5,3
10/7/24 21:00,0.6,6.2,356,72.1,17,0,17.08,8,2.6,3
10/7/24 22:00,0.6,6,353,75.4,16.5,0,16.12,26,2.1,3
10/7/24 23:00,0.6,6,353,75.5,16.5,0,16.12,275,3.1,3
10/8/24 0:00,0.6,6,354,74.3,16.5,0,16.12,301,3.1,3
10/8/24 1:00,0.6,6,353,74.2,16.5,0,16.12,267,2.1,3
10/8/24 2:00,0.6,6.1,353,74.9,16.4,0,16.12,250,1.5,3
10/8/24 3:00,0.6,6.1,353,73.2,16.5,0,16.12,333,1.5,3
10/8/24 4:00,0.6,6.1,349,73.3,16,0,16.18,285,2.6,3
10/8/24 5:00,0.6,6.1,349,74.3,16.1,0,16.18,334,3.1,3
10/8/24 6:00,0.6,6.1,351,73.4,16.1,0,16.18,66,2.6,3
10/8/24 7:00,0.6,6.2,352,73.7,16.1,0,15.86,312,1,3
10/8/24 8:00,0.6,6,353,75,16,0,15.86,305,2.1,3
10/8/24 9:00,0.6,6,350,73.2,15.4,0,15.58,161,0,3
10/8/24 10:00,0.6,6,350,72.8,15.5,0,15.58,154,0,3
10/8/24 11:00,0.6,6,350,74.6,15.5,0,15.58,169,0,3
10/8/24 12:00,0.6,6,349,75,15.5,0,15.58,164,0,3
10/8/24 13:00,0.6,6.1,348,74.9,15.5,0,15.58,160,0,3
10/8/24 14:00,0.6,6.1,348,75.8,15.5,0,15.58,168,0,3
10/8/24 15:00,0.6,6.1,347,78.8,14.7,0,14.52,32,0,3
10/8/24 16:00,0.6,6.1,347,79.2,14.7,0,14.52,30,0,3
10/8/24 17:00,0.6,6.1,347,77.6,14.8,0,14.52,27,0,3
10/8/24 18:00,0.6,6.2,345,77.8,14.9,0,14.52,29,0,3
10/8/24 19:00,0.6,6,344,77.7,14.8,0,14.9,34,0,3
10/8/24 20:00,0.6,6,344,78.7,14.7,0,14.9,27,0,3
10/8/24 21:00,0.6,6,344,77.6,14.2,0,12.68,34,0,3
10/8/24 22:00,0.6,6,345,76.8,14.2,0,12.68,32,0,3
10/8/24 23:00,0.6,6.1,345,77.3,14.2,0,12.68,34,0,3
10/9/24 0:00,0.6,6.1,346,78.4,14.2,0,12.68,30,0,3
10/9/24 1:00,0.6,6.1,346,77.9,14.2,0,12.68,27,0,3
10/9/24 2:00,0.6,6.1,345,78.5,14.2,0,12.68,33,0,3
10/9/24 3:00,0.6,6.1,348,80.6,13.9,0,12.16,34,0,3
10/9/24 4:00,0.6,6.2,348,80.9,13.9,0,12.16,31,0,3
10/9/24 5:00,0.6,6,348,81.3,13.9,0,12.26,26,0,3
10/9/24 6:00,0.6,6,348,81.5,13.9,0,12.26,32,0,3
10/9/24 7:00,0.6,6,349,81.6,13.9,0,12.26,35,0,3
10/9/24 8:00,0.6,6,350,79.4,13.8,0,12.2,25,0,3
10/9/24 9:00,0.6,6,351,79,13.8,0,12.2,27,0,3
10/9/24 10:00,0.6,6.1,349,78.6,13.8,0,12.2,30,0,3
10/9/24 11:00,0.6,6.1,350,78,13.8,0,12.2,33,0,3
10/9/24 12:00,0.6,6.1,350,77.2,13.8,0,12.2,31,0,3
10/9/24 13:00,0.6,6.1,353,79.5,13.9,0,12.06,29,0,3
10/9/24 14:00,0.6,6.1,353,79.9,13.9,0,12.06,31,0,3
10/9/24 15:00,0.6,6.2,354,80,13.9,0,12.06,28,0,3
10/9/24 16:00,0.6,6,354,79.9,13.9,0,12.06,35,0,3
10/9/24 17:00,0.6,6,355,80.1,13.9,0,12.08,27,0,3
10/9/24 18:00,0.6,6,355,80.4,13.8,0,12.08,31,0,3
10/9/24 19:00,0.6,6,358,79.3,13.8,0,12.5,32,0,3
10/9/24 20:00,0.6,6.1,359,79.1,13.8,0,12.5,29,0,3
10/9/24 21:00,0.6,6.1,360,79.2,13.8,0,12.5,27,0,3
10/9/24 22:00,0.6,6.1,360,80.6,13.8,0,12.5,35,0,3
10/9/24 23:00,0.6,6.1,360,78.3,13.9,0,12.5,31,0,3
10/10/24 0:00,0.6,6.1,360,79,13.9,0,12.5,29,0,3
10/10/24 1:00,0.6,6.2,361,77.7,13.8,4,12.16,25,0,3
10/10/24 2:00,0.6,6,360,79.9,13.9,4,12.16,30,0,3
10/10/24 3:00,0.6,6,361,79.2,13.8,4,12.28,28,0,3
10/10/24 4:00,0.6,6,360,78.9,13.8,3,12.28,32,0,3
10/10/24 5:00,0.6,6,360,79.8,13.9,2,12.28,32,0,3
10/10/24 6:00,0.6,6,360,79.6,13.9,2,12.28,32,0,3
10/10/24 7:00,0.6,6.1,369,80.4,15,102,12.88,33,0,3
10/10/24 8:00,0.6,6.1,369,80.9,15,102,12.88,35,0,3
10/10/24 9:00,0.6,6.1,369,77,15.1,106,12.88,29,0,3
10/10/24 10:00,0.6,6.1,370,77.7,15.1,108,12.88,29,0,3
10/10/24 11:00,0.6,6.1,370,77.8,15.1,108,12.88,30,0,3
10/10/24 12:00,0.6,6.2,371,77.8,15.1,108,12.9,25,0,3
10/10/24 13:00,0.6,6,383,73.5,17.2,169,14.5,348,3.6,3
10/10/24 14:00,0.6,6,383,72,17.3,167,14.5,341,2.1,3
10/10/24 15:00,0.6,6,383,72.3,17.3,169,14.5,344,0.5,3
10/10/24 16:00,0.6,6,383,72.2,17.3,172,14.72,344,1,3
10/10/24 17:00,0.6,6.1,382,71.4,17.3,172,14.72,345,0.5,3
10/10/24 18:00,0.6,6.1,381,71.4,17.3,172,14.72,287,2.1,3
10/10/24 19:00,0.6,6.1,415,52.5,26,421,16.42,65,0,3
10/10/24 20:00,0.6,6.1,416,52.1,26,431,16.42,62,0,3
10/10/24 21:00,0.6,6.1,416,52.9,26.1,444,16.42,63,0,3
10/10/24 22:00,0.6,6.2,419,52.6,26.1,437,16.42,71,0,3
10/10/24 23:00,0.6,6,424,52.6,26.1,430,16.42,79,0,3
10/11/24 0:00,0.5,6.1,424,52.7,26,430,16.42,188,1,3
10/11/24 1:00,0.9,6.1,424,50.1,28.8,664,17.04,40,3.6,3
10/11/24 2:00,0.9,6,425,49.9,28.8,666,17.04,33,4.2,3
10/11/24 3:00,1,6.1,426,49.9,28.8,666,17.04,29,2.6,3
10/11/24 4:00,1,6.1,426,49.6,28.8,667,17.22,23,2.1,3
10/11/24 5:00,1,6.1,424,49.3,28.8,667,17.22,31,2.1,3
10/11/24 6:00,1,6.1,424,49.2,28.8,666,17.22,0,2.1,3
10/11/24 7:00,1,6.1,408,34.1,30.5,809,17.86,347,1.5,3
10/11/24 8:00,1,6.2,407,34.1,30.5,808,17.86,53,3.6,3
10/11/24 9:00,1,6.2,407,33.9,30.5,806,17.86,30,3.1,3
10/11/24 10:00,1,6.2,406,33.7,30.5,803,17.86,42,2.6,3
10/11/24 11:00,1,6.2,406,33.6,30.5,802,17.86,53,3.1,3
10/11/24 12:00,0.5,6.1,406,33.5,30.5,801,17.86,65,2.1,3
10/11/24 13:00,0.9,6.1,410,36.2,30,681,18.8,247,1.5,3
10/11/24 14:00,0.9,6,410,36.1,29.9,681,18.8,228,2.1,3
10/11/24 15:00,1,6.1,410,36.1,29.9,675,18.96,333,2.1,3
10/11/24 16:00,1,6.1,410,36.1,29.9,675,18.96,287,2.1,3
10/11/24 17:00,1,6.1,411,35.9,29.9,675,18.96,275,2.6,3
10/11/24 18:00,1,6.1,396,31.5,29.6,470,19.46,38,1,3
10/11/24 19:00,1,6.1,395,31.7,29.6,469,19.46,35,1,3
10/11/24 20:00,1,6.2,395,32,29.6,467,19.46,37,0.5,3
10/11/24 21:00,1,6.2,396,32.1,29.6,468,19.46,39,1,3
10/11/24 22:00,1,6.2,397,33.3,29.6,468,19.46,39,1,3
10/11/24 23:00,1,6.2,397,33.6,29.6,467,19.7,39,1,3
10/12/24 0:00,1,6.2,387,35.2,28.4,465,19.48,319,0.5,3
10/12/24 1:00,1,6.2,389,35.4,28.4,465,19.26,322,0,3
10/12/24 2:00,1,6.3,389,35.5,28.4,464,19.26,320,0.5,3
10/12/24 3:00,1,6.3,389,34.8,28.4,464,19.26,317,0.5,3
10/12/24 4:00,1,6.3,389,34.5,28.4,462,19.26,320,0.5,3
10/12/24 5:00,1,6.3,403,35.2,29.3,239,19.86,128,1,3
10/12/24 6:00,1,6.3,402,35.2,29.3,238,19.86,128,0.5,3
10/12/24 7:00,1,6.3,402,35.3,29.4,236,19.86,128,1,3
10/12/24 8:00,1,6.3,401,35.3,29.4,234,19.86,129,1,3
10/12/24 9:00,1.1,6.2,400,35.7,29.3,234,19.86,149,1,3
10/12/24 10:00,1.1,6.1,400,35.6,29.4,235,19.84,151,1.5,3
10/12/24 11:00,1,6.1,393,38.3,28,8,19.06,216,1,3
10/12/24 12:00,1,6.1,394,38.4,27.9,7,19.06,200,1.5,3
10/12/24 13:00,0.9,6.1,395,38.6,27.9,8,18.98,199,0.5,3
10/12/24 14:00,0.9,6,396,37.9,28,9,18.98,198,0.5,3
10/12/24 15:00,1.2,6,396,38.1,28,9,18.98,196,1,3
10/12/24 16:00,1.2,6,395,38.4,27.9,8,18.98,233,2.1,3
10/12/24 17:00,1.2,6,379,49.7,24,0,17.98,306,1.5,3
10/12/24 18:00,1.1,6.1,380,48.7,24,0,17.98,306,1.5,3
10/12/24 19:00,1.1,6.1,381,48.1,24,0,17.98,306,1,3
10/12/24 20:00,1.1,6.2,382,48.4,24,0,17.98,303,1.5,3
10/12/24 21:00,1.2,6.2,383,48.4,24,0,18.02,304,1,3
10/12/24 22:00,1.1,6.2,370,56.5,21.2,0,16.28,271,1,3
10/12/24 23:00,1.2,6.2,370,56.5,21.1,0,16.38,276,0.5,3
10/13/24 0:00,1.1,6.2,371,56.5,21.2,0,16.38,274,1,3
10/13/24 1:00,1.2,6.2,372,55.9,21.2,0,16.38,274,1,3
10/13/24 2:00,1.1,6.3,372,56.3,21.2,0,16.38,58,1.5,3
10/13/24 3:00,1.2,6.3,373,56.5,21.2,0,16.38,59,1,3
10/13/24 4:00,1.1,6.3,375,62.6,19.1,0,13.74,37,0,3
10/13/24 5:00,1.1,6.3,374,63.4,19,0,13.74,35,0,3
10/13/24 6:00,1.2,6.3,375,62.6,19,0,13.74,36,0,3
10/13/24 7:00,1.2,6.3,374,62.9,19,0,13.74,37,0,3
10/13/24 8:00,1.2,6.3,374,63.3,19,0,13.88,37,0,3
10/13/24 9:00,1,6.2,371,65.6,17.9,0,13.12,62,0,3
10/13/24 10:00,1.1,6.2,371,67,17.9,0,13.12,62,0,3
10/13/24 11:00,1.1,6.1,371,67.4,17.8,0,13.12,61,0,3
10/13/24 12:00,1.1,6.1,370,68.4,17.8,0,13.24,60,0,3
10/13/24 13:00,1,6.1,371,68.6,17.8,0,13.24,64,0,3
10/13/24 14:00,1.2,6,371,67.8,17.9,0,13.24,63,0,3
10/13/24 15:00,1.2,6,375,70.6,16.9,0,12.58,61,0,3
10/13/24 16:00,1.2,6,374,70.4,16.9,0,12.58,64,0,3
10/13/24 17:00,1.2,6.1,374,69.5,17,0,12.58,64,0,3
10/13/24 18:00,1.2,6.1,374,70.1,16.9,0,12.58,33,0,3
10/13/24 19:00,1.2,6.1,373,69.8,17,0,12.58,61,0,3
10/13/24 20:00,1.2,6.1,373,70.2,16.9,0,12.58,61,0,3
10/13/24 21:00,1.2,6.2,379,71.7,16.1,0,12.24,64,0,3
10/13/24 22:00,1.2,6.2,378,73.3,16.2,0,12.24,60,0,3
10/13/24 23:00,1.2,6.2,378,73.9,16.1,0,12.24,61,0,3
10/14/24 0:00,1.2,6.2,378,74.3,16.1,0,11.8,63,0,3
10/14/24 1:00,1.2,6.2,377,74.6,16.1,0,11.8,62,0,3
10/14/24 2:00,1.2,6.2,377,74.2,16.1,0,11.8,62,0,3
10/14/24 3:00,1.2,6.2,375,75.1,15.6,0,11.04,58,0,3
10/14/24 4:00,1.2,6.2,374,75.1,15.6,0,11.04,63,0,3
10/14/24 5:00,1.2,6.2,375,75.4,15.6,0,11.04,60,0,3
10/14/24 6:00,1.2,6.2,375,75.3,15.6,0,11.04,62,0,3
10/14/24 7:00,1.2,6.3,376,74.7,15.6,0,11.04,60,0,3
10/14/24 8:00,1.2,6.3,376,75,15.6,0,11.04,60,0,3
10/14/24 9:00,1.1,6.1,379,74.4,15.1,0,11.18,59,0,3
10/14/24 10:00,1.1,6.2,379,74,15.1,0,11.32,61,0,3
10/14/24 11:00,1.1,6.1,379,73.9,15.1,0,11.32,61,0,3
10/14/24 12:00,1,6.1,379,74.3,15.1,0,11.32,61,0,3
10/14/24 13:00,1,6.1,379,73.8,15.1,0,11.32,62,0,3
10/14/24 14:00,1,6.1,377,77,14.7,0,11.26,60,0,3
10/14/24 15:00,1.1,6.1,379,78.1,14.7,0,11.26,61,0,3
10/14/24 16:00,1.1,6.1,379,78.7,14.7,0,11.26,59,0,3
10/14/24 17:00,1.1,6.1,380,80.1,14.7,0,11.26,59,0,3
10/14/24 18:00,1.1,6.1,380,80.2,14.7,0,11.16,59,0,3
10/14/24 19:00,1.1,6.1,381,80,14.6,0,11.16,58,0,3
10/14/24 20:00,1.1,6.1,380,74.5,14.4,0,10.7,57,0,3
10/14/24 21:00,1.1,6.2,379,73.9,14.4,0,10.6,61,0,3
10/14/24 22:00,1.1,6.2,379,75.5,14.4,0,10.6,60,0,3
10/14/24 23:00,1.1,6.2,379,75.2,14.4,0,10.6,62,0,3
10/15/24 0:00,1.1,6.2,378,76.4,14.4,0,10.6,63,0,3
10/15/24 1:00,1.1,6.2,378,75.7,14.4,0,10.6,59,0,3
10/15/24 2:00,1.1,6.2,382,78.9,13.8,0,10.26,58,0,3
10/15/24 3:00,1.1,6.2,382,79.1,13.8,0,10.26,61,0,3
10/15/24 4:00,1.1,6.2,381,78.4,13.8,0,10.26,63,0,3
10/15/24 5:00,1.1,6.3,381,76.8,13.8,0,10.12,61,0,3
10/15/24 6:00,1.1,6.2,381,77.1,13.8,0,10.12,59,0,3
10/15/24 7:00,1.1,6.2,380,78.6,13.8,0,10.12,58,0,3
10/15/24 8:00,1.1,6.2,379,77.7,13.5,0,9.7,60,0,3
10/15/24 9:00,1.1,6.1,380,77.5,13.5,0,10,61,0,3
10/15/24 10:00,1.1,6.2,380,78.2,13.5,0,10,60,0,3
10/15/24 16:00,1,6.1,380,77.8,13.5,0,10,64,0,3
10/15/24 17:00,1,6.1,380,78.3,13.5,0,10,62,0,3
10/15/24 18:00,1.1,6.1,380,78.5,13.5,0,10,60,0,3
10/15/24 19:00,1.1,6.1,383,75,13.4,0,10.14,63,0,3
10/15/24 20:00,0.9,6.1,381,75.2,13.4,0,10.14,62,0,3
10/15/24 21:00,0.9,6.1,381,74.2,13.4,0,10.14,62,0,3
10/15/24 22:00,0.9,6.1,381,74.9,13.4,0,10.02,65,0,3
10/15/24 23:00,0.9,6.1,381,74.7,13.4,0,10.02,65,0,3
10/16/24 0:00,0.9,6.1,382,74.3,13.4,0,10.02,61,0,3
10/16/24 1:00,0.9,6.2,387,77.6,13.4,0,10,60,0,3
10/16/24 2:00,0.9,6.2,387,74.9,13.4,0,10,64,0,3
10/16/24 3:00,0.9,6.2,386,76.9,13.4,0,10,63,0,3
10/16/24 4:00,0.9,6.2,386,77.9,13.4,0,10,60,0,3
10/16/24 5:00,0.9,6.2,387,78.1,13.4,0,10,65,0,3
10/16/24 6:00,0.9,6.2,387,77.4,13.4,0,10.12,63,0,3
10/16/24 7:00,0.9,6.2,395,76.1,15.5,64,11.02,64,0,3
10/16/24 8:00,0.9,6.3,397,76,15.6,71,11.02,63,0,3
10/16/24 9:00,0.9,6.2,399,77,15.6,78,11.02,63,0,3
10/16/24 10:00,0.9,6.3,399,77.5,15.6,89,11.18,66,0,3
10/16/24 11:00,0.9,6.3,398,77.5,15.5,99,11.18,65,0,3
10/16/24 12:00,0.9,6.3,399,77.5,15.5,112,11.18,62,0,3
10/16/24 13:00,0.9,6.3,425,62.9,22.6,316,14.18,103,0.5,3
10/16/24 14:00,1,6.1,425,63,22.6,316,14.18,105,0.5,3
10/16/24 15:00,1,6.1,424,63.1,22.7,318,14.18,105,0.5,3
10/16/24 16:00,1,6.1,425,63.5,22.7,324,14.18,104,0,3
10/16/24 17:00,1,6.1,425,63.5,22.7,323,14.14,107,0,3
10/16/24 18:00,1,6.1,448,53.9,26.1,250,15.62,157,0,3
10/16/24 19:00,1.1,6,448,53.6,26.1,254,15.68,160,0,3
10/16/24 20:00,0.9,6.1,447,53.5,26.2,270,15.68,160,0,3
10/16/24 21:00,0.9,6,448,53,26.2,274,15.68,161,0,3
10/16/24 22:00,0.9,6,449,53.6,26.2,276,15.68,162,0,3
10/16/24 23:00,0.9,6.1,438,40,31.9,592,18.84,126,2.6,3
10/17/24 0:00,0.9,6.1,438,39.8,31.9,574,18.84,127,2.1,3
10/17/24 1:00,0.9,6.1,438,39.7,32,549,18.84,122,1,3
10/17/24 2:00,0.9,6.2,437,39.6,32,520,18.84,91,1.5,3
10/17/24 3:00,0.9,6.2,437,40,32,505,18.84,94,1.5,3
10/17/24 4:00,0.9,6.2,436,40,32,508,18.7,71,2.6,3
10/17/24 5:00,0.9,6.2,408,43.4,29.7,348,18.74,325,0,3
10/17/24 6:00,0.9,6.2,408,42.8,29.7,344,18.74,65,0,3
10/17/24 7:00,0.9,6.3,408,42.2,29.7,339,18.74,128,1.5,3
10/17/24 8:00,0.9,6.3,407,42.5,29.7,334,18.74,122,1,3
10/17/24 9:00,0.9,6.3,408,42.7,29.6,334,18.74,126,1,3
10/17/24 10:00,0.9,6.3,408,42.2,29.6,333,18.74,67,0.5,3
10/17/24 11:00,0.9,6.3,384,50.9,26,176,18.34,141,1,3
10/17/24 12:00,0.9,6.3,384,50.9,26,172,18.34,138,0.5,3
10/17/24 13:00,0.9,6.3,384,51.7,26,171,18.34,114,1,3
10/17/24 14:00,1.1,6.2,385,51.5,26.1,171,18.34,99,2.1,3
10/17/24 15:00,1.1,6.2,385,52.1,26.1,170,18.32,92,1.5,3
10/17/24 16:00,1,6,383,60.5,24,113,15.98,112,1,3
10/17/24 17:00,1,5.9,382,60.3,24,113,15.98,115,1,3
10/17/24 18:00,0.8,5.9,382,60.9,24,113,15.88,77,2.1,3
10/17/24 19:00,0.7,5.9,383,61.3,24,112,15.88,119,2.1,3
10/17/24 20:00,0.7,5.9,384,61.5,24,109,15.88,121,1.5,3
10/17/24 21:00,0.7,5.9,384,60.9,24,107,15.88,120,1,3
10/17/24 22:00,0.7,5.9,392,61.3,23.7,47,16.64,75,0,3
10/17/24 23:00,0.7,5.8,392,61.1,23.7,48,16.64,74,0,3
10/18/24 0:00,0.7,5.9,391,60.9,23.8,47,16.64,75,0,3
10/18/24 1:00,0.7,5.9,392,62.3,23.8,50,16.64,75,0,3
10/18/24 2:00,0.7,5.9,392,62.1,23.7,50,16.64,77,0,3
10/18/24 3:00,0.7,5.9,392,62,23.8,51,16.64,73,0,3
10/18/24 4:00,0.7,5.9,389,64.4,22.5,9,16.82,83,1.5,3
10/18/24 5:00,0.7,5.9,387,64.5,22.6,9,16.58,81,1,3
10/18/24 6:00,0.7,5.9,386,64.5,22.6,10,16.58,84,1.5,3
10/18/24 7:00,0.7,5.9,385,65.6,22.6,10,16.58,83,0.5,3
10/18/24 8:00,0.7,5.9,385,66.2,22.5,10,16.58,79,0.5,3
10/18/24 9:00,0.7,5.9,379,71.8,20.3,2,14.82,339,0.5,3
10/18/24 10:00,0.7,5.9,380,71.9,20.4,2,14.82,337,1,3
10/18/24 11:00,0.7,5.9,380,71.8,20.4,1,14.82,334,0.5,3
10/18/24 12:00,0.7,5.9,381,72,20.3,1,14.82,335,0,3
10/18/24 13:00,0.7,5.9,381,72.1,20.3,1,14.44,332,0,3
10/18/24 14:00,0.7,6,381,70.3,20.3,1,14.44,336,0.5,3
10/18/24 15:00,0.7,6,373,76.4,19,0,14.12,248,0,3
10/18/24 16:00,0.7,6,372,77.2,19,0,14.12,246,0,3
10/18/24 17:00,0.7,6,369,75.8,19,0,14.36,244,0,3
10/18/24 18:00,0.7,5.9,369,76,19,0,14.36,246,0,3
10/18/24 19:00,0.7,5.9,368,75,19,1,14.36,249,0,3
10/18/24 20:00,0.7,5.9,368,75.7,19,1,14.36,249,0,3
10/18/24 21:00,0.7,5.9,370,79.1,17.9,0,14.38,121,0.5,3
10/18/24 22:00,0.7,5.9,371,79,17.9,0,14.38,116,0.5,3
10/18/24 23:00,0.7,5.9,371,79.2,18,0,14.38,114,0.5,3
10/19/24 0:00,0.7,5.9,370,79.4,18,0,14.38,119,1,3
10/19/24 1:00,0.7,5.9,369,78.8,18,0,14.38,120,1.5,3
10/19/24 2:00,0.7,5.9,368,80.3,18,0,14.12,116,1,3
10/19/24 3:00,0.7,5.9,374,78.5,16.6,0,12.88,41,0.5,3
10/19/24 4:00,0.7,5.9,374,77.7,16.6,0,12.88,39,0.5,3
10/19/24 5:00,0.7,5.9,375,78,16.6,0,12.62,41,0,3
10/19/24 6:00,0.7,5.9,375,77.4,16.6,0,12.62,39,0,3
10/19/24 7:00,0.7,5.9,374,77.6,16.6,0,12.62,31,0,3
10/19/24 8:00,0.7,5.9,373,78.1,16.6,0,12.62,38,0,3
10/19/24 9:00,0.7,5.9,369,77.6,15.8,0,11.86,54,0,3
10/19/24 10:00,0.7,5.9,369,77.9,15.7,0,11.86,49,0,3
10/19/24 11:00,0.7,5.9,369,78.5,15.7,0,11.86,52,0,3
10/19/24 12:00,0.7,5.9,371,76.3,15.7,0,11.86,52,0,3
10/19/24 13:00,0.7,5.9,372,76.9,15.7,0,11.86,48,0,3
10/19/24 14:00,0.7,6.1,374,80.3,15,0,11.12,55,0,3
10/19/24 15:00,0.7,6,375,78.7,15,0,11.12,46,0,3
10/19/24 16:00,0.7,6,376,78.1,15,0,11.12,53,0,3
10/19/24 17:00,0.7,6,377,78.3,15,0,11.74,51,0,3
10/19/24 18:00,0.8,6,375,78.9,15,0,11.74,53,0,3
10/19/24 19:00,0.8,5.9,374,78.3,15,0,11.74,50,0,3
10/19/24 20:00,0.8,5.9,375,81,14.4,0,11.92,50,0,3
10/19/24 21:00,0.8,5.9,376,80.7,14.5,0,11.92,52,0,3
10/19/24 22:00,0.8,5.9,375,81,14.4,0,11.92,55,0,3
10/19/24 23:00,0.8,5.9,375,81,14.4,0,11.92,53,0,3
10/20/24 0:00,0.8,5.9,374,81.8,14.4,0,11.92,44,0,3
10/20/24 1:00,0.8,5.9,373,82.1,14.4,0,11.7,44,0,3
10/20/24 2:00,0.8,5.9,372,78,13.9,0,11.58,51,0,3
10/20/24 3:00,0.8,5.9,371,78,13.9,0,11.58,52,0,3
10/20/24 4:00,0.7,5.9,371,78.7,13.9,0,11.58,51,0,3
10/20/24 5:00,0.8,5.9,371,79.1,13.9,0,11.4,56,0,3
10/20/24 6:00,0.8,5.9,372,79.1,13.9,0,11.4,48,0,3
10/20/24 7:00,0.8,5.9,373,79.5,14,0,11.4,46,0,3
10/20/24 8:00,0.8,5.9,370,84.5,13.7,0,11.66,56,0,3
10/20/24 9:00,0.8,5.9,371,84,13.7,0,11.66,52,0,3
10/20/24 10:00,0.8,5.9,372,82.5,13.7,0,11.66,47,0,3
10/20/24 11:00,0.8,5.9,372,83,13.7,0,11.66,47,0,3
10/20/24 12:00,0.8,5.9,373,83.7,13.7,0,11.66,45,0,3
10/20/24 13:00,0.8,5.9,374,83.7,13.7,0,11.16,48,0,3
10/20/24 14:00,0.7,6.1,374,86.3,13.4,0,12.12,56,0,3
10/20/24 15:00,0.7,6,376,85.5,13.4,0,11.7,51,0,3
10/20/24 16:00,0.7,5.9,377,86,13.4,0,11.7,48,0,3
10/20/24 17:00,0.8,5.9,376,84.6,13.4,0,11.7,49,0,3
10/20/24 18:00,0.7,5.9,375,84.3,13.4,0,11.7,53,0,3
10/20/24 19:00,0.7,5.8,374,83.3,13.4,0,11.7,50,0,3
10/20/24 20:00,0.7,5.9,377,79.6,13.1,0,10.76,48,0,3
10/20/24 21:00,0.7,5.9,376,79.8,13.1,0,10.76,53,0,3
10/20/24 22:00,0.7,5.9,375,80,13.2,0,10.76,53,0,3
10/20/24 23:00,0.7,5.9,375,79.9,13.2,0,10.76,54,0,3
10/21/24 0:00,0.7,5.9,376,81.2,13.1,0,10.94,48,0,3
10/21/24 1:00,0.7,5.9,376,81.2,13.2,0,10.94,46,0,3
10/21/24 2:00,0.7,5.9,379,80.3,12.9,0,9.64,51,0,3
10/21/24 3:00,0.7,5.9,378,80.5,12.9,0,10.44,54,0,3
10/21/24 4:00,0.7,5.9,376,82.4,12.9,0,10.44,34,0,3
10/21/24 5:00,0.7,5.9,375,83.2,12.9,0,10.44,62,0,3
10/21/24 6:00,0.7,5.9,375,83,12.9,0,10.44,60,0,3
10/21/24 7:00,0.7,5.9,375,84,12.9,0,10.44,55,0,3
10/21/24 8:00,0.7,5.9,383,79.9,12.7,0,11.16,49,0,3
10/21/24 9:00,0.7,6,383,80.4,12.7,0,11.16,51,0,3
10/21/24 10:00,0.7,6,382,79.5,12.6,0,11.16,49,0,3
10/21/24 11:00,0.7,6,381,79.5,12.6,0,11.16,48,0,3
10/21/24 12:00,0.7,6,381,80,12.6,0,10.86,51,0,3
10/21/24 13:00,0.7,6,380,78.8,12.6,0,10.86,49,0,3
10/21/24 14:00,0.7,6.1,384,83.6,12.3,0,10.38,49,0,3
10/21/24 15:00,0.7,6,384,81.4,12.3,0,10.38,49,0,3
10/21/24 16:00,1,6,384,83.3,12.3,0,10.38,57,0,3
10/21/24 17:00,1,6,383,83.3,12.3,0,10.38,52,0,3
10/21/24 18:00,1,6,383,83.3,12.3,0,10.38,51,0,3
10/21/24 19:00,0.8,6,382,82.7,12.3,0,10.38,53,0,3
10/21/24 20:00,0.7,6.1,387,80.5,12.4,9,10.36,57,0,3
10/21/24 21:00,0.7,6,387,81.5,12.4,8,10.36,52,0,3
10/21/24 22:00,0.7,5.9,388,80.7,12.4,8,10.36,51,0,3
10/21/24 23:00,0.8,5.9,388,80.5,12.4,8,10.36,48,0,3
10/22/24 0:00,0.7,5.9,387,80.4,12.4,8,10.52,50,0,3
10/22/24 1:00,0.7,5.8,386,81.3,12.4,8,10.52,45,0,3
10/22/24 2:00,0.7,5.9,412,76.6,15.8,121,11.22,199,0.5,3
10/22/24 3:00,0.7,5.9,411,77.3,15.8,117,10.76,186,0.5,3
10/22/24 4:00,0.7,5.9,409,78.8,15.8,117,10.76,198,0.5,3
10/22/24 5:00,0.7,5.9,408,79.3,15.8,117,10.76,192,1,3
10/22/24 6:00,0.7,5.9,408,79,15.8,117,10.76,193,1.5,3
10/22/24 7:00,0.7,5.9,408,79,15.8,119,10.76,196,1,3
10/22/24 8:00,0.7,5.9,448,62.6,24.4,339,14.28,94,1,3
10/22/24 9:00,0.7,5.9,450,62.4,24.4,340,14.28,181,1,3
10/22/24 10:00,0.7,5.9,450,63.1,24.4,339,14.28,187,1,3
10/22/24 11:00,0.7,5.9,450,63,24.5,343,14.28,180,1.5,3
10/22/24 12:00,0.8,5.9,450,63.5,24.5,348,14.28,184,1,3
10/22/24 13:00,0.8,5.9,449,63.8,24.5,347,14.42,184,1,3
10/22/24 14:00,0.8,5.9,441,46.5,29.6,544,15.08,190,2.1,3
10/22/24 15:00,0.8,5.9,441,47.5,29.6,542,15.08,197,1,3
10/22/24 16:00,0.7,5.9,442,48.3,29.6,542,15.12,187,0.5,3
10/22/24 17:00,0.8,5.9,445,48.1,29.7,543,15.12,197,1,3
10/22/24 18:00,0.8,5.9,447,48.1,29.6,544,15.12,194,0.5,3
10/22/24 19:00,0.8,5.9,447,48.2,29.7,546,15.12,190,0,3
10/22/24 20:00,0.8,5.9,451,44.4,32.5,686,17.34,207,1,3
10/22/24 21:00,0.8,5.9,451,44.4,32.5,687,17.34,221,1.5,3
10/22/24 22:00,0.8,5.9,451,43.8,32.5,687,17.34,210,0.5,3
10/22/24 23:00,0.8,5.9,450,43.6,32.6,686,17.34,214,1.5,3
10/23/24 0:00,0.8,5.9,451,44.4,32.6,690,17.36,172,1,3
10/23/24 1:00,0.8,5.9,429,40.6,33.6,264,18.68,210,2.6,3
10/23/24 2:00,0.7,6.1,429,41.2,33.6,287,18.68,198,2.1,3
10/23/24 3:00,0.7,6,430,40.8,33.6,362,18.82,193,1.5,3
10/23/24 4:00,0.7,5.9,431,40.8,33.6,432,18.82,192,2.1,3
10/23/24 5:00,0.8,5.9,430,41,33.5,432,18.82,194,1.5,3
10/23/24 6:00,0.7,5.9,431,40.9,33.6,503,18.82,190,1.5,3
10/23/24 7:00,0.7,5.8,408,41.7,33.2,746,20.74,280,0,3
10/23/24 8:00,0.7,5.9,409,41.4,33.3,739,20.74,279,0,3
10/23/24 9:00,0.7,5.9,409,41.5,33.3,735,20.74,282,1.5,3
10/23/24 10:00,0.7,5.9,408,41.7,33.3,731,20.74,278,1,3
10/23/24 11:00,0.7,5.9,407,41.6,33.3,731,20.74,285,0.5,3
10/23/24 12:00,0.8,5.9,406,41.8,33.3,732,20.74,304,1.5,3
10/23/24 13:00,0.8,5.9,407,35.1,34.4,606,22.5,2,2.1,3
10/23/24 14:00,0.8,5.9,406,35.3,34.4,603,22.5,0,2.1,3
10/23/24 15:00,0.8,5.9,406,35.1,34.4,606,22.5,1,1.5,3
10/23/24 16:00,0.7,5.9,406,35.3,34.5,606,22.44,354,2.1,3
10/23/24 17:00,0.8,5.9,406,35.1,34.5,607,22.44,360,2.1,3
10/23/24 18:00,0.8,5.9,406,34.6,34.5,606,22.44,5,1.5,3
10/23/24 19:00,0.8,5.9,405,37.4,33.5,446,22.94,23,1,3
10/23/24 20:00,0.8,5.9,406,37.5,33.5,445,22.94,19,1,3
10/23/24 21:00,0.8,5.9,407,37,33.5,444,22.94,22,1.5,3
10/23/24 22:00,0.8,5.9,407,37,33.5,442,22.94,20,1,3
10/23/24 23:00,0.8,5.9,408,36.9,33.5,445,22.94,22,1.5,3
10/24/24 0:00,0.8,5.9,409,36.3,33.6,445,22.96,24,2.1,3
10/24/24 1:00,0.8,5.9,411,42.1,31.9,229,23.52,28,0.5,3
10/24/24 2:00,0.7,6.1,412,40.5,31.9,231,23.52,28,0.5,3
10/24/24 3:00,0.7,6,412,39.6,31.9,231,23.52,25,1.5,3
10/24/24 4:00,0.7,5.9,412,39.2,31.9,231,23.52,29,1.5,3
10/24/24 5:00,0.8,5.9,411,38.5,31.9,229,23.3,25,1,3
10/24/24 6:00,0.7,5.9,411,38.3,31.9,227,23.3,27,1,3
10/24/24 7:00,0.7,5.8,391,42.9,29.5,4,21.84,60,0.5,3
10/24/24 8:00,0.7,5.9,391,43.6,29.5,4,21.84,58,0,3
10/24/24 9:00,0.7,5.9,390,43.6,29.4,1,21.84,58,0.5,3
10/24/24 10:00,0.7,5.9,390,43.6,29.4,1,21.84,64,0.5,3
10/24/24 11:00,0.7,5.9,390,43.7,29.4,1,21.84,59,1,3
10/24/24 12:00,0.8,5.9,389,43.5,29.5,1,21.84,60,0.5,3
10/24/24 13:00,0.8,5.9,374,53.3,25.5,3,20.4,0,0.5,3
10/24/24 14:00,0.8,5.9,374,53.5,25.4,3,20.4,0,0,3
10/24/24 15:00,0.8,5.9,373,53.5,25.4,3,20.4,0,0.5,3
10/24/24 16:00,0.7,5.9,372,53.6,25.4,3,20.22,0,1,3
10/24/24 17:00,0.8,5.9,372,52.3,25.4,3,20.22,4,2.1,3
10/24/24 18:00,0.8,5.9,371,51.4,25.4,3,20.22,1,1.5,3
10/24/24 19:00,0.8,5.9,369,62.5,21.9,0,17.3,55,0,3
10/24/24 20:00,0.8,5.9,369,62.6,21.9,0,16.88,57,0,3
10/24/24 21:00,0.8,5.9,369,62.6,21.9,0,16.88,56,0,3
10/24/24 22:00,0.8,5.9,368,62.4,21.9,0,16.88,60,0,3
10/24/24 23:00,0.8,5.9,368,62.4,21.9,0,16.88,55,0,3
10/25/24 0:00,0.8,5.9,369,62.7,21.9,0,16.88,57,0,3
10/25/24 1:00,0.8,5.9,368,66.4,19.9,0,17,19,0,3
10/25/24 2:00,0.7,6.1,367,67.1,19.9,0,17,22,0,3
10/25/24 3:00,0.7,6,367,66.7,19.9,0,17,20,0,3
10/25/24 4:00,0.7,5.9,367,66.8,20,0,17,19,0,3
10/25/24 5:00,0.8,5.9,367,66.7,20,0,17,22,0,3
10/25/24 6:00,0.7,5.9,367,67.8,19.9,0,16.76,22,0,3
10/25/24 7:00,0.7,5.8,371,73.5,18.7,0,15.72,36,0,3
10/25/24 8:00,0.7,5.9,371,72.5,18.8,0,15.72,35,0,3
10/25/24 9:00,0.7,5.9,370,72,18.7,0,15.64,32,0,3
10/25/24 10:00,0.7,5.9,370,71.9,18.7,0,15.64,34,0,3
10/25/24 11:00,0.7,5.9,371,71.9,18.7,0,15.64,36,0,3
10/25/24 12:00,0.8,5.9,371,71.5,18.7,0,15.64,36,0,3
10/25/24 13:00,0.8,5.9,376,73.8,17.8,0,15.24,31,0,3
10/25/24 14:00,0.8,5.9,376,74.8,17.8,0,15.24,34,0,3
10/25/24 15:00,0.8,5.9,377,74.4,17.8,0,15.24,31,0,3
10/25/24 16:00,0.7,5.9,377,75.2,17.8,0,15.24,35,0,3
10/25/24 17:00,0.8,5.9,377,73.6,17.7,0,15.24,34,0,3
10/25/24 18:00,0.8,5.9,378,73,17.8,0,15.28,35,0,3
10/25/24 19:00,0.8,5.9,379,76.4,17.1,0,14.44,34,0,3
10/25/24 20:00,0.8,5.9,378,76.6,17.1,0,14.44,34,0,3
10/25/24 21:00,0.8,5.9,378,76.5,17.1,0,14.44,35,0,3
10/25/24 22:00,0.8,5.9,379,77.1,17.1,0,14.66,35,0,3
10/25/24 23:00,0.8,5.9,380,76.8,17.1,0,14.66,32,0,3
10/26/24 0:00,0.8,5.9,381,75.9,17.1,0,14.66,33,0,3
10/26/24 1:00,0.8,5.9,380,75.3,16.4,0,13.32,37,0,3
10/26/24 2:00,0.7,6.1,381,75,16.4,0,13.32,31,0,3
10/26/24 3:00,0.7,6,381,73.9,16.4,0,13.32,35,0,3
10/26/24 4:00,0.7,5.9,381,74.4,16.4,0,13.32,36,0,3
10/26/24 5:00,0.8,5.9,382,75.2,16.4,0,13.32,33,0,3
10/26/24 6:00,0.7,5.9,382,76.2,16.3,0,13.32,34,0,3
10/26/24 7:00,0.7,5.8,386,80.6,15.8,0,13.24,33,0,3
10/26/24 8:00,0.7,5.9,386,79.2,15.8,0,13.24,35,0,3
10/26/24 9:00,0.7,5.9,385,77.3,15.8,0,13.24,35,0,3
10/26/24 10:00,0.7,5.9,386,76.5,15.8,0,13.18,36,0,3
10/26/24 11:00,0.7,5.9,385,77,15.8,0,13.18,37,0,3
10/26/24 12:00,0.8,5.9,384,77.2,15.8,0,13.18,35,0,3
10/26/24 13:00,0.8,5.9,383,80.9,15.2,0,12.62,33,0,3
10/26/24 14:00,0.8,5.9,383,81.5,15.2,0,12.62,36,0,3
10/26/24 15:00,0.8,5.9,383,81.7,15.2,0,12.62,34,0,3
10/26/24 16:00,0.7,5.9,382,82.4,15.2,0,12.62,33,0,3
10/26/24 17:00,0.8,5.9,382,82.4,15.2,0,12.62,34,0,3
10/26/24 18:00,0.8,5.9,387,80.7,14.7,0,11.64,36,0,3
10/26/24 19:00,0.8,5.9,388,80.7,14.7,0,11.64,33,0,3
10/26/24 20:00,0.8,5.9,389,81.3,14.6,0,11.64,34,0,3
10/26/24 21:00,0.8,5.9,389,83.1,14.6,0,11.86,31,0,3
10/26/24 22:00,0.8,5.9,388,83.4,14.6,0,11.86,34,0,3
10/26/24 23:00,0.8,5.9,387,83.1,14.6,0,11.86,34,0,3
10/27/24 0:00,0.8,5.9,384,82.1,14.1,0,11.86,35,0,3
10/27/24 1:00,0.8,5.9,386,81.4,14.1,0,11.86,34,0,3
10/27/24 2:00,0.7,6.1,386,79.2,14.1,0,11.86,35,0,3
10/27/24 3:00,0.7,6,385,79.8,14.2,0,11.86,33,0,3
10/27/24 4:00,0.7,5.9,386,79.9,14.1,0,11.86,36,0,3
10/27/24 5:00,0.8,5.9,385,80.2,14.1,0,11.86,34,0,3
10/27/24 6:00,0.7,5.9,386,80.5,13.8,0,11.96,34,0,3
10/27/24 7:00,0.7,5.8,386,80.8,13.8,0,11.96,35,0,3
10/27/24 8:00,0.7,5.9,386,79.4,13.8,0,11.96,35,0,3
10/27/24 9:00,0.7,5.9,386,79.5,13.8,0,11.9,35,0,3
10/27/24 10:00,0.7,5.9,386,80.8,13.8,0,11.9,36,0,3
10/27/24 11:00,0.7,5.9,387,81.2,13.8,0,11.9,35,0,3
10/27/24 12:00,0.8,5.9,385,81.4,13.7,0,11.64,35,0,3
10/27/24 13:00,0.8,5.9,385,81.5,13.7,0,11.64,35,0,3
10/27/24 14:00,0.8,5.9,385,81.3,13.7,0,11.64,34,0,3
10/27/24 15:00,0.8,5.9,385,82.1,13.7,0,11.64,31,0,3
10/27/24 16:00,0.7,5.9,386,81.2,13.7,0,11.76,37,0,3
10/27/24 17:00,0.8,5.9,386,77.9,13.7,0,11.76,35,0,3
10/27/24 18:00,0.8,5.9,386,81,13.7,1,11.56,36,0,3
10/27/24 19:00,0.8,5.9,387,81.6,13.6,2,11.56,38,0,3
10/27/24 20:00,0.8,5.9,388,82,13.6,2,11.42,34,0,3
10/27/24 21:00,0.8,5.9,389,81.5,13.6,2,11.42,35,0,3
10/27/24 22:00,0.8,5.9,390,81.9,13.6,2,11.42,34,0,3
10/27/24 23:00,0.8,5.9,390,82.8,13.7,2,11.42,36,0,3
10/28/24 0:00,0.8,5.9,406,73.2,17.5,177,13.86,33,0,3
10/28/24 1:00,0.8,5.9,405,73.6,17.5,179,13.86,34,0,3
10/28/24 2:00,0.7,6.1,404,71.6,17.6,179,13.86,30,0,3
10/28/24 3:00,0.7,6,405,71.4,17.6,182,13.86,32,0,3
10/28/24 4:00,0.7,5.9,404,71.6,17.6,188,13.84,33,0,3
10/28/24 5:00,0.8,5.9,433,61.6,24.9,326,16.1,220,0,3
10/28/24 6:00,0.7,5.9,432,62.2,24.9,325,16.1,214,0,3
10/28/24 7:00,0.7,5.8,432,61.8,24.9,328,16.36,219,0,3
10/28/24 8:00,0.7,5.9,432,61.4,25,328,16.36,219,0,3
10/28/24 9:00,0.7,5.9,432,61.4,25,329,16.36,215,0,3
10/28/24 10:00,0.7,5.9,433,60.7,25,332,16.36,215,0,3
10/28/24 11:00,0.7,5.9,437,46,30.6,536,18.7,145,0,3
10/28/24 12:00,0.8,5.9,436,44.8,30.6,537,18.7,145,0,3
10/28/24 13:00,0.8,5.9,436,44.9,30.6,538,18.7,137,0,3
10/28/24 14:00,0.8,5.9,436,45.4,30.6,539,18.7,132,0,3
10/28/24 15:00,0.8,5.9,436,45.2,30.7,539,18.7,132,0,3
10/28/24 16:00,0.7,5.9,436,45.2,30.7,540,18.72,133,0,3
10/28/24 17:00,0.8,5.9,431,44.2,33.1,532,20.82,144,1.5,3
10/28/24 18:00,0.8,5.9,431,43.9,33.1,486,20.82,142,0.5,3
10/28/24 19:00,0.8,5.9,430,43.3,33.1,478,21.06,145,0,3
10/28/24 20:00,0.8,5.9,428,43.1,33.1,483,21.06,138,0.5,3
10/28/24 21:00,0.8,5.9,427,43,33.2,502,21.06,133,1,3
10/28/24 22:00,0.8,5.9,426,42.9,33.1,533,21.06,139,0.5,3
10/28/24 23:00,0.8,5.9,416,40.6,33.7,642,21.54,197,0.5,3
10/29/24 0:00,0.8,5.9,416,40.7,33.7,640,21.54,194,0.5,3
10/29/24 1:00,0.8,5.9,416,40.1,33.7,641,21.54,197,1,3
10/29/24 2:00,0.7,6.1,415,40,33.7,638,21.54,196,0.5,3
10/29/24 3:00,0.7,6,415,40.4,33.6,639,21.54,197,0.5,3
10/29/24 4:00,0.7,5.9,414,40.5,33.6,644,21.3,194,0,3
10/29/24 5:00,0.8,5.9,400,40.6,33.5,699,22.92,82,0.5,3
10/29/24 6:00,0.7,5.9,400,40.6,33.5,705,22.92,80,0,3
10/29/24 7:00,0.7,5.8,400,39.5,33.5,709,22.92,81,0,3
10/29/24 8:00,0.7,5.9,399,39.6,33.5,710,22.92,83,0,3
10/29/24 9:00,0.7,5.9,400,39.4,33.5,714,22.92,83,0,3
10/29/24 10:00,0.7,5.9,402,36.5,35,652,24.1,172,1,3
10/29/24 11:00,0.7,5.9,402,36.3,35.1,653,24.1,171,1,3
10/29/24 12:00,0.8,5.9,401,36.4,35.1,653,24.1,173,0.5,3
10/29/24 13:00,0.8,5.9,401,36.2,35.1,653,24.1,173,0.5,3
10/29/24 14:00,0.8,5.9,401,36.1,35.2,651,24.2,175,0,3
10/29/24 15:00,0.8,5.9,400,36.5,35.2,647,24.2,173,1,3
10/29/24 16:00,0.7,5.9,393,41.5,32.6,397,24.14,73,1,3
10/29/24 17:00,0.8,5.9,393,41.3,32.7,403,23.96,82,1,3
10/29/24 18:00,0.8,5.9,392,41.4,32.6,406,23.96,70,0.5,3
10/29/24 19:00,0.8,5.9,391,42.1,32.6,412,23.96,98,1.5,3
10/29/24 20:00,0.8,5.9,390,41.9,32.6,412,23.96,85,2.1,3
10/29/24 21:00,0.8,5.9,395,40.3,32.5,215,23.72,243,1,3
10/29/24 22:00,0.8,5.9,394,40.2,32.5,217,23.72,2,0.5,3
10/29/24 23:00,0.8,5.9,395,40.5,32.5,218,23.72,1,1,3
10/30/24 0:00,0.8,5.9,395,40.6,32.4,218,23.72,0,1,3
10/30/24 1:00,0.8,5.9,395,40.6,32.4,217,23.72,50,1.5,3
10/30/24 2:00,0.7,6.1,395,40.2,32.4,218,23.82,51,1,3
10/30/24 3:00,0.7,6,420,59.1,25.4,278,18.76,206,1,3
10/30/24 4:00,0.7,5.9,420,59.2,25.4,278,18.76,203,1,3
10/30/24 5:00,0.8,5.9,420,58.9,25.4,281,18.76,206,1,3
10/30/24 6:00,0.7,5.9,419,58.9,25.4,281,18.6,206,0,3
10/30/24 7:00,0.7,5.8,419,58.5,25.4,283,18.6,204,0.5,3
10/30/24 8:00,0.7,5.9,419,59.1,25.4,283,18.6,209,0.5,3
10/30/24 9:00,0.7,5.9,421,52.7,28.5,246,19.56,283,2.1,3
10/30/24 10:00,0.7,5.9,422,52.8,28.5,246,19.56,280,1,3
10/30/24 11:00,0.7,5.9,422,52.2,28.5,241,19.56,281,0.5,3
10/30/24 12:00,0.8,5.9,421,52.3,28.5,234,19.56,296,0.5,3
10/30/24 13:00,0.8,5.9,422,52.3,28.5,233,19.56,281,1.5,3
10/30/24 14:00,0.8,5.9,420,52.4,28.4,232,20.08,282,1,3
10/30/24 15:00,0.8,5.9,379,55.9,25.3,300,20.52,329,1.5,3
10/30/24 16:00,0.7,5.9,379,56.7,25.3,309,20.52,325,1,3
10/30/24 17:00,0.8,5.9,380,56.7,25.3,319,20.7,325,0.5,3
10/30/24 18:00,0.8,5.9,381,57.1,25.3,319,20.7,260,1,3
10/30/24 19:00,0.8,5.9,382,57.4,25.3,323,20.7,293,1.5,3
10/30/24 20:00,0.8,5.9,382,57.4,25.3,328,20.7,279,2.6,3
10/30/24 21:00,0.8,5.9,379,59.2,23.9,119,20.82,316,1.5,3
10/30/24 22:00,0.8,5.9,380,59.5,24,119,20.82,309,1.5,3
10/30/24 23:00,0.8,5.9,381,59.4,24,116,20.82,317,1,3
10/31/24 0:00,0.8,5.9,382,59.5,24,121,20.82,302,2.6,3
10/31/24 1:00,0.8,5.9,385,59.7,23.9,122,20.82,291,1,3
10/31/24 2:00,0.7,6.1,385,59.5,23.9,125,20.68,296,0.5,3
10/31/24 3:00,0.7,6,375,60.9,23.9,208,21.06,193,1,3
10/31/24 4:00,0.7,5.9,376,60.1,23.9,208,21.06,191,1,3
10/31/24 5:00,0.8,5.9,375,59.7,23.9,208,21.12,200,1,3
10/31/24 6:00,0.7,5.9,376,58.9,24,203,21.12,206,1,3
10/31/24 7:00,0.7,5.8,375,59.2,24,206,21.12,198,1.5,3
10/31/24 8:00,0.7,5.9,375,59.5,24,201,21.12,209,1,3
10/31/24 9:00,0.7,5.9,398,65.4,23.1,92,20.94,322,1,3
10/31/24 10:00,0.7,5.9,399,65.5,23.1,93,20.94,328,0.5,3
10/31/24 11:00,0.7,5.9,399,65.5,23.1,97,20.94,326,1,3
10/31/24 12:00,1.2,6,399,65.6,23.1,97,20.94,328,1,3
10/31/24 13:00,1.2,6,399,65.6,23.1,97,20.94,324,1,3
10/31/24 14:00,1.2,6,399,65.2,23.1,106,20.78,327,1,3
10/31/24 15:00,1.1,6,408,64.9,22.8,15,19.8,251,0.5,3
10/31/24 16:00,1.1,6,408,64.9,22.8,13,19.8,254,0,3
10/31/24 17:00,1.2,6,409,65.4,22.8,13,19.8,254,0.5,3
10/31/24 18:00,1.2,6,408,65.3,22.8,14,19.9,253,1,3
10/31/24 19:00,1.1,6,408,64.6,22.8,17,19.9,307,1.5,3
10/31/24 20:00,0.7,5.9,408,65.8,22.9,17,19.9,290,1.5,3
10/31/24 21:00,0.7,5.9,410,68.8,21.7,0,19.36,229,0,3
10/31/24 22:00,0.7,5.9,409,69.3,21.7,0,19.82,228,0,3
10/31/24 23:00,0.7,5.9,409,68.5,21.7,0,19.82,222,0,3
11/1/24 0:00,1.2,6.3,100,74.3,15.8,0,12.58,48,0,3
11/1/24 1:00,1.2,6.3,100,74.2,15.8,0,12.58,47,0,3
11/1/24 2:00,1.2,6.3,100,74.2,15.8,0,12.58,47,0,3
11/1/24 3:00,1.2,6.3,100,74.2,15.9,0,12.58,49,0,3
11/1/24 4:00,1.2,6.3,100,74.5,15.8,0,12.58,50,0,3
11/1/24 5:00,1.2,6.3,101,74.9,15.8,0,12.58,49,0,3
11/1/24 6:00,1.2,6.4,104,78.4,15.5,0,12.68,46,0,3
11/1/24 7:00,1.2,6.4,103,78,15.6,0,12.64,46,0,3
11/1/24 8:00,1.2,6.4,103,78,15.6,0,12.64,47,0,3
11/1/24 9:00,1.1,6.3,103,77.5,15.6,0,12.64,45,0,3
11/1/24 10:00,1.1,6.3,104,78,15.6,0,12.64,49,0,3
11/1/24 11:00,1.2,6.1,104,78.8,15.6,0,12.64,50,0,3
11/1/24 12:00,1.2,6.1,107,81.3,15.5,0,12.72,50,0,3
11/1/24 13:00,1.2,6.1,107,81.1,15.5,0,12.72,47,0,3
11/1/24 14:00,1,6.2,106,80.4,15.5,0,12.72,48,0,3
11/1/24 15:00,1.1,6.1,103,77.7,15.5,0,12.8,50,0,3
11/1/24 16:00,1.1,6.1,103,77.9,15.5,0,12.8,49,0,3
11/1/24 17:00,1.1,6.2,103,77.7,15.5,0,12.8,47,0,3
11/1/24 18:00,1.1,6.2,106,80.7,15.4,0,13.1,46,0,3
11/1/24 19:00,1.1,6.3,106,80.3,15.4,0,13.1,48,0,3
11/1/24 20:00,1.1,6.4,106,80.3,15.4,0,13.1,46,0,3
11/1/24 21:00,1.1,6.3,108,82.1,15.4,0,13.1,47,0,3
11/1/24 22:00,1.2,6.3,108,82.5,15.4,0,12.96,47,0,3
11/1/24 23:00,1.1,6.3,110,83.5,15.4,0,12.96,48,0,3
11/2/24 0:00,1.2,6.3,108,82.2,15.4,0,12.9,46,0,3
11/2/24 1:00,1.2,6.3,108,82,15.5,0,12.9,48,0,3
11/2/24 2:00,1.2,6.3,109,82.6,15.5,0,12.9,48,0,3
11/2/24 3:00,1.2,6.3,109,83,15.4,0,12.9,48,0,3
11/2/24 4:00,1.2,6.3,111,84.3,15.4,0,12.9,51,0,3
11/2/24 5:00,1.2,6.3,102,76.9,15.6,0,12.92,60,0,3
11/2/24 6:00,1.2,6.3,103,77.1,15.6,0,12.92,55,0,3
11/2/24 7:00,1.2,6.4,103,77.8,15.6,0,12.92,61,0,3
11/2/24 8:00,1.2,6.4,102,77.2,15.5,0,12.92,62,0,3
11/2/24 9:00,1.2,6.4,103,77.4,15.6,0,12.92,58,0,3
11/2/24 10:00,1.1,6.3,103,77.9,15.6,0,12.92,58,0,3
11/2/24 11:00,1.1,6.3,106,79.9,15.5,0,13.44,62,0,3
11/2/24 12:00,1.2,6.1,105,79.1,15.5,0,13.26,59,0,3
11/2/24 13:00,1.2,6.1,108,81.4,15.6,0,13.26,60,0,3
11/2/24 14:00,1.2,6.1,103,77.9,15.6,0,13.26,62,0,3
11/2/24 15:00,1,6.2,103,77.8,15.5,0,13.26,59,0,3
11/2/24 16:00,1.1,6.1,103,78.4,15.5,0,13.26,60,0,3
11/2/24 17:00,1.1,6.1,104,79.4,15.4,0,13.28,25,0,3
11/2/24 18:00,1.1,6.2,105,79.7,15.5,0,13.28,25,0,3
11/2/24 19:00,1.1,6.2,105,79.6,15.5,0,13.28,21,0,3
11/2/24 20:00,1.1,6.3,105,79.9,15.5,0,13.28,24,0,3
11/2/24 21:00,1.1,6.4,106,80.3,15.4,0,13.28,22,0,3
11/2/24 22:00,1.1,6.3,106,80.9,15.4,0,13.28,24,0,3
11/2/24 23:00,1.2,6.3,111,84.7,15.3,8,13.32,254,0,3
11/3/24 0:00,1.1,6.3,110,84.5,15.3,8,13.32,237,1.5,3
11/3/24 1:00,1.2,6.3,110,84.1,15.3,8,13.32,239,2.1,3
11/3/24 2:00,1.2,6.3,112,85.6,15.3,8,13.32,240,1.5,3
11/3/24 3:00,1.2,6.3,113,86.4,15.4,8,13.32,224,1.5,3
11/3/24 4:00,1.2,6.3,112,85.3,15.4,8,13.32,232,1,3
11/3/24 5:00,1.2,6.3,111,83.3,15.6,0,12.76,47,0,3
11/3/24 6:00,1.2,6.3,113,84.6,15.6,0,12.74,43,0,3
11/3/24 7:00,1.2,6.3,112,84.3,15.6,0,12.74,45,0.5,3
11/3/24 8:00,1.2,6.4,112,84.4,15.6,0,12.74,39,1,3
11/3/24 9:00,1.2,6.4,113,85.1,15.6,0,12.74,47,0.5,3
11/3/24 10:00,1.2,6.4,125,90.8,16.2,45,13.14,208,0,3
11/3/24 11:00,1.1,6.3,125,90.2,16.2,39,13.14,209,0,3
11/3/24 12:00,1.1,6.3,125,91,16.2,42,13.14,202,0,3
11/3/24 13:00,1.2,6.1,125,90.9,16.1,42,13.14,201,0,3
11/3/24 14:00,1.2,6.1,124,90.2,16.2,41,13.5,207,0,3
11/3/24 15:00,1.2,6.1,121,86.1,16.4,30,13.22,200,1,3
11/3/24 16:00,1,6.2,121,86.6,16.4,28,13.22,198,1,3
11/3/24 17:00,1.1,6.1,121,86,16.5,29,13.22,191,0.5,3
11/3/24 18:00,1.1,6.1,121,85.8,16.5,33,13.18,184,0.5,3
11/3/24 19:00,1.1,6.2,120,85,16.5,34,13.18,186,0.5,3
11/3/24 20:00,1.1,6.2,121,85.6,16.5,34,13.18,186,0.5,3
11/3/24 21:00,1.1,6.3,132,84.9,18,126,15.64,160,0,3
11/3/24 22:00,1.1,6.4,131,84.9,18,127,15.64,160,0.5,3
11/3/24 23:00,1.1,6.3,131,84.4,18,127,15.64,157,0.5,3
11/4/24 0:00,1.2,6.3,131,84.4,18,128,15.64,157,0,3
11/4/24 1:00,1.1,6.3,130,83.6,18,131,15.64,166,0,3
11/4/24 2:00,1.2,6.3,132,84.8,18.1,127,15.64,160,0,3
11/4/24 3:00,1.2,6.3,144,81,20.2,155,15.86,40,2.1,3
11/4/24 4:00,1.2,6.3,145,81.4,20.2,157,15.86,36,1,3
11/4/24 5:00,1.2,6.3,146,82,20.2,157,15.86,43,1.5,3
11/4/24 6:00,1.2,6.3,147,82.8,20.2,159,15.86,30,1.5,3
11/4/24 7:00,1.2,6.3,147,83,20.2,162,16.26,34,1.5,3
11/4/24 8:00,1.2,6.3,147,82.9,20.2,160,16.26,32,2.1,3
11/4/24 9:00,1.2,6.4,141,69.7,22.3,170,16.74,17,0,3
11/4/24 10:00,1.2,6.4,145,71.5,22.3,170,16.74,27,0,3
11/4/24 11:00,1.2,6.4,142,70.1,22.3,168,17.04,23,0,3
11/4/24 12:00,1.1,6.3,142,70,22.3,168,17.04,30,0,3
11/4/24 13:00,1.1,6.3,143,70.7,22.3,164,17.04,19,0,3
11/4/24 14:00,1.2,6.1,147,75.2,21.8,103,17.64,7,0,3
11/4/24 15:00,1.2,6.1,147,74.9,21.8,101,17.6,10,0,3
11/4/24 16:00,1.2,6.1,147,75.1,21.8,103,17.6,5,0,3
11/4/24 17:00,1,6.2,147,75,21.8,103,17.6,12,0,3
11/4/24 18:00,1.1,6.1,147,75,21.8,105,17.6,9,0,3
11/4/24 19:00,1.1,6.1,147,74.9,21.8,105,17.6,9,0,3
11/4/24 20:00,1.1,6.2,139,77.2,20.4,41,16.34,96,0,3
11/4/24 21:00,1.1,6.2,139,77.4,20.4,41,16.34,85,0,3
11/4/24 22:00,1.1,6.3,138,77,20.4,37,16.34,94,0,3
11/4/24 23:00,1.1,6.4,138,76.6,20.4,37,16.34,85,0,3
11/5/24 0:00,1.1,6.3,139,77,20.4,38,16.34,95,0,3
11/5/24 1:00,1.2,6.3,139,77.4,20.4,36,16.62,95,0,3
11/5/24 2:00,1.1,6.3,124,75.6,19,8,15.88,90,0,3
11/5/24 3:00,1.2,6.3,125,76,19,6,15.88,97,0,3
11/5/24 4:00,1.2,6.3,124,75.1,19,6,15.88,92,0,3
11/5/24 5:00,1.2,6.3,123,74.9,19,6,15.96,93,0,3
11/5/24 6:00,1.2,6.3,124,75.4,19,6,15.96,81,0,3
11/5/24 7:00,1.2,6.3,125,75.8,18.9,6,15.96,87,0,3
11/5/24 8:00,1.2,6.3,123,83.1,17.3,0,15,85,0,3
11/5/24 9:00,1.2,6.3,122,82.8,17.3,0,15.3,93,0,3
11/5/24 10:00,1.2,6.4,123,83.2,17.3,0,15.3,93,0,3
11/5/24 11:00,1.2,6.4,122,82.1,17.3,0,15.3,95,0,3
11/5/24 12:00,1.2,6.4,122,82.6,17.3,0,15.3,83,0,3
11/5/24 13:00,1.1,6.3,123,83,17.3,0,15.3,88,0,3
11/5/24 14:00,1.1,6.3,116,83,16.4,0,14.64,86,0,3
11/5/24 15:00,1.2,6.1,116,82.7,16.4,0,14.64,92,0,3
11/5/24 16:00,1.2,6.1,116,82.7,16.4,0,14.64,90,0,3
11/5/24 17:00,1.2,6.1,116,82.6,16.4,0,14.64,86,0,3
11/5/24 18:00,1,6.2,116,82.6,16.4,0,15.76,83,0,3
11/5/24 19:00,1.1,6.1,116,82.9,16.4,0,15.76,85,0,3
11/5/24 20:00,1.1,6.1,121,88.3,16,0,14.42,79,0,3
11/5/24 21:00,1.1,6.2,121,88.5,16,0,14.42,73,0,3
11/5/24 22:00,1.1,6.2,121,88.3,16.1,0,13.96,84,0,3
11/5/24 23:00,1.1,6.3,120,87.9,16.1,0,13.96,84,0.5,3
11/6/24 0:00,1.1,6.4,120,87.6,16.1,0,13.96,83,0,3
11/6/24 1:00,1.1,6.3,119,86.5,16.1,0,13.96,88,0.5,3
11/6/24 2:00,1.2,6.3,115,84.2,16,0,13,92,0,3
11/6/24 3:00,1.1,6.3,115,84.5,15.9,0,13,98,0,3
11/6/24 4:00,1.2,6.3,116,85.3,15.9,0,13,91,0,3
11/6/24 5:00,1.2,6.3,116,85.6,16,0,13,104,0,3
11/6/24 6:00,1.2,6.3,114,84,16,0,13,98,0,3
11/6/24 7:00,1.2,6.3,117,86.4,15.9,0,15.12,341,2.1,3
11/6/24 8:00,1.2,6.3,118,86.9,15.9,0,15.12,332,1,3
11/6/24 9:00,1.2,6.3,116,85.7,15.9,0,14.84,330,1.5,3
11/6/24 10:00,1.2,6.3,116,85.1,15.9,0,14.84,292,2.1,3
11/6/24 11:00,1.2,6.4,116,85,16,0,14.84,321,1.5,3
11/6/24 12:00,1.2,6.4,114,83.7,15.9,0,14.84,319,2.6,3
11/6/24 13:00,1.2,6.4,108,80.1,15.8,0,15.2,330,0,3
11/6/24 14:00,1.1,6.3,110,81.3,15.8,0,15.2,335,0,3
11/6/24 15:00,1.1,6.3,112,82.4,15.9,0,14.56,334,0,3
11/6/24 16:00,1.2,6.1,113,83,15.9,0,14.56,339,0,3
11/6/24 17:00,1.2,6.1,118,86.7,15.9,0,14.56,334,0,3
11/6/24 18:00,1.2,6.1,117,86.8,15.9,0,14.56,335,0,3
11/6/24 19:00,1,6.2,116,85.1,16,0,16.06,303,0,3
11/6/24 20:00,1.1,6.1,116,84.9,16,0,16.06,300,0,3
11/6/24 21:00,1.1,6.1,114,83.7,16,0,16.06,302,0,3
11/6/24 22:00,1.1,6.2,114,83.8,16,0,16.06,296,0,3
11/6/24 23:00,1.1,6.2,115,84.4,16,0,16.06,298,0,3
11/7/24 0:00,1.1,6.3,117,86,16,0,16.06,294,0,3
11/7/24 1:00,1.1,6.4,121,87.6,16.2,0,15,276,0,3
11/7/24 2:00,1.1,6.3,121,88.2,16.1,0,15,271,0,3
11/7/24 3:00,1.2,6.3,120,87.3,16.1,0,15,289,0,3
11/7/24 4:00,1.1,6.3,120,87.1,16.1,0,15,274,0,3
11/7/24 5:00,1.2,6.3,120,87.1,16.1,0,14.92,281,0,3
11/7/24 6:00,1.2,6.3,117,84.7,16.1,0,14.92,279,0,3
11/7/24 7:00,1.2,6.3,119,86.4,16.1,0,14.74,273,0,3
11/7/24 8:00,1.2,6.3,117,85,16.1,0,14.02,277,0,3
11/7/24 9:00,1.2,6.3,117,84.9,16.2,0,14.02,278,0,3
11/7/24 10:00,1.2,6.3,120,87.1,16.2,0,14.02,278,0,3
11/7/24 11:00,1.2,6.3,120,87.1,16.1,0,14.02,281,0,3
11/7/24 12:00,1.2,6.4,121,87.7,16.1,0,14.02,280,0,3
11/7/24 13:00,1.2,6.4,120,87.4,16.1,0,14.02,34,0,3
11/7/24 14:00,1.2,6.4,121,88.5,16.1,0,14.02,35,0,3
11/7/24 15:00,1.1,6.3,121,88.5,16,0,14.02,33,0,3
11/7/24 16:00,1.1,6.3,121,88.8,16,0,14.02,36,0,3
11/7/24 17:00,1.2,6.1,120,87.8,16.1,0,14.02,22,0,3
11/7/24 18:00,1.2,6.1,120,87.4,16.1,0,14.02,24,0,3
11/7/24 19:00,1.2,6.1,117,85.9,16,0,14.68,33,0,3
11/7/24 20:00,1,6.2,118,86.5,16,0,14.68,35,0,3
11/7/24 21:00,1.1,6.1,118,86.4,16.1,0,14.68,31,0,3
11/7/24 22:00,1.1,6.1,117,85.5,16.1,0,14.68,34,0,3
11/7/24 23:00,1.1,6.2,118,86.1,16,0,15.02,34,0,3
11/8/24 0:00,1.2,6.3,121,88.9,16,0,15.02,32,0,3
11/8/24 1:00,1.2,6.3,120,87.8,16,0,14.26,34,0,3
11/8/24 2:00,1.2,6.3,118,86.2,16,0,14.26,34,0,3
11/8/24 3:00,1.2,6.3,118,86.6,15.9,0,14.26,28,0,3
11/8/24 4:00,1.2,6.3,117,86.1,15.9,0,14.8,30,0,3
11/8/24 5:00,1.2,6.4,118,86.7,16,0,14.8,30,0,3
11/8/24 6:00,1.2,6.3,122,89.4,16,0,14.8,33,0,3
11/8/24 7:00,1.2,6.3,124,91.3,16,0,15.18,33,0,3
11/8/24 8:00,1.2,6.3,124,91.3,15.9,0,14.96,37,0,3
11/8/24 9:00,1.1,6.2,124,91,16,0,14.96,34,0,3
11/8/24 10:00,1.1,6.1,124,91.2,15.9,0,14.96,31,0,3
11/8/24 11:00,1.1,6.1,124,91.5,15.9,0,14.96,37,0,3
11/8/24 12:00,1.1,6.1,117,87.1,15.8,9,13.72,36,0,3
11/8/24 13:00,1.1,6,117,87.5,15.8,10,13.72,36,0,3
11/8/24 14:00,1.1,6.1,119,88.6,15.7,10,13.72,29,0,3
11/8/24 15:00,1.1,6,119,88.5,15.7,11,13.72,31,0,3
11/8/24 16:00,1.1,6.1,118,87.8,15.8,12,13.72,30,0,3
11/8/24 17:00,1.2,6.2,119,88.7,15.8,12,13.98,27,0,3
11/8/24 18:00,1.1,6.2,129,95.5,15.9,28,14.1,299,0,3
11/8/24 19:00,1.2,6.2,130,96.2,15.9,29,14.1,307,0,3
11/8/24 20:00,1.2,6.3,130,96,15.9,26,14.38,300,0,3
11/8/24 21:00,1.2,6.3,132,97.6,15.9,18,14.38,307,0,3
11/8/24 22:00,1.2,6.3,131,96.5,15.9,18,14.38,310,0,3
11/8/24 23:00,1.2,6.3,130,95.8,15.9,18,14.38,314,0,3
11/9/24 0:00,1.2,6.3,150,79.8,21.1,164,16.56,299,1,3
11/9/24 1:00,1.2,6.3,151,79.9,21.2,167,16.56,303,0.5,3
11/9/24 2:00,1.2,6.3,151,79.6,21.2,163,16.56,306,0.5,3
11/9/24 3:00,1.2,6.3,151,79.6,21.2,165,16.56,312,1,3
11/9/24 4:00,1.2,6.3,150,79.1,21.2,165,16.56,306,0.5,3
11/9/24 5:00,1.2,6.3,148,78,21.3,167,16.56,304,1,3
11/9/24 6:00,1.2,6.3,169,53.9,29.7,346,19.7,1,1,3
11/9/24 7:00,1.2,6.3,169,53.7,29.7,337,19.7,1,2.1,3
11/9/24 8:00,1.2,6.3,168,53.2,29.8,337,19.7,18,1.5,3
11/9/24 9:00,1.1,6.2,166,52.4,29.9,336,19.28,19,1,3
11/9/24 10:00,1.1,6.2,165,52.2,29.8,335,19.28,22,0.5,3
11/9/24 11:00,1,6.1,162,51.2,29.9,333,19.28,28,0,3
11/9/24 12:00,1.1,6.1,161,51.4,29.7,466,20.26,11,2.1,3
11/9/24 13:00,1.1,6,161,51.5,29.6,464,20.26,351,1.5,3
11/9/24 14:00,1.1,6.1,161,51.5,29.6,464,20.58,0,2.1,3
11/9/24 15:00,1.1,6.1,162,51.9,29.6,464,20.58,349,1.5,3
11/9/24 16:00,1.1,6.1,160,51.2,29.6,464,20.58,354,1,3
11/9/24 17:00,1.1,6.2,160,51.1,29.6,464,20.58,360,1.5,3
11/9/24 18:00,1.1,6.2,156,45.9,31.1,530,20.72,7,1,3
11/11/24 7:00,1.1,6.2,157,46.2,31.1,527,20.72,82,1.5,3
11/11/24 8:00,1.1,6.3,157,46.4,31.1,525,20.72,79,1,3
11/11/24 9:00,1.1,6.3,155,45.6,31.1,525,20.72,78,0.5,3
11/11/24 10:00,1.1,6.3,155,45.7,31.1,525,20.52,84,0.5,3
11/11/24 11:00,1.1,6.3,164,44.2,32.6,504,22.6,2,3.6,3
11/11/24 12:00,1.1,6.3,166,45.1,32.6,509,22.6,37,3.6,3
11/11/24 13:00,1.1,6.3,167,45.1,32.6,508,22.4,40,3.1,3
11/11/24 14:00,1.2,6.3,167,45.1,32.6,502,22.4,38,2.6,3
11/11/24 15:00,1.1,6.3,166,45,32.6,502,22.4,34,2.1,3
11/11/24 16:00,1.2,6.3,167,45,32.6,506,22.4,40,1,3
11/11/24 17:00,1.2,6.3,162,47.1,31.4,388,23.46,12,0.5,3
11/11/24 18:00,1.2,6.3,163,47.4,31.4,384,23.46,13,0.5,3
11/11/24 19:00,1.2,6.3,163,47.3,31.4,384,23.46,24,2.1,3
11/11/24 20:00,1.2,6.3,164,47.6,31.4,384,23.46,24,1,3
11/11/24 21:00,1.1,6.2,165,47.7,31.4,386,23.46,27,1,3
11/11/24 22:00,1.1,6.2,165,47.5,31.5,381,23.5,26,1,3
11/11/24 23:00,1.1,6.2,164,49.5,30.6,268,24.02,22,1.5,3
11/12/24 0:00,1.1,6.1,164,49.7,30.6,265,24.02,11,2.1,3
11/12/24 1:00,1.1,6.1,164,49.8,30.5,265,24.12,360,1.5,3
11/12/24 2:00,1.1,6,164,49.8,30.5,265,24.12,360,0.5,3
11/12/24 3:00,1.1,6.1,166,50.6,30.5,268,24.12,360,1,3
11/12/24 4:00,1.1,6.1,162,54.8,28.7,82,23.7,24,1.5,3
11/12/24 5:00,1.1,6.2,161,54,28.8,82,23.7,20,1,3
11/12/24 6:00,1.1,6.2,161,54.4,28.7,82,23.7,19,0.5,3
11/12/24 7:00,1.1,6.2,159,54,28.7,79,23.7,66,2.1,3
11/12/24 8:00,1.1,6.2,160,54,28.7,78,23.7,58,1.5,3
11/12/24 9:00,1.1,6.2,159,53.6,28.7,79,23.86,56,1,3
11/12/24 10:00,1.2,6.2,158,60.3,26.6,3,22.56,360,0.5,3
11/12/24 11:00,1.1,6.2,157,60.1,26.6,3,22.56,360,1.5,3
11/12/24 12:00,1.1,6.2,160,61.2,26.6,3,22.42,360,1,3
11/12/24 13:00,1.1,6.2,160,61.2,26.5,4,22.42,360,0.5,3
11/12/24 14:00,1.1,6.2,157,60.5,26.5,4,22.42,360,0.5,3
11/12/24 15:00,1.2,6.2,139,68,22.5,0,21.84,46,0,3
11/12/24 16:00,1.1,6.2,139,68.3,22.5,0,21.84,44,0,3
11/12/24 17:00,1.2,6.2,139,68,22.5,0,21.84,48,0,3
11/12/24 18:00,1.2,6.3,138,67.3,22.5,0,21.84,47,0,3
11/12/24 19:00,1.2,6.3,139,68,22.5,0,21.84,43,0,3
11/12/24 20:00,1.2,6.3,139,68.2,22.5,0,21.84,45,0,3
11/12/24 21:00,1.2,6.1,134,76.1,20.1,0,18.6,48,0,3
11/12/24 22:00,1.2,6.1,134,76.1,20.1,0,18.6,46,0,3
11/12/24 23:00,1.1,6,131,74.5,20.1,0,18.56,49,0,3
11/13/24 0:00,1.1,6,130,73.7,20.1,0,18.56,47,0,3
11/13/24 1:00,1.1,6,130,73.5,20.1,0,18.56,44,0,3
11/13/24 2:00,1.1,6,129,73.4,20.1,0,18.56,51,0,3
11/13/24 3:00,1,5.8,126,76,19.1,0,17.6,45,0,3
11/13/24 4:00,1,5.9,127,76.4,19.1,0,17.56,46,0,3
11/13/24 5:00,1,5.9,129,77.4,19.1,0,17.56,47,0,3
11/13/24 6:00,1,5.9,128,77.4,19.1,0,17.56,47,0,3
11/13/24 7:00,1,6,130,78.5,19.1,0,17.56,43,0,3
11/13/24 8:00,1,6,124,75.4,18.9,0,17.46,37,1,3
11/13/24 9:00,1,6,125,76.2,18.9,0,17.46,32,1,3
11/13/24 10:00,1,6,125,76.2,18.9,0,17.46,35,1,3
11/13/24 11:00,1,6,125,76,18.9,0,17.46,32,1.5,3
11/13/24 12:00,1,6,125,76.1,19,0,17.4,32,1,3
11/13/24 13:00,1,6,126,76.4,19,0,17.4,35,1,3
11/13/24 14:00,1,6,121,76.3,18.4,0,16.6,38,0,3
11/13/24 15:00,1,6.1,121,76.2,18.4,0,16.6,32,0,3
11/13/24 16:00,1,6.1,120,75.7,18.4,0,17.1,38,0,3
11/13/24 17:00,1,6,124,78,18.4,0,17.1,39,0,3
11/13/24 18:00,1,6.1,125,78.7,18.4,0,17.1,34,0,3
11/13/24 19:00,1,6.1,125,78.9,18.4,0,17.1,31,0,3
11/13/24 20:00,1,6.1,119,78.6,17.7,0,15.5,36,0,3
11/13/24 21:00,1,5.9,118,77.8,17.7,0,15.5,32,0,3
11/13/24 22:00,1,5.9,118,77.7,17.7,0,15.5,34,0,3
11/13/24 23:00,1.1,6.3,119,78.2,17.7,0,15.5,38,0,3
11/14/24 0:00,1.1,6.3,120,79.1,17.7,0,15.5,35,0,3
11/14/24 1:00,1.2,6.3,118,80.3,17.2,0,15.56,31,0,3
11/14/24 2:00,1.1,6.3,118,80.2,17.2,0,15.56,33,0,3
11/14/24 3:00,1.2,6.3,118,80,17.2,0,15.56,38,0,3
11/14/24 4:00,1.2,6.3,122,82.4,17.2,0,15.56,34,0,3
11/14/24 5:00,1.2,6.3,121,82.3,17.2,0,15.68,35,0,3
11/14/24 6:00,1.2,6.3,121,82.6,17.2,0,15.68,36,0,3
11/14/24 7:00,1.2,6.3,116,81.9,16.6,0,14.76,34,0,3
11/14/24 8:00,1.1,6.2,116,82.1,16.5,0,14.76,34,0,3
11/14/24 9:00,1.1,6.2,117,82.8,16.5,0,14.92,38,0,3
11/14/24 10:00,1.1,6.2,117,83.2,16.5,0,14.92,38,0,3
11/14/24 11:00,1.1,6.1,115,81.6,16.5,0,14.92,36,0,3
11/14/24 12:00,1.1,6.1,113,80.1,16.5,0,14.92,36,0,3
11/14/24 13:00,1.1,6,112,82.4,16,0,14.62,36,0,3
11/14/24 14:00,1.1,6.1,112,82.2,16,0,14.78,38,0,3
11/14/24 15:00,1.1,6.1,113,83.4,16,0,14.78,36,0,3
11/14/24 16:00,1.1,6.2,113,83.3,16,0,14.78,35,0,3
11/14/24 17:00,1.1,6.2,115,84.2,16,0,14.78,32,0,3
11/14/24 18:00,1.1,6.2,115,84.5,16,0,14.78,32,0,3
11/14/24 19:00,1.1,6.2,105,78.6,15.7,0,14.46,35,0,3
11/14/24 20:00,1.1,6.2,105,78.6,15.7,0,14.46,35,0,3
11/14/24 21:00,1.2,6.2,106,79.3,15.7,0,14.46,36,0,3
11/14/24 22:00,1.1,6.2,108,80.4,15.7,0,14.46,37,0,3
11/14/24 23:00,1.1,6.2,108,80.7,15.7,0,14.46,34,0,3
11/15/24 0:00,1.1,6.2,111,82.7,15.7,0,14.46,31,0,3
11/15/24 1:00,1.1,6.2,98,74.8,15.3,0,14.22,32,0,3
11/15/24 2:00,1.2,6.2,100,76.9,15.3,0,14.22,38,0,3
11/15/24 3:00,1.1,6.2,104,80.2,15.3,0,14.22,36,0,3
11/15/24 4:00,1.2,6.2,105,80.3,15.3,0,14.22,38,0,3
11/15/24 5:00,1.2,6.3,105,80.6,15.3,0,14.14,36,0,3
11/15/24 6:00,1.2,6.3,105,80.2,15.3,0,14.14,37,0,3
11/15/24 7:00,1.2,6.3,107,85.1,14.8,0,13.56,37,0,3
11/15/24 8:00,1.2,6.1,110,86.9,14.8,0,13.54,32,0,3
11/15/24 9:00,1.2,6.1,110,87.3,14.8,0,13.54,35,0,3
11/15/24 10:00,1.1,6,110,86.9,14.8,0,13.54,37,0,3
11/15/24 11:00,1.1,6,111,87.7,14.8,0,13.54,36,0,3
11/15/24 12:00,1.1,6,108,86.8,14.5,0,13.5,220,0.5,3
11/15/24 13:00,1.1,6,108,87,14.5,0,13.5,216,0.5,3
11/15/24 14:00,1,5.8,107,86.3,14.5,0,13.5,216,0.5,3
11/15/24 15:00,1,5.9,107,86.6,14.5,0,13.5,216,0.5,3
11/15/24 16:00,1,5.9,107,86.6,14.5,0,13.5,221,0.5,3
11/15/24 17:00,1,5.9,107,86.7,14.5,0,13.6,219,0,3
11/15/24 18:00,1,6,107,87.7,14.2,0,13.56,202,1,3
11/15/24 19:00,1,6,106,87.6,14.2,0,13.56,199,0.5,3
11/15/24 20:00,1,6,106,87.4,14.2,3,13.54,194,0.5,3
11/15/24 21:00,1,6,106,87.4,14.2,3,13.54,195,0.5,3
11/15/24 22:00,1,6,106,87.5,14.2,3,13.54,199,0.5,3
11/15/24 23:00,1,6,106,87,14.2,3,13.54,199,0.5,3
11/16/24 0:00,1,6,108,84.5,15,20,13.84,212,1.5,3
11/16/24 1:00,1,6,108,84.6,15,19,14.28,215,1.5,3
11/16/24 2:00,1,6.1,109,85.8,15,17,14.28,209,1.5,3
11/16/24 3:00,1,6.1,109,85.2,15,17,14.28,215,1,3
11/16/24 4:00,1,6,109,85.3,15,20,14.28,211,1,3
11/16/24 5:00,1,6.1,109,85.6,15,22,14.28,212,0,3
11/16/24 6:00,1,6.1,145,76.2,21.4,162,16.84,169,1.5,3
11/16/24 7:00,1,6.1,145,75.9,21.4,162,16.84,169,1,3
11/16/24 8:00,1,5.9,146,76,21.4,164,16.84,170,1.5,3
11/16/24 9:00,1,5.9,146,75.9,21.5,168,16.84,171,1.5,3
11/16/24 10:00,1.1,6.3,146,75.9,21.5,169,17,170,1.5,3
11/16/24 11:00,1.1,6.3,148,76.4,21.6,169,17,173,2.1,3
11/16/24 12:00,1.2,6.3,168,57.1,28.6,340,17.36,186,1.5,3
11/16/24 13:00,1.1,6.3,165,56,28.6,338,17.36,129,1.5,3
11/16/24 14:00,1.2,6.3,164,55.7,28.6,338,17.18,104,3.6,3
11/16/24 15:00,1.2,6.3,165,55.9,28.6,334,17.18,189,1.5,3
11/16/24 16:00,1.2,6.3,168,56.9,28.7,334,17.18,139,1,3
11/16/24 17:00,1.2,6.3,167,56.6,28.7,334,17.18,151,1,3
11/16/24 18:00,1.2,6.3,159,52.9,28.9,461,18.94,38,2.6,3
11/16/24 19:00,1.1,6.2,159,53.2,28.9,462,18.94,46,2.6,3
11/16/24 20:00,1.1,6.2,157,52.7,28.8,465,18.94,74,4.7,3
11/16/24 21:00,1.1,6.2,157,52.6,28.9,465,18.94,107,3.1,3
11/16/24 22:00,1.1,6.1,159,53.1,28.9,463,18.94,70,4.2,3
11/16/24 23:00,1.1,6.1,160,53.6,28.9,465,19.18,78,4.7,3
11/17/24 0:00,1.1,6,155,51.1,29.1,531,20.94,82,2.1,3
11/17/24 1:00,1.1,6.1,155,51.2,29.1,531,20.94,119,2.6,3
11/17/24 2:00,1.1,6.1,155,51.2,29.1,531,21.16,116,3.6,3
11/17/24 3:00,1.1,6.2,155,51.1,29.1,532,21.16,105,1.5,3
11/17/24 4:00,1.1,6.2,155,51.2,29.1,534,21.16,124,3.1,3
11/17/24 5:00,1.1,6.2,155,50.9,29.2,535,21.16,108,1.5,3
11/17/24 6:00,1.1,6.2,161,48.6,30.6,499,21.32,9,0.5,3
11/17/24 7:00,1.1,6.2,163,49.1,30.6,498,21.32,9,1,3
11/17/24 8:00,1.2,6.2,156,47,30.7,497,21.32,11,1,3
11/17/24 9:00,1.1,6.2,156,47,30.7,497,21.32,8,1,3
11/17/24 10:00,1.1,6.2,156,46.8,30.8,494,21.32,9,0.5,3
11/17/24 11:00,1.1,6.2,162,48.3,30.9,371,23.34,103,0.5,3
11/17/24 12:00,1.1,6.2,158,47.1,30.9,370,23.34,103,0.5,3
11/17/24 13:00,1.2,6.2,158,47,30.9,373,23.24,104,0.5,3
11/17/24 14:00,1.1,6.2,158,47,30.9,376,23.24,110,1,3
11/17/24 15:00,1.2,6.2,158,47.2,30.9,372,23.24,175,1.5,3
11/17/24 16:00,1.2,6.3,158,47.4,30.8,368,23.24,183,2.1,3
11/17/24 17:00,1.2,6.3,161,53.2,29.1,124,22.14,0,1.5,3
11/17/24 18:00,1.2,6.3,159,52.7,29.1,124,22.14,0,1.5,3
11/17/24 19:00,1.2,6.1,158,52.2,29.1,127,22.14,0,1.5,3
11/17/24 20:00,1.2,6.1,159,52.9,29,127,22.14,236,1.5,3
11/17/24 21:00,1.1,6,161,53.3,29,128,22.14,360,1.5,3
11/17/24 22:00,1.1,6,161,53.7,28.9,129,22.14,360,1.5,3
11/17/24 23:00,1.1,6,164,55.3,28.7,28,21.72,195,2.1,3
11/18/24 0:00,1.1,6,164,55.2,28.7,28,21.72,215,2.1,3
11/18/24 1:00,1,5.8,163,54.9,28.7,26,21.72,218,1.5,3
11/18/24 2:00,1,5.9,163,55,28.7,27,21.32,210,2.6,3
11/18/24 3:00,1,5.9,163,54.9,28.7,27,21.32,181,2.6,3
11/18/24 4:00,1,5.9,163,55,28.7,25,21.32,170,2.1,3
11/18/24 5:00,1,6,145,60.7,25.1,7,21,197,2.1,3
11/18/24 6:00,1,6,146,61.1,25.1,7,20.94,191,2.1,3
11/18/24 7:00,1,6,148,61.8,25.1,6,20.94,189,2.1,3
11/18/24 8:00,1,6,142,59.5,25.1,6,20.94,193,1.5,3
11/18/24 9:00,1,6,149,62.2,25.1,9,20.94,182,1.5,3
11/18/24 10:00,1,6,149,62.4,25,9,20.94,188,1,3
11/18/24 11:00,1,6,145,72.9,22,0,19.8,301,0,3
11/18/24 12:00,1,6,145,72.4,22.1,0,19.8,303,0,3
11/18/24 13:00,1,6.1,144,72.2,22.1,0,19.8,299,0.5,3
11/18/24 14:00,1,6.1,145,72.8,22,0,19.8,304,0.5,3
11/18/24 15:00,1,6,141,71.1,22,0,19.7,303,0.5,3
11/18/24 16:00,1,6.1,140,70.6,22,0,19.7,303,1,3
11/18/24 17:00,1,6.1,137,77.7,20.1,0,19.26,194,0,3
11/18/24 18:00,1,6.1,137,77.5,20.1,0,19.36,190,0,3
11/18/24 19:00,1,5.9,135,76.5,20.1,0,19.36,192,0,3
11/18/24 20:00,1,5.9,136,76.9,20.1,0,19.36,191,0,3
11/18/24 21:00,1.1,6.3,136,77.4,20.1,0,19.36,193,0,3
11/18/24 22:00,1.1,6.3,131,79.1,19.1,0,17.74,49,0.5,3
11/18/24 23:00,1.2,6.3,132,79.4,19.1,0,17.74,51,0.5,3
11/19/24 0:00,1.1,6.3,132,79.7,19.1,0,17.74,52,0.5,3
11/19/24 1:00,1.2,6.3,131,79,19.1,0,17.74,48,0.5,3
11/19/24 2:00,1.2,6.3,129,77.4,19.1,0,17.74,54,0.5,3
11/19/24 3:00,1.2,6.3,129,77.8,19.1,0,17.38,51,0,3
11/19/24 4:00,1.2,6.3,123,77.6,18.4,0,16.58,50,0,3
11/19/24 5:00,1.2,6.3,124,78.1,18.4,0,16.58,50,0,3
11/19/24 6:00,1.1,6.2,124,77.7,18.4,0,16.58,52,0,3
11/19/24 7:00,1.1,6.2,123,77.6,18.4,0,16.58,53,0,3
11/19/24 8:00,1.1,6.2,123,77.7,18.4,0,16.3,52,0,3
11/19/24 9:00,1.1,6.1,125,79,18.3,0,16.3,47,0,3
11/19/24 10:00,1.1,6.1,119,78.4,17.7,0,15.08,25,0.5,3
11/19/24 11:00,1.1,6,119,78.5,17.7,0,15.08,25,0.5,3
11/19/24 12:00,1.1,6.1,118,77.9,17.7,0,15.12,27,0.5,3
11/19/24 13:00,1.1,6.1,118,77.6,17.7,0,15.12,25,0.5,3
11/19/24 14:00,1.1,6.2,119,78.6,17.7,0,15.12,29,0.5,3
11/19/24 15:00,1.1,6.2,120,79.2,17.6,0,15.12,25,0,3
11/19/24 16:00,1.1,6.2,110,75.4,17.1,0,15.02,29,0,3
11/19/24 17:00,1.1,6.2,109,74.6,17,0,15.02,25,0,3
11/19/24 18:00,1.1,6.2,108,74,17,0,15.02,27,0,3
11/19/24 19:00,1.2,6.2,107,73.1,17,0,15.02,25,0,3
11/19/24 20:00,1.1,6.2,106,72.5,17,0,15.02,27,0,3
11/19/24 21:00,1.1,6.2,106,72.5,17.1,0,15.02,27,0,3
11/19/24 22:00,1.1,6.2,114,80.1,16.7,0,15.26,25,0,3
11/19/24 23:00,1.1,6.2,115,81,16.6,0,15.26,29,0,3
11/20/24 0:00,1.2,6.2,116,81.8,16.6,0,15.26,26,0,3
11/20/24 1:00,1.1,6.2,117,82.3,16.6,0,15.26,30,0,3
11/20/24 2:00,1.2,6.2,117,82.1,16.7,0,15.04,27,0,3
11/20/24 3:00,1.2,6.3,116,82.2,16.6,0,15.14,26,0,3
11/20/24 4:00,1.2,6.3,117,82.8,16.6,0,15.14,26,0,3
11/20/24 5:00,1.2,6.3,116,82.1,16.6,0,15.14,27,0,3
11/20/24 6:00,1.2,6.1,116,81.5,16.6,0,15.12,28,0,3
11/20/24 7:00,1.2,6.1,115,81.4,16.6,0,15.12,26,0,3
11/20/24 8:00,1.1,6,116,82.3,16.6,0,15.12,28,0,3
11/20/24 9:00,1.1,6,117,80.4,17.1,0,16.24,71,0,3
11/20/24 10:00,1.1,6,118,81,17.1,0,16.28,71,0.5,3
11/20/24 11:00,1.1,6,118,81.1,17,0,16.28,69,0.5,3
11/20/24 12:00,1,5.8,118,80.8,17,0,16.28,69,0.5,3
11/20/24 13:00,1,5.9,118,81.1,17,0,16.28,71,0,3
11/20/24 14:00,1,5.9,118,81.2,17,0,16.28,72,1,3
11/20/24 15:00,1,5.9,128,87,17.2,0,15.8,71,0,3
11/20/24 16:00,1,6,127,86.5,17.2,0,15.8,69,0,3
11/20/24 17:00,1,6,126,85.5,17.2,0,15.8,69,0,3
11/20/24 18:00,1,6,126,85,17.3,0,15.8,71,0,3
11/20/24 19:00,1,6,126,85.5,17.2,0,15.84,72,0,3
11/20/24 20:00,1,6,126,85.8,17.2,0,15.84,71,0,3
11/20/24 21:00,1,6,124,84.6,17.2,0,15.96,130,0,3
11/20/24 22:00,1,6,124,84.6,17.2,0,15.96,129,0,3
11/20/24 23:00,1,6,123,83.3,17.2,0,16.08,132,0,3
11/21/24 0:00,0.7,4.9,122,82.3,17.3,0,16.08,132,0,3
11/21/24 1:00,0.7,4.9,122,82.9,17.2,0,16.08,130,0,3
11/21/24 2:00,0.7,4.9,127,86.3,17.2,0,16.08,128,0,3
11/21/24 3:00,0.7,4.9,131,89.5,17.2,0,16.02,111,0,3
11/21/24 4:00,0.7,4.9,129,87.7,17.2,0,16.02,112,0,3
11/21/24 5:00,0.7,4.9,129,87.4,17.2,0,16.02,112,0,3
11/21/24 6:00,0.7,4.9,129,87.7,17.2,0,16.02,112,0,3
11/21/24 7:00,0.7,4.9,128,86.7,17.2,0,15.8,112,0,3
11/21/24 8:00,0.7,4.9,132,89.7,17.2,0,15.14,84,0,3
11/21/24 9:00,0.7,5.5,131,88.6,17.2,0,15.14,85,0,3
11/21/24 10:00,0.7,5.4,130,87.9,17.2,0,15.04,79,0,3
11/21/24 11:00,0.7,5.4,129,87.7,17.2,0,15.04,83,0,3
11/21/24 12:00,0.7,5.3,130,88.3,17.2,0,15.04,78,0,3
11/21/24 13:00,0.7,5.4,127,88.7,16.8,3,14.46,78,0,3
11/21/24 14:00,0.7,5.2,126,88.2,16.8,3,14.46,84,0,3
11/21/24 15:00,0.7,5,127,88.9,16.7,3,14.46,81,0,3
11/21/24 16:00,0.7,5,127,88.8,16.8,3,14.46,79,0,3
11/21/24 17:00,0.7,4.9,126,88.1,16.8,3,14.46,74,0,3
11/21/24 18:00,0.7,4.9,134,92.1,17,40,14.6,83,0,3
11/21/24 19:00,0.7,4.9,135,92.6,17,38,14.6,81,0,3
11/21/24 20:00,0.7,5,135,93.2,17,38,14.6,89,0,3
11/21/24 21:00,0.7,5,135,93.1,17,32,14.6,102,0,3
11/21/24 22:00,0.7,5,136,93.4,17,32,14.6,85,0,3
11/21/24 23:00,0.7,5,135,92.9,17,33,14.56,86,0,3
11/22/24 0:00,0.7,5.1,155,88.5,20,94,16.54,86,0,3
11/22/24 1:00,0.7,5.1,156,89.2,19.9,94,16.54,82,0,3
11/22/24 2:00,0.7,5.1,156,88.5,20,97,16.54,84,0,3
11/22/24 3:00,0.7,5.2,156,88.6,20.1,98,16.54,84,0,3
11/22/24 4:00,0.7,5.2,154,87.5,20,98,16.8,80,0,3
11/22/24 5:00,0.7,5.2,154,88.1,19.9,109,16.8,85,0,3
11/22/24 6:00,0.7,5.3,195,71.3,27.4,476,18.7,187,0,3
11/22/24 7:00,0.7,5.3,195,71.3,27.4,468,18.7,174,0,3
11/22/24 8:00,0.7,5.4,196,71.1,27.5,459,18.7,180,0.5,3
11/22/24 9:00,0.7,5.4,196,70.8,27.5,443,18.7,310,2.1,3
11/22/24 10:00,0.7,5.3,195,70.3,27.6,443,18.7,309,2.1,3
11/22/24 11:00,0.7,5.2,192,69.4,27.6,427,18.7,310,2.1,3
11/22/24 12:00,0.8,5.2,181,69.9,26.4,159,18.68,208,1,3
11/22/24 13:00,0.8,5.3,185,71.6,26.4,153,18.68,203,0.5,3
11/22/24 14:00,0.7,5.1,186,72,26.4,155,18.68,201,0.5,3
11/22/24 15:00,0.7,4.9,186,71.8,26.4,147,18.68,206,0.5,3
11/22/24 16:00,0.7,6.2,187,72.2,26.4,147,18.68,197,0.5,3
11/22/24 17:00,0.7,6.1,185,71.7,26.4,149,19.14,191,2.6,3
11/22/24 18:00,0.7,6.1,173,67.1,26.3,189,19.2,149,1.5,3
11/22/24 19:00,0.7,6.1,172,66.9,26.3,194,19.2,260,1.5,3
11/22/24 20:00,0.7,6.1,173,66.9,26.4,198,19.2,282,2.1,3
11/22/24 21:00,0.7,6.1,169,65.5,26.3,198,18.84,346,1.5,3
11/22/24 22:00,0.7,6.1,168,65.5,26.3,203,18.84,281,2.6,3
11/22/24 23:00,0.7,6.1,169,65.5,26.3,203,18.84,256,3.1,3
11/23/24 0:00,0.7,6.1,166,56.7,28.5,547,19.28,360,4.2,3
11/23/24 1:00,0.7,6.1,166,56.7,28.5,550,19.28,334,2.1,3
11/23/24 2:00,0.7,6.1,162,55.3,28.5,547,19.28,98,1.5,3
11/23/24 3:00,0.7,6.1,163,55.4,28.6,542,19.28,85,1.5,3
11/23/24 4:00,0.7,6.1,163,55.6,28.5,542,19.28,0,1,3
11/23/24 5:00,0.7,6.1,163,55.6,28.6,539,19.28,336,3.1,3
11/23/24 6:00,0.7,6.1,136,46,28.7,394,20.06,59,0.5,3
11/23/24 7:00,0.7,6.2,136,45.8,28.7,396,20.06,50,0.5,3
11/23/24 8:00,0.7,6.2,137,46.3,28.7,396,20.06,317,1.5,3
11/23/24 9:00,1.1,6.3,136,45.9,28.8,394,20.06,191,1,3
11/23/24 10:00,1.1,6.4,137,46.1,28.8,391,19.88,152,3.1,3
11/23/24 11:00,1.1,6.4,144,49.1,28.6,237,18.88,307,1.5,3
11/23/24 12:00,1.1,6.4,144,49.1,28.6,236,18.88,303,0.5,3
11/23/24 13:00,1.1,6.4,142,48.5,28.6,235,18.88,305,0.5,3
11/23/24 14:00,1.1,6.4,142,48.3,28.6,233,18.6,306,0,3
11/23/24 15:00,1.1,6.4,142,48.3,28.6,233,18.6,304,1,3
11/23/24 16:00,1.1,6.4,143,48.5,28.6,228,18.6,309,0.5,3
11/23/24 17:00,1.1,6.4,156,56,27.6,74,18.2,352,1,3
11/23/24 18:00,1.1,6.4,156,56,27.6,73,18.2,351,0.5,3
11/23/24 19:00,1.1,6.4,153,55,27.6,75,18.2,344,1,3
11/23/24 20:00,1.1,6.4,153,55.1,27.6,80,18.2,318,4.7,3
11/23/24 21:00,1.1,6.4,154,55.7,27.5,80,18.2,297,4.2,3
11/23/24 22:00,1.1,6.4,154,55.7,27.5,76,18,279,4.7,3
11/23/24 23:00,1.1,6.4,134,65,22.6,2,15.24,350,2.1,3
11/24/24 0:00,1.1,6.4,131,63.5,22.6,2,15.24,324,1.5,3
11/24/24 1:00,1.2,6.3,132,64,22.6,0,15.24,339,2.1,3
11/24/24 2:00,1.1,6.3,132,64.7,22.5,0,15.24,266,1.5,3
11/24/24 3:00,1.1,6.3,132,64.2,22.5,0,15.38,267,0.5,3
11/24/24 4:00,1.1,6.3,132,64.1,22.6,8,15.38,305,2.1,3
11/24/24 5:00,1.1,6.3,118,68.4,19.8,0,13.78,295,2.6,3
11/24/24 6:00,1,6.2,119,68.5,19.8,0,13.78,313,2.1,3
11/24/24 7:00,1.1,6.3,120,69.5,19.7,0,13.94,327,3.1,3
11/24/24 8:00,1.1,6.3,120,69.9,19.7,0,13.94,345,2.1,3
11/24/24 9:00,1.1,6.4,122,70.9,19.7,0,13.94,286,2.1,3
11/24/24 10:00,1.1,6.4,122,71.2,19.7,0,13.94,310,2.1,3
11/24/24 11:00,1.1,6.4,120,74.1,18.8,0,13.5,193,0.5,3
11/24/24 12:00,1.1,6.4,120,74.1,18.7,0,13.5,188,0,3
11/24/24 13:00,1.1,6.4,120,73.8,18.8,0,13.5,185,0,3
11/24/24 14:00,1.1,6.4,117,71.9,18.8,0,13.5,215,2.6,3
11/24/24 15:00,1.1,6.4,118,72.3,18.9,0,13.5,220,1,3
11/24/24 16:00,1.1,6.4,116,71.2,18.8,0,13.5,332,1.5,3
11/24/24 17:00,1.1,6.4,116,73.1,18.4,0,12.82,301,1.5,3
11/24/24 18:00,1.1,6.4,117,73.6,18.4,0,12.82,299,1,3
11/24/24 19:00,1.1,6.5,116,73.3,18.4,0,12.82,308,1,3
11/24/24 20:00,1.1,6.5,118,74.1,18.4,0,12.82,305,1,3
11/24/24 21:00,1.1,6.5,118,74.2,18.4,0,12.4,262,1.5,3
11/24/24 22:00,1.1,6.5,120,75.5,18.4,0,12.4,339,1.5,3
11/24/24 23:00,1.1,6.5,86,61.9,16.4,0,12.62,288,1,3
11/25/24 0:00,1.1,6.5,86,61.8,16.4,0,12.24,292,1,3
11/25/24 1:00,1.2,6.3,86,62,16.3,0,12.24,291,1,3
11/25/24 2:00,1.2,6.3,86,61.9,16.3,0,12.24,297,1,3
11/25/24 3:00,1.2,6.3,86,62,16.3,0,12.24,325,3.1,3
11/25/24 4:00,1.1,6.3,86,63,16,0,10.88,289,0,3
11/25/24 5:00,1.1,6.3,86,62.7,16,0,10.88,287,0,3
11/25/24 6:00,1.1,6.3,85,62.5,16,0,10.88,290,0,3
11/25/24 7:00,1.1,6.3,86,63,16.1,0,10.88,287,0,3
11/25/24 8:00,1.1,6.3,87,63.6,16.1,0,10.88,281,0,3
11/25/24 9:00,1.1,6.3,87,63.7,16.1,0,10.88,283,0,3
11/25/24 10:00,1.1,6.4,90,64.2,16.5,0,10.64,266,1.5,3
11/25/24 11:00,1.1,6.4,92,65.5,16.5,0,10.64,290,2.1,3
11/25/24 12:00,1.1,6.5,92,65.3,16.5,0,10.64,265,1.5,3
11/25/24 13:00,1.1,6.4,91,64.9,16.5,0,10.5,275,1,3
11/25/24 14:00,1.1,6.4,91,65,16.5,0,10.5,275,1,3
11/25/24 15:00,1.1,6.4,98,70.8,16.2,0,10.06,300,0.5,3
11/25/24 16:00,1.1,6.4,97,69.9,16.2,0,10.06,304,0,3
11/25/24 17:00,1.1,6.5,98,70.7,16.2,0,10.22,298,0,3
11/25/24 18:00,1.1,6.5,98,71.2,16.2,0,10.22,297,0,3
11/25/24 19:00,1.1,6.5,99,71.6,16.2,0,10.22,301,0,3
11/25/24 20:00,1.1,6.5,98,71.3,16.2,0,10.22,296,0,3
11/25/24 21:00,1.1,6.5,94,68.6,16.1,0,10.54,248,0,3
11/25/24 22:00,1.1,6.5,95,69.5,16.1,0,10.54,244,0,3
11/25/24 23:00,1.1,6.4,95,69.9,16,0,10.54,246,0,3
11/26/24 0:00,1.1,6.5,95,69.5,16.1,0,10.54,246,0,3
11/26/24 1:00,1.1,6.3,95,69.4,16.1,0,10.54,241,0,3
11/26/24 2:00,1.1,6.4,94,69.2,15.9,0,9.2,62,0.5,3
11/26/24 3:00,1.1,6.4,95,70.2,15.9,0,9.2,63,0,3
11/26/24 4:00,1.1,6.4,95,69.9,15.9,0,9.2,62,0,3
11/26/24 5:00,1,6.3,92,68.1,15.9,0,9.1,62,0,3
11/26/24 6:00,1,6.4,94,69.8,15.9,0,9.1,64,0,3
11/26/24 7:00,1,6.4,94,69.8,15.9,0,9.1,64,0,3
11/26/24 8:00,1,6.5,96,73.3,15.4,0,7.74,50,0.5,3
11/26/24 9:00,1.1,6.5,96,73,15.4,0,7.74,50,1,3
11/26/24 10:00,1.1,6.5,96,73,15.5,0,7.74,48,1,3
11/26/24 11:00,1.1,6.5,97,73.3,15.5,0,7.74,51,1,3
11/26/24 12:00,1.1,6.5,97,73.5,15.5,0,7.74,53,1,3
11/26/24 13:00,1.1,6.5,94,72.1,15.2,0,7.82,66,0,3
11/26/24 14:00,1.1,6.5,94,72.7,15.3,0,7.82,72,0,3
11/26/24 15:00,1.1,6.5,93,71.9,15.2,0,7.82,75,0,3
11/26/24 16:00,1.1,6.5,94,72.9,15.2,0,7.82,72,0,3
11/26/24 17:00,1.1,6.5,95,72.9,15.2,0,7.68,76,0,3
11/26/24 18:00,1.1,6.5,95,73.4,15.3,0,7.68,72,0,3
11/26/24 19:00,1.1,6.5,95,73.3,15.2,0,7,72,0,3
11/26/24 20:00,1.1,6.5,94,73.2,15.1,0,7,69,0,3
11/26/24 21:00,1.1,6.5,94,73.1,15.1,0,6.58,73,0,3
11/26/24 22:00,1.1,6.5,95,73.6,15.1,0,6.58,71,0.5,3
11/26/24 23:00,1.1,6.5,95,73.6,15.1,0,6.58,67,0.5,3
11/27/24 0:00,1.1,6.5,94,73.4,15.1,0,6.58,68,0.5,3
11/27/24 1:00,1.2,6.4,92,73.8,14.6,0,6.6,69,0,3
11/27/24 2:00,1.2,6.4,93,74.2,14.6,0,6.6,68,0,3
11/27/24 3:00,1.1,6.4,93,74.3,14.6,0,6.6,69,0.5,3
11/27/24 4:00,1.1,6.4,92,73.9,14.6,0,6.6,69,0,3
11/27/24 5:00,0.7,6.4,92,73.7,14.6,0,6.6,71,0.5,3
11/27/24 6:00,0.7,6.4,91,73.1,14.6,0,6.6,74,1,3
11/27/24 7:00,0.7,6.4,92,73.6,14.7,4,7.1,72,0,3
11/27/24 8:00,0.7,6.5,92,73.6,14.7,4,7.1,73,0,3
11/27/24 9:00,0.7,6.5,93,74.7,14.6,4,7.1,76,0,3
11/27/24 10:00,0.7,6.5,92,74,14.6,4,6.82,74,0.5,3
11/27/24 11:00,0.7,6.5,92,74.1,14.6,4,6.82,65,0.5,3
11/27/24 12:00,0.7,6.5,97,73.4,15.5,55,8.58,74,0,3
11/27/24 13:00,0.7,6.5,96,73.1,15.5,52,8.56,67,0,3
11/27/24 14:00,0.7,6.5,96,73,15.5,52,8.56,73,0,3
11/27/24 15:00,0.7,6.5,97,73.4,15.5,49,8.56,72,0,3
11/27/24 16:00,0.7,6.5,97,73,15.5,46,8.56,68,0.5,3
11/27/24 17:00,0.7,6.5,100,75.3,15.5,45,8.56,69,1,3
11/27/24 18:00,0.7,6.5,122,73.8,19,77,9.1,70,0,3
11/27/24 19:00,0.7,6.5,122,73.8,19.1,71,9.1,71,0,3
11/27/24 20:00,0.7,6.5,122,73.8,19.1,78,9.1,70,0,3
11/27/24 21:00,0.7,6.5,121,73.2,19.1,75,9.1,72,0,3
11/27/24 22:00,0.7,6.5,121,73.1,19.1,77,9.1,71,0,3
11/27/24 23:00,0.7,6.5,121,73.1,19.1,77,9.58,67,0,3
11/28/24 0:00,0.7,6.5,172,52.9,30.3,334,11.52,311,0,3
11/28/24 1:00,0.7,6.5,171,52.8,30.3,335,11.52,183,0,3
11/28/24 2:00,0.7,6.5,171,52.5,30.3,337,11.82,200,0,3
11/28/24 3:00,0.7,6.5,171,52.4,30.4,335,11.82,297,0,3
11/28/24 4:00,0.7,6.5,171,52.7,30.3,329,11.82,230,0,3
11/28/24 5:00,0.7,6.5,121,45.4,27,449,12.5,200,1.5,3
11/28/24 6:00,0.7,6.5,122,45.7,27,449,12.72,206,1.5,3
11/28/24 7:00,0.7,6.5,122,45.6,27,452,12.72,199,1.5,3
11/28/24 8:00,0.7,6.5,121,45.2,27,454,12.72,198,2.1,3
11/28/24 9:00,0.7,6.5,120,45.1,27,454,12.72,207,1.5,3
11/28/24 10:00,0.7,6.5,120,44.8,27,456,12.72,231,1,3
11/28/24 11:00,0.7,6.5,120,42.8,27.8,503,13.24,281,2.6,3
11/28/24 12:00,0.7,6.5,121,42.8,27.9,503,13.24,341,1.5,3
11/28/24 13:00,0.7,6.5,119,42.5,27.8,505,13.24,344,1,3
11/28/24 14:00,0.7,6.5,120,42.7,27.8,506,13.24,345,1,3
11/28/24 15:00,0.7,6.5,120,42.7,27.8,507,13.12,185,1.5,3
11/28/24 16:00,0.7,6.5,120,42.4,27.9,511,13.12,196,1.5,3
11/28/24 17:00,0.7,6.5,127,43.6,28.4,478,14.18,302,3.1,3
11/28/24 18:00,1.2,6.4,126,43.6,28.4,478,14.18,296,3.1,3
11/28/24 19:00,1.2,6.4,126,43.6,28.4,480,14.06,295,3.1,3
11/28/24 20:00,1.2,6.4,127,43.7,28.4,479,14.06,291,2.6,3
11/28/24 21:00,1.2,6.4,127,43.9,28.4,477,14.06,290,1.5,3
11/28/24 22:00,1.2,6.4,127,43.8,28.4,475,14.06,303,2.1,3
11/28/24 23:00,1.2,6.4,251,95.9,26.6,386,13.7,238,1,3
11/29/24 0:00,0.9,6.3,252,96.5,26.5,386,13.7,176,1,3
11/29/24 1:00,0.9,6.3,251,96.2,26.6,386,13.7,175,2.1,3
11/29/24 2:00,0.9,6.3,252,96.4,26.6,386,13.7,182,2.6,3
11/29/24 3:00,0.9,6.3,251,95.9,26.6,384,13.7,215,2.1,3
11/29/24 4:00,1.1,6.3,252,96.1,26.6,383,13.64,228,1.5,3
11/29/24 5:00,1.1,6.3,220,96.4,24.3,211,13.86,310,3.1,3
11/29/24 6:00,1.1,6.4,226,99.5,24.2,211,13.86,321,3.1,3
11/29/24 7:00,1.1,6.4,226,99.9,24.1,206,13.82,285,2.1,3
11/29/24 8:00,1.1,6.4,226,99.6,24.2,204,13.82,304,3.1,3
11/29/24 9:00,1.1,6.4,226,99.9,24.1,203,13.82,267,2.6,3
11/29/24 10:00,1.1,6.5,173,99.9,19.7,66,12.88,265,2.1,3
11/29/24 11:00,1.1,6.5,172,99.2,19.7,66,12.88,235,2.1,3
11/29/24 12:00,1.1,6.5,172,99.5,19.7,66,12.88,77,2.1,3
11/29/24 13:00,1.1,6.5,173,99.9,19.7,66,12.88,245,1.5,3
11/29/24 14:00,1.1,6.5,172,99.9,19.6,64,12.88,92,1,3
11/29/24 15:00,1.1,6.5,171,99.9,19.6,62,12.88,343,4.7,3
11/29/24 16:00,1.1,6.5,154,99.2,18.1,0,12.36,311,2.1,3
11/29/24 17:00,1.1,6.5,155,99.9,18,0,12.36,341,1.5,3
11/29/24 18:00,1.1,6.5,155,99.9,18,0,12.36,330,2.6,3
11/29/24 19:00,1.1,6.5,155,99.8,18,0,12.36,306,1,3
11/29/24 20:00,1.1,6.5,156,99.9,18.1,0,12.24,250,1,3
11/29/24 21:00,1.1,6.5,156,99.9,18.1,0,12.24,256,0.5,3
11/29/24 22:00,1.1,6.5,136,97.2,16.4,0,11.22,126,1,3
11/29/24 23:00,1.1,6.5,136,97.2,16.4,0,11.28,307,1,3
11/30/24 0:00,1.1,6.5,136,97.1,16.4,0,11.28,291,1,3
11/30/24 1:00,1.1,6.5,136,97.5,16.4,0,11.28,287,1,3
11/30/24 2:00,1.1,6.5,135,96.4,16.4,0,11.28,291,1.5,3
11/30/24 3:00,1.1,6.5,138,97.4,16.6,0,10.58,333,2.1,3
11/30/24 4:00,1.1,6.5,139,97.3,16.7,0,10.58,202,3.6,3
11/30/24 5:00,1.1,6.5,138,96.8,16.7,0,10.58,232,1,3
11/30/24 6:00,1.1,6.5,138,96.6,16.7,0,10.58,235,1.5,3
11/30/24 7:00,1.1,6.5,136,95.4,16.7,0,10.58,239,1.5,3
11/30/24 8:00,1.1,6.5,131,92,16.7,0,10.58,182,0.5,3
11/30/24 9:00,1.1,6.5,133,95.8,16.2,0,10.28,21,1,3
11/30/24 10:00,1.1,6.5,133,96.5,16.2,0,10.28,342,1,3
11/30/24 11:00,1.1,6.5,133,95.7,16.3,0,10.28,326,1.5,3
11/30/24 12:00,1.1,6.5,133,95.7,16.3,0,10.28,230,3.1,3
11/30/24 13:00,1.1,6.5,136,98,16.2,0,10.14,7,2.6,3
11/30/24 14:00,1.1,6.5,136,98.3,16.2,0,10.14,5,1,3
11/30/24 15:00,1.1,6.5,133,99,15.7,0,9.46,285,2.1,3
11/30/24 16:00,1.1,6.5,132,98.4,15.7,0,9.38,300,2.6,3
11/30/24 17:00,1.1,6.5,132,98.2,15.7,0,9.38,331,2.1,3
11/30/24 18:00,1.1,6.4,133,99.3,15.7,0,9.38,328,1.5,3
11/30/24 19:00,1.1,6.4,132,98.5,15.7,0,9.38,331,1,3
11/30/24 20:00,1.1,6.4,132,98.4,15.7,0,9.38,331,1.5,3
11/30/24 21:00,1.1,6.4,127,97.5,15.2,0,8.88,229,2.1,3
11/30/24 22:00,1.1,6.4,126,97,15.2,0,8.88,228,1.5,3
11/30/24 23:00,1.1,6.4,127,98.1,15.2,0,8.88,279,1.5,3
12/1/24 0:00,1.1,6.4,427,98.5,11.8,0,4.62,104,0,3
12/1/24 1:00,1.1,6.4,427,98.4,11.8,0,4.62,108,0,3
12/1/24 2:00,1,6.4,427,97.2,11.9,0,4.62,107,0,3
12/1/24 3:00,1,6.4,427,96,11.8,0,4.62,107,0,3
12/1/24 4:00,1,6.4,427,96,11.8,0,4.62,100,0,3
12/1/24 5:00,1,6.4,427,94.8,11.9,0,4.6,116,0,3
12/1/24 6:00,1,6.4,436,93.8,10.9,0,4.42,105,0,3
12/1/24 7:00,1,6.4,437,93.9,10.9,0,4.42,101,0,3
12/1/24 8:00,1,6.5,437,93.1,10.9,0,4.42,110,0,3
12/1/24 9:00,1,6.5,437,93.4,10.8,0,4.42,104,0,3
12/1/24 10:00,1,6.5,438,93.3,10.9,0,4.64,110,0,3
12/1/24 11:00,1,6.5,438,93.1,10.9,0,4.64,111,0,3
12/1/24 12:00,1,6.5,441,98.7,10.1,0,3.32,109,0,3
12/1/24 13:00,1,6.5,442,97.4,10.1,0,3.88,110,0,3
12/1/24 14:00,1,6.5,441,97.2,10,0,3.88,98,0,3
12/1/24 15:00,1,6.5,440,97.5,10,0,3.88,107,0,3
12/1/24 16:00,1,6.5,441,97.7,10,0,3.88,104,0,3
12/1/24 17:00,1,6.5,441,95.5,10.1,0,3.88,113,0,3
12/1/24 18:00,1,6.5,449,93.6,9.6,0,4.1,106,0,3
12/1/24 19:00,1,6.5,450,93.1,9.6,0,4.1,101,0,3
12/1/24 20:00,1,6.5,451,94,9.6,0,4.1,115,0,3
12/1/24 21:00,1,6.5,452,94.9,9.5,0,4.1,112,0,3
12/1/24 22:00,1.1,6.5,452,94.7,9.6,0,4.08,97,0,3
12/1/24 23:00,1.1,6.5,452,93.4,9.6,0,4.08,105,0,3
12/2/24 0:00,1.1,6.5,452,96.6,9.2,0,1.54,102,0,3
12/2/24 1:00,1.1,6.5,452,96.1,9.2,0,1.54,116,0,3
12/2/24 2:00,1,6.5,454,94.6,9.2,0,2.24,100,0,3
12/2/24 3:00,1,6.5,453,95.1,9.2,0,2.24,102,0,3
12/2/24 4:00,1,6.5,454,96.1,9.2,0,2.24,112,0,3
12/2/24 5:00,1,6.5,453,96.3,9.1,0,2.24,108,0,3
12/2/24 6:00,1.1,6.5,453,92.2,8.8,0,2.6,106,0,3
12/2/24 7:00,1.1,6.5,452,92.1,8.8,0,2.6,106,0,3
12/2/24 8:00,1.1,6.5,453,91.8,8.8,0,2.6,96,0,3
12/2/24 9:00,1.1,6.5,453,92.6,8.8,0,2.6,113,0,3
12/2/24 10:00,1.1,6.5,453,94.8,8.8,0,2.6,115,0,3
12/2/24 11:00,1.1,6.5,453,94.9,8.8,0,2.6,108,0,3
12/2/24 12:00,1,6.5,456,91.7,8.5,0,-0.19,108,0,3
12/2/24 13:00,1,6.5,454,91.2,8.6,0,-0.19,108,0,3
12/2/24 14:00,1.1,6.5,454,91,8.5,0,1.2,107,0,3
12/2/24 15:00,1.1,6.5,455,91.5,8.5,0,1.2,102,0,3
12/2/24 16:00,1,6.5,455,91.4,8.5,0,1.2,104,0,3
12/2/24 17:00,1,6.5,455,91.3,8.6,0,1.2,105,0,3
12/2/24 18:00,1.1,6.4,461,92.9,8.5,0,2,113,0,3
12/2/24 19:00,1.1,6.4,462,92.4,8.5,0,2,105,0,3
12/2/24 20:00,1.1,6.4,463,93.1,8.5,0,2,99,0,3
12/2/24 21:00,1.1,6.4,464,93.4,8.5,0,2,97,0,3
12/2/24 22:00,1.1,6.4,464,93.4,8.5,0,2,109,0,3
12/2/24 23:00,1.1,6.4,464,94.8,8.5,0,1.54,100,0,3
12/3/24 0:00,1.2,6.4,461,92.7,9.2,4,3.02,118,0,3
12/3/24 1:00,1.2,6.4,461,92.8,9.2,3,3.02,104,0,3
12/3/24 2:00,1.2,6.3,462,93.5,9.2,3,3.02,110,0,3
12/3/24 3:00,1.2,6.3,462,92.3,9.2,4,3.3,103,0,3
12/3/24 4:00,1.1,6.3,462,92.4,9.2,5,3.3,98,0,3
12/3/24 5:00,1.1,6.3,462,93.5,9.2,5,3.3,106,0,3
12/3/24 6:00,1.1,6.3,455,93.4,12,94,3.44,111,0,3
12/3/24 7:00,1.1,6.3,456,88.8,12,91,3.32,110,0,3
12/3/24 8:00,1.1,6.4,456,88.1,12,86,3.32,104,0,3
12/3/24 9:00,1.1,6.4,458,90,12,83,3.32,107,0,3
12/3/24 10:00,1.1,6.4,460,89.4,12,83,3.32,115,0,3
12/3/24 11:00,1.1,6.4,460,89.6,12,85,3.32,103,0,3
12/3/24 12:00,1.1,6.5,455,88.7,17,189,7.2,161,0,3
12/3/24 13:00,1.1,6.5,455,88.6,17,187,7.2,164,0,3
12/3/24 14:00,1.1,6.5,455,88.7,17,191,7.2,162,0,3
12/3/24 15:00,1.1,6.5,454,90.3,17,198,7.2,153,0,3
12/3/24 16:00,1.1,6.5,453,91.1,17,198,6.8,165,0,3
12/3/24 17:00,1.1,6.5,454,92.1,17.1,194,6.8,159,0,3
12/3/24 18:00,1.1,6.5,442,93.5,21.9,235,9.56,130,0.5,3
12/3/24 19:00,1.1,6.5,442,94.3,21.9,230,9.18,145,0.5,3
12/3/24 20:00,1.1,6.5,442,95.2,21.9,230,9.18,144,1,3
12/3/24 21:00,1.1,6.5,441,94.9,21.9,230,9.18,154,1,3
12/3/24 22:00,1.1,6.5,442,95.2,21.9,228,9.18,156,0.5,3
12/3/24 23:00,1.1,6.5,411,91.6,22.8,249,10.92,82,1,3
12/4/24 0:00,1.1,6.5,410,92,22.8,249,10.92,82,1.5,3
12/4/24 1:00,1.1,6.5,410,91.3,22.8,251,10.92,70,1,3
12/4/24 2:00,1.1,6.5,408,90.9,22.9,256,10.92,92,1,3
12/4/24 3:00,1.1,6.5,409,89.7,22.8,257,10.92,111,1,3
12/4/24 4:00,1.2,6.5,410,92,23.7,370,11.58,158,1,3
12/4/24 5:00,1.2,6.5,409,91.6,23.6,371,11.58,166,0.5,3
12/4/24 6:00,1.1,6.5,409,90.1,23.7,370,11.58,157,0,3
12/4/24 7:00,1.1,6.5,410,90.1,23.7,368,11.58,162,0.5,3
12/4/24 8:00,1.1,6.5,410,90.9,23.7,368,12.06,146,0.5,3
12/4/24 9:00,1.1,6.5,410,90.9,23.7,362,12.06,158,0,3
12/4/24 10:00,1.1,6.5,403,99.9,21.2,161,12.82,124,2.1,3
12/4/24 11:00,1.1,6.5,402,99.9,21.2,161,12.82,91,2.6,3
12/4/24 12:00,1.1,6.5,402,99.9,21.2,162,12.82,143,2.1,3
12/4/24 13:00,1.1,6.5,402,99.9,21.1,156,12.82,222,0.5,3
12/4/24 14:00,1.1,6.5,403,99.9,21.1,154,12.82,144,1,3
12/4/24 15:00,1.1,6.5,404,99.9,21.1,146,12.82,114,1.5,3
12/4/24 16:00,1.1,6.5,388,99.9,20.5,88,11.96,71,1.5,3
12/4/24 17:00,1.1,6.5,388,99.9,20.5,89,11.96,93,2.6,3
12/4/24 18:00,1.1,6.3,386,99.9,20.5,92,11.96,111,4.2,3
12/4/24 19:00,1.1,6.3,385,99.9,20.5,93,11.96,118,3.1,3
12/4/24 20:00,1.1,6.4,384,99.9,20.4,93,11.58,119,1.5,3
12/4/24 21:00,1.1,6.4,383,99.9,20.5,98,11.58,125,1,3
12/4/24 22:00,1.1,6.3,379,99.9,18.1,10,11.8,101,0,3
12/4/24 23:00,1.1,6.3,379,99.9,18.1,12,11.8,102,0,3
12/5/24 0:00,1.1,6.3,379,99.9,18,13,12.22,97,0.5,3
12/5/24 1:00,1.1,6.3,379,99.9,18,12,12.22,95,0,3
12/5/24 2:00,1.1,6.3,378,99.9,18.1,12,12.22,94,0,3
12/5/24 3:00,1.1,6.3,379,99.9,18.1,14,12.22,100,0.5,3
12/5/24 4:00,0.9,6.3,386,98,14.5,6,11.7,92,0.5,3
12/5/24 5:00,0.9,6.3,385,96.8,14.5,6,11.7,86,0.5,3
12/5/24 6:00,0.9,6.3,384,97.2,14.5,6,11.7,90,1,3
12/5/24 7:00,0.9,6.3,383,96.4,14.5,6,11.7,85,1,3
12/5/24 8:00,0.9,6.3,382,96.6,14.5,6,11.7,63,1.5,3
12/5/24 9:00,0.9,6.3,389,97.2,14,0,10.94,70,0,3
12/5/24 10:00,0.9,6.4,389,96.5,14,0,10.94,83,0,3
12/5/24 11:00,0.9,6.4,391,95.9,14,0,10.94,78,0,3
12/5/24 12:00,0.9,6.4,392,96.7,14,0,10.94,66,0,3
12/5/24 13:00,0.9,6.4,392,97.4,14,0,10.94,74,0,3
12/5/24 14:00,0.9,6.5,392,97.6,14,0,10.94,71,0,3
12/5/24 15:00,0.9,6.5,394,93.6,14,0,10.7,95,1,3
12/5/24 16:00,0.9,6.5,394,95.6,14,0,10.34,83,1,3
12/5/24 17:00,0.9,6.5,395,96.1,14,0,10.34,86,1,3
12/5/24 18:00,0.9,6.5,396,96.5,14,0,10.34,100,0.5,3
12/5/24 19:00,0.9,6.5,397,96.6,14,0,10.34,104,0.5,3
12/5/24 20:00,0.9,6.5,397,97.9,14,0,10.34,102,1,3
12/5/24 21:00,0.9,6.5,398,96.2,13.6,0,10.02,91,0,3
12/5/24 22:00,0.9,6.5,399,96.7,13.6,0,10.02,93,0,3
12/5/24 23:00,0.9,6.5,398,96.3,13.6,0,10.02,85,0,3
12/6/24 0:00,0.9,6.5,399,96.1,13.6,0,10.02,97,0,3
12/6/24 1:00,0.9,6.5,399,96.2,13.6,0,10.02,91,0,3
12/6/24 2:00,0.9,6.5,400,95.5,13.6,0,10.52,105,0,3
12/6/24 3:00,0.9,6.5,405,99.9,13.5,0,10.26,213,0,3
12/6/24 4:00,0.9,6.5,405,99.9,13.6,0,10.26,199,0,3
12/6/24 5:00,0.9,6.5,404,99.9,13.6,0,10.26,212,0.5,3
12/6/24 6:00,0.9,6.5,404,99.9,13.5,0,9.92,200,0.5,3
12/6/24 7:00,0.9,6.5,403,99.9,13.5,0,9.92,205,1,3
12/6/24 8:00,0.9,6.5,402,99.6,13.6,0,9.92,204,0.5,3
12/6/24 9:00,0.9,6.5,406,92,13.5,0,9.6,93,0,3
12/6/24 10:00,0.9,6.5,407,91.5,13.4,0,9.6,93,0,3
12/6/24 11:00,0.9,6.5,407,91.5,13.5,0,9.6,94,0.5,3
12/6/24 12:00,0.9,6.5,408,90.9,13.5,0,9.6,92,0.5,3
12/6/24 13:00,0.9,6.5,409,91,13.4,0,9.6,90,1,3
12/6/24 14:00,0.9,6.5,409,94.7,13.4,0,9.6,88,0.5,3
12/6/24 15:00,0.9,6.5,411,96.9,13.3,0,9.86,117,1,3
12/6/24 16:00,0.9,6.5,413,97.8,13.3,0,9.86,114,1,3
12/6/24 17:00,0.9,6.5,414,97.6,13.3,0,9.86,110,1,3
12/6/24 18:00,1.1,6.4,415,96.7,13.3,0,9.32,117,0.5,3
12/6/24 19:00,1.1,6.4,416,96.6,13.3,0,9.32,116,1,3
12/6/24 20:00,1.1,6.4,416,93.3,12.5,0,9.46,93,0,3
12/6/24 21:00,1.1,6.4,414,94.3,12.4,0,9.46,94,0,3
12/6/24 22:00,1.1,6.4,414,93.8,12.5,0,9.46,90,0,3
12/6/24 23:00,1.1,6.4,414,94.7,12.5,0,9.46,97,1,3
12/7/24 0:00,1,6.4,414,94,12.5,0,9.46,92,0.5,3
12/7/24 1:00,1,6.4,414,94,12.5,0,9.46,92,1,3
12/7/24 2:00,1,6.4,413,92.9,12,0,9.46,124,1.5,3
12/7/24 3:00,1,6.4,414,94.4,11.9,0,9.46,120,1,3
12/7/24 4:00,1.1,6.3,415,94.4,11.9,0,9.46,126,0.5,3
12/7/24 5:00,1.1,6.3,415,93.9,11.9,0,9.46,123,1,3
12/7/24 6:00,1.1,6.4,415,92.8,12,0,9.46,130,1,3
12/7/24 7:00,1.1,6.4,414,92.4,11.9,0,9.46,123,1,3
12/7/24 8:00,1.1,6.4,410,95.9,12,0,8.7,79,0,3
12/7/24 9:00,1.1,6.4,410,95.5,12.1,0,8.7,85,0,3
12/7/24 10:00,1.2,6.4,411,94.9,12.1,0,8.7,85,1,3
12/7/24 11:00,1.2,6.4,412,94.9,12.1,0,8.54,84,2.6,3
12/7/24 12:00,1.2,6.5,412,94.6,12,0,8.54,89,1.5,3
12/7/24 13:00,1.2,6.5,412,92.1,12,0,8.54,89,1,3
12/7/24 14:00,1.2,6.5,404,93.6,12,0,9.5,72,1,3
12/7/24 15:00,1.2,6.5,404,96.2,12,0,9.5,80,1.5,3
12/7/24 16:00,1.2,6.5,405,97.2,12,0,9.4,72,1.5,3
12/7/24 17:00,1.2,6.5,407,97.6,12,0,9.4,111,1.5,3
12/7/24 18:00,1.2,6.5,408,96.1,11.9,0,9.4,111,1,3
12/7/24 19:00,1.2,6.5,407,95.9,11.9,0,9.4,112,1,3
12/7/24 20:00,1.2,6.5,407,92.1,11.7,0,9.2,85,0,3
12/7/24 21:00,1.2,6.5,408,92.1,11.7,0,8.74,81,0,3
12/7/24 22:00,1.1,6.5,408,92.4,11.7,0,8.74,88,0.5,3
12/7/24 23:00,1.1,6.5,408,91.5,11.7,0,8.74,96,0.5,3
12/8/24 0:00,1.2,6.5,406,91.9,11.7,0,8.74,88,0.5,3
12/8/24 1:00,1.2,6.5,404,94.5,11.7,0,8.74,87,0.5,3
12/8/24 2:00,1.2,6.5,401,95.9,11.4,0,9.46,88,1,3
12/8/24 3:00,1.2,6.5,402,94,11.4,0,9.46,91,1.5,3
12/8/24 4:00,1.2,6.5,403,94.3,11.4,0,9.46,107,1.5,3
12/8/24 5:00,1.2,6.5,404,94.6,11.4,0,9.46,105,0.5,3
12/8/24 6:00,1.2,6.5,403,94.9,11.4,0,9.96,96,1,3
12/8/24 7:00,1.2,6.5,403,94.9,11.3,0,9.96,105,0.5,3
12/8/24 8:00,1.2,6.5,401,94.1,11.9,0,8.62,100,0.5,3
12/8/24 9:00,1.2,6.5,401,94.9,11.9,0,8.62,116,0.5,3
12/8/24 10:00,1.2,6.5,400,94.1,11.9,0,8.14,101,0,3
12/8/24 11:00,1.2,6.5,400,94.1,11.8,0,8.14,118,0,3
12/8/24 12:00,1.2,6.5,400,92.4,11.9,0,8.14,101,0,3
12/8/24 13:00,1.2,6.5,401,93.3,11.9,0,8.14,105,0,3
12/8/24 14:00,1.1,6.5,399,96.6,11,0,8.34,47,1,3
12/8/24 15:00,1.1,6.5,397,94.8,11,0,8.34,41,1,3
12/8/24 16:00,1.1,6.5,397,96,11,0,8.34,83,1.5,3
12/8/24 17:00,1.1,6.5,398,95.6,11,0,8.34,92,1.5,3
12/8/24 18:00,1,6.3,397,97.3,11,0,8.34,95,1,3
12/8/24 19:00,1,6.3,397,96.9,11,0,8.34,87,0.5,3
12/8/24 20:00,1.1,6.4,395,94.8,11.2,6,9.44,31,1,3
12/8/24 21:00,1.1,6.4,396,94.3,11.2,5,9.44,30,1,3
12/8/24 22:00,1.1,6.4,398,94,11.2,5,9.44,27,1,3
12/8/24 23:00,1.1,6.4,399,93.8,11.2,5,9.7,24,1,3
12/9/24 0:00,1,6.4,399,92.7,11.3,6,9.7,24,1,3
12/9/24 1:00,1,6.4,399,91.8,11.3,6,9.7,22,0.5,3
12/9/24 2:00,1,6.3,393,94.4,14.6,89,10.44,220,0,3
12/9/24 3:00,1,6.3,393,94,14.6,87,10.14,219,0,3
12/9/24 4:00,1.1,6.3,393,94.6,14.6,85,10.14,218,0.5,3
12/9/24 5:00,1.1,6.3,393,94.6,14.7,81,10.14,224,0.5,3
12/9/24 6:00,1.1,6.4,393,94.2,14.7,81,10.14,215,0,3
12/9/24 7:00,1.1,6.4,393,93.5,14.7,77,10.14,223,0.5,3
12/9/24 8:00,1.1,6.4,547,89,21.9,220,11.06,27,2.1,3
12/9/24 9:00,1.1,6.4,554,89.7,21.9,223,11.06,28,1,3
12/9/24 10:00,1.1,6.5,560,89.5,21.8,222,11.06,22,1,3
12/9/24 11:00,1.1,6.5,564,89.6,21.8,220,11.06,81,2.1,3
12/9/24 12:00,1.1,6.5,567,89.8,21.8,220,11.06,77,1.5,3
12/9/24 13:00,1.1,6.5,431,87.3,23.2,273,13.16,77,0.5,3
12/9/24 14:00,1.1,6.5,430,87.3,23.2,273,13.16,78,0.5,3
12/9/24 15:00,1.1,6.5,429,87.3,23.2,270,13.16,71,0,3
12/9/24 16:00,1.1,6.5,429,86.4,23.2,270,13.12,71,0.5,3
12/9/24 17:00,1.1,6.5,429,86.7,23.3,262,13.12,69,0,3
12/9/24 18:00,1.1,6.5,412,99.5,24.3,263,14.92,79,0,3
12/9/24 19:00,1.1,6.5,412,99.5,24.2,277,15.24,76,0,3
12/9/24 20:00,1.1,6.5,412,99.3,24.2,282,15.24,78,0,3
12/9/24 21:00,1.1,6.5,412,99.2,24.2,276,15.24,78,0,3
12/9/24 22:00,1.1,6.5,411,99.5,24.2,281,15.24,78,0.5,3
12/9/24 23:00,1.1,6.5,410,99.9,24.2,281,15.24,82,1,3
12/10/24 0:00,1.1,6.5,394,93.2,22.6,369,15.7,193,3.6,3
12/10/24 1:00,1.1,6.5,393,92.9,22.6,369,15.7,237,2.1,3
12/10/24 2:00,1.1,6.5,392,93.2,22.6,367,15.7,278,1.5,3
12/10/24 3:00,1.1,6.5,392,91.6,22.7,362,15.7,239,2.6,3
12/10/24 4:00,1.1,6.5,391,92.4,22.7,359,15.7,236,3.1,3
12/10/24 5:00,1.1,6.5,390,92.6,22.7,357,15.44,207,2.1,3
12/10/24 6:00,1.1,6.5,392,96.2,23.3,229,15.9,248,1.5,3
12/10/24 7:00,1.1,6.5,392,97.2,23.3,228,15.9,234,0.5,3
12/10/24 8:00,1.1,6.5,393,97.2,23.3,230,15.9,183,2.1,3
12/10/24 9:00,1.1,6.5,392,98.7,23.3,225,15.8,220,4.2,3
12/10/24 10:00,1.1,6.5,394,98.2,23.3,225,15.8,201,2.1,3
12/10/24 11:00,1.1,6.5,394,98.4,23.3,226,15.8,289,1.5,3
12/10/24 12:00,1.1,6.5,424,99.9,21.2,28,13.6,295,2.6,3
12/10/24 13:00,1.1,6.5,422,99.9,21.2,28,13.6,293,1,3
12/10/24 14:00,1.1,6.5,422,99.9,21.1,23,13.6,293,0.5,3
12/10/24 15:00,1.1,6.5,422,99.3,21.1,17,13.6,316,1,3
12/10/24 16:00,1.1,6.5,422,99.3,21.1,16,13.6,55,2.1,3
12/10/24 17:00,1.1,6.5,443,99.9,18.9,16,10.28,228,1,3
12/10/24 18:00,1.1,6.5,444,99.9,18.9,9,10.28,195,2.1,3
12/10/24 19:00,1.1,6.5,444,99.9,18.9,8,10.28,198,1.5,3
12/10/24 20:00,1.1,6.4,445,99.9,18.8,8,10.28,192,1.5,3
12/10/24 21:00,1.1,6.4,445,99.7,18.9,8,10.28,185,1,3
12/10/24 22:00,1.1,6.5,446,99.9,18.8,9,10.68,195,1,3
12/10/24 23:00,1.1,6.5,434,94.2,16,0,11.14,330,0.5,3
12/11/24 0:00,1.1,6.4,435,96.6,16,1,11.14,317,0.5,3
12/11/24 1:00,1.1,6.4,434,95.8,16,1,11.14,270,0.5,3
12/11/24 2:00,1.1,6.4,433,96.7,16,1,11.14,306,0.5,3
12/11/24 3:00,1.1,6.4,434,97.8,16,1,10.7,289,1.5,3
12/11/24 4:00,0.9,6.4,434,97.9,15.9,1,10.7,286,1.5,3
12/11/24 5:00,0.9,6.4,438,99.9,14.4,0,8.64,290,2.6,3
12/11/24 6:00,0.9,6.4,437,99.9,14.4,0,8.64,298,1.5,3
12/11/24 7:00,0.9,6.4,437,99.9,14.3,0,8.64,266,1,3
12/11/24 8:00,0.9,6.4,437,99.9,14.3,0,8.64,229,1,3
12/11/24 9:00,0.9,6.4,437,99.9,14.3,0,8.64,218,0.5,3
12/11/24 10:00,0.9,6.4,444,91.5,13.5,0,8.16,237,0,3
12/11/24 11:00,0.9,6.4,445,91.1,13.5,0,8.16,239,1,3
12/11/24 12:00,0.9,6.5,444,90.7,13.5,0,8.16,261,1,3
12/11/24 13:00,0.9,6.5,444,91.9,13.5,0,8.64,259,1,3
12/11/24 14:00,0.9,6.5,444,95.3,13.4,0,8.64,270,0.5,3
12/11/24 15:00,0.9,6.5,452,94.2,12.7,0,9.1,223,1.5,3
12/11/24 16:00,0.9,6.5,452,95.2,12.7,0,9.14,216,1,3
12/11/24 17:00,0.9,6.5,451,93.2,12.8,0,9.14,217,1,3
12/11/24 18:00,0.9,6.5,451,94.1,12.8,0,9.14,302,2.6,3
12/11/24 19:00,0.9,6.5,451,94.5,12.8,0,9.14,300,2.6,3
12/11/24 20:00,0.9,6.5,451,95.8,12.8,0,9.14,286,1.5,3
12/11/24 21:00,0.9,6.5,451,93.6,12.9,0,8.08,232,0.5,3
12/11/24 22:00,0.9,6.5,451,96.2,12.9,0,8.08,224,0.5,3
12/11/24 23:00,0.9,6.5,451,95.9,13,0,8.08,226,0,3
12/12/24 0:00,0.9,6.5,451,95,13,0,8.08,229,1,3
12/12/24 1:00,0.9,6.5,450,92.1,13,0,8.08,221,0.5,3
12/12/24 2:00,0.9,6.5,450,93,12.9,0,8.08,228,0.5,3
12/12/24 3:00,0.9,6.5,444,97.8,12.6,0,4.66,236,0,3
12/12/24 4:00,0.9,6.5,444,97.7,12.6,0,4.66,18,1,3
12/12/24 5:00,0.9,6.5,444,98.4,12.5,0,4.66,28,0.5,3
12/12/24 6:00,0.9,6.5,444,98.2,12.5,0,4.64,22,0,3
12/12/24 7:00,0.9,6.5,445,98.2,12.6,0,4.64,140,1.5,3
12/12/24 8:00,0.9,6.5,444,97.8,12.6,0,4.64,180,2.6,3
12/12/24 9:00,0.9,6.5,408,90.4,13.2,0,6.06,306,0,3
12/12/24 10:00,0.9,6.5,407,90.3,13.2,0,5.34,305,0.5,3
12/12/24 11:00,0.9,6.5,407,90.2,13.2,0,5.34,304,1,3
12/12/24 12:00,0.9,6.5,406,89.6,13.2,0,5.34,267,1.5,3
12/12/24 13:00,0.9,6.5,406,90.5,13.2,0,5.34,256,2.6,3
12/12/24 14:00,0.9,6.5,405,89.9,13.3,0,5.34,259,2.1,3
12/12/24 15:00,0.9,6.5,388,86.8,13.3,0,4.08,284,3.6,3
12/12/24 16:00,0.9,6.5,388,89,13.3,0,4.08,310,2.1,3
12/12/24 17:00,0.9,6.5,388,89,13.3,0,4.08,272,2.1,3
12/12/24 18:00,0.9,6.5,389,89.8,13.3,0,4.08,269,1.5,3
12/12/24 19:00,0.9,6.5,388,89.4,13.4,0,4.28,300,1.5,3
12/12/24 20:00,1.2,6.4,388,90,13.3,0,4.28,251,2.1,3
12/12/24 21:00,1.2,6.4,387,95.1,11.9,0,3.16,283,0.5,3
12/12/24 22:00,1.2,6.4,388,95,11.9,0,3.24,283,1,3
12/12/24 23:00,1.2,6.4,388,93.5,11.8,0,3.24,288,1,3
12/13/24 0:00,0.9,6.3,388,93.1,11.8,0,3.24,289,0.5,3
12/13/24 1:00,0.9,6.3,387,91.6,11.9,0,3.24,276,1,3
12/13/24 2:00,1,6.3,386,93,11.9,0,3.24,275,0.5,3
12/13/24 3:00,1,6.3,398,92.6,12.3,0,0.54,233,0.5,3
12/13/24 4:00,1.1,6.3,397,92.6,12.3,0,0.54,300,2.1,3
12/13/24 5:00,1.1,6.3,397,92.7,12.3,0,0.54,296,1.5,3
12/13/24 6:00,1.2,6.3,397,93.1,12.3,0,0.54,322,1.5,3
12/13/24 7:00,1.2,6.3,397,93.6,12.3,0,0.54,232,1,3
12/13/24 8:00,0.3,6.4,397,96.4,12.3,0,0.62,223,0.5,3
12/13/24 9:00,0.3,6.4,395,95,12.2,0,2.44,278,0,3
12/13/24 10:00,0.3,6.4,395,95.3,12.2,0,2.44,282,0,3
12/13/24 11:00,0.3,6.5,395,95.6,12.2,0,2.44,287,0,3
12/13/24 12:00,0.9,6.4,395,96.6,12.2,0,2.44,272,0,3
12/13/24 13:00,0.9,6.3,396,96.3,12.2,0,2.44,288,0,3
12/13/24 14:00,1.1,6.3,391,98.4,11.8,0,1.44,272,2.1,3
12/13/24 15:00,1.1,6.3,390,98,11.8,0,1.44,286,1.5,3
12/13/24 16:00,1.1,6.3,390,99.1,11.7,0,1.44,286,1,3
12/13/24 17:00,1.1,6.4,389,98.5,11.8,0,1.44,291,0.5,3
12/13/24 18:00,1.1,6.5,388,98.6,11.8,0,1.44,277,1,3
12/13/24 19:00,1.2,6.5,402,98.7,12.6,0,-0.01,304,1.5,3
12/13/24 20:00,1.2,6.5,402,99.1,12.6,0,-0.01,286,1.5,3
12/13/24 21:00,1.2,6.5,401,99.3,12.6,0,-0.01,294,1,3
12/13/24 22:00,1.2,6.5,400,99.6,12.5,0,0,233,2.1,3
12/13/24 23:00,1.2,6.5,400,99.1,12.5,0,0,284,1,3
12/14/24 0:00,1.2,6.5,400,99.4,12.4,0,0,293,1,3
12/14/24 1:00,1.2,6.5,417,95.4,15,0,1.54,256,1,3
12/14/24 2:00,1.2,6.5,417,96.6,15.1,0,1.56,244,1,3
12/14/24 3:00,1.2,6.5,417,95,15.1,0,1.56,253,1,3
12/14/24 4:00,1.2,6.5,417,94.9,15.1,0,1.56,241,1,3
12/14/24 5:00,1.2,6.5,417,95.2,15.1,0,1.56,244,1,3
12/14/24 6:00,1.2,6.5,418,94,15.1,0,1.56,254,0.5,3
12/14/24 7:00,1.2,6.6,401,95.6,13.8,0,-0.87,36,1,3
12/14/24 8:00,1.2,6.6,400,95.9,13.8,0,-0.87,32,0.5,3
12/14/24 9:00,1.2,6.6,399,96.9,13.8,0,-0.87,314,2.1,3
12/14/24 10:00,1.2,6.6,400,97.2,13.8,0,-0.87,301,1.5,3
12/14/24 11:00,1.1,6.5,400,98.2,13.8,0,-0.87,292,1.5,3
12/14/24 12:00,1.1,6.4,401,99.4,13.8,0,-0.45,300,1.5,3
12/14/24 13:00,1.1,6.4,401,96.2,13.7,5,-0.55,294,0.5,3
12/14/24 14:00,1.1,6.4,402,96.3,13.7,5,-0.55,291,0.5,3
12/14/24 15:00,1.1,6.3,403,96,13.7,5,-0.55,289,0.5,3
12/14/24 16:00,1.1,6.4,403,96.2,13.6,5,-0.37,293,1,3
12/14/24 17:00,1.1,6.4,403,96.2,13.6,16,-0.37,282,1,3
12/14/24 18:00,1.2,6.5,402,96.5,13.6,16,-0.37,290,0.5,3
12/14/24 19:00,1.2,6.5,399,99.9,14.5,41,-0.53,318,1,3
12/14/24 20:00,1.2,6.5,397,99.9,14.5,43,-0.53,317,0.5,3
12/14/24 21:00,1.2,6.5,396,99.7,14.5,44,-0.53,312,0,3
12/14/24 22:00,1.2,6.5,396,99.9,14.5,42,-0.53,311,0,3
12/14/24 23:00,1.2,6.6,395,99.9,14.4,45,-0.53,317,0.5,3
12/15/24 0:00,1.2,6.6,399,95.4,17,180,-0.43,360,2.1,3
12/15/24 1:00,1.2,6.5,399,95.1,17,172,-0.43,22,2.1,3
12/15/24 2:00,1.2,6.6,400,94.6,17.1,166,-0.43,360,2.1,3
12/15/24 3:00,1.2,6.6,401,94.3,17.1,165,-0.43,360,1.5,3
12/15/24 4:00,1.2,6.6,402,95.1,17.1,166,-0.43,358,1.5,3
12/15/24 5:00,1.2,6.6,401,93.9,17.1,166,-0.43,309,1.5,3
12/15/24 6:00,1.2,6.6,405,98.3,25,285,1.28,297,1,3
12/15/24 7:00,1.2,6.6,405,98.4,25,285,1.28,285,1,3
12/15/24 8:00,1.2,6.6,404,97.5,25,291,1.28,308,1.5,3
12/15/24 9:00,1.1,6.6,404,97.2,25,295,1.28,299,1.5,3
12/15/24 10:00,1.1,6.6,404,97.4,25,300,1.94,297,1,3
12/15/24 11:00,1.1,6.5,406,97.8,25,312,1.94,301,1.5,3
12/15/24 12:00,1.1,6.5,393,97.6,21.2,369,2.3,360,2.1,3
12/15/24 13:00,0.3,6.5,392,96,21.3,371,1.9,360,1.5,3
12/15/24 14:00,0.3,6.5,392,96.7,21.3,372,1.9,360,1,3
12/15/24 15:00,1.1,6.3,391,96.8,21.3,376,1.9,360,1,3
12/15/24 16:00,1.1,6.3,391,95.6,21.5,375,1.9,268,1,3
12/15/24 17:00,1.1,6.3,398,99.1,22.9,349,3.9,237,1.5,3
12/15/24 18:00,1.1,6.3,399,99.3,22.9,349,3.9,287,2.6,3
12/15/24 19:00,1.1,6.4,399,99.3,22.9,350,3.9,319,1,3
12/15/24 20:00,1.1,6.4,399,99.7,22.8,350,3.9,293,2.1,3
12/15/24 21:00,1.1,6.4,399,99.6,22.8,351,3.9,289,3.1,3
12/15/24 22:00,1.1,6.4,399,98.6,22.9,353,3.08,294,1,3
12/15/24 23:00,1.1,6.4,400,96.1,23.2,271,4.36,263,4.2,3
12/16/24 0:00,1.1,6.4,400,95.6,23.3,272,4.36,296,2.1,3
12/16/24 1:00,1.2,6.5,400,92.8,23.3,272,4.36,308,2.1,3
12/16/24 2:00,1.2,6.5,400,92.9,23.3,272,4.28,328,2.6,3
12/16/24 3:00,1.1,6.5,401,94.3,23.3,275,4.28,326,1,3
12/16/24 4:00,1.1,6.5,401,94.3,23.3,274,4.28,342,1.5,3
12/16/24 5:00,1.1,6.5,398,96.1,22.2,155,3.66,266,2.6,3
12/16/24 6:00,1.1,6.5,398,95.5,22.2,153,3.96,227,1.5,3
12/16/24 7:00,1.1,6.5,398,96.3,22.2,154,3.96,270,1,3
12/16/24 8:00,1.1,6.5,398,96.5,22.2,154,3.96,297,2.1,3
12/16/24 9:00,1.2,6.5,397,96.9,22.2,156,3.96,290,2.1,3
12/16/24 10:00,1.2,6.5,396,97.2,22.2,156,3.96,285,1.5,3
12/16/24 11:00,1.2,6.5,399,95.8,20.9,22,4.18,302,1,3
12/16/24 12:00,1.2,6.5,400,97.1,20.9,26,4.18,246,1,3
12/16/24 13:00,1.2,6.5,400,96.8,21,27,4.18,240,1,3
12/16/24 14:00,1.2,6.5,399,97,20.9,27,4.6,253,1,3
12/16/24 15:00,1.2,6.4,399,96.9,20.9,26,4.6,263,1.5,3
12/16/24 16:00,1.2,6.4,386,99.9,13.6,0,3.5,270,0.5,3
12/16/24 17:00,1.2,6.5,385,98.8,13.5,0,3.5,263,1,3
12/16/24 18:00,1.2,6.5,383,99.3,13.5,0,3.04,268,1,3
12/16/24 19:00,1.2,6.5,382,99.4,13.5,0,3.04,266,1,3
12/16/24 20:00,1.2,6.5,381,98.3,13.4,0,3.04,265,0.5,3
12/16/24 21:00,1.2,6.5,381,97,13.4,0,3.04,266,1,3
12/16/24 22:00,1.2,6.5,388,97.9,13.9,0,1.78,308,0,3
12/16/24 23:00,1.2,6.6,388,96.4,13.9,0,1.78,309,0,3
12/17/24 0:00,1.2,6.6,388,96.4,13.9,0,1.78,310,0,3
12/17/24 1:00,1.2,6.6,388,96.3,13.9,0,1.78,311,0,3
12/17/24 2:00,1.2,6.6,389,96.8,13.8,0,1.78,310,0,3
12/17/24 3:00,1.2,6.6,389,96.2,13.9,0,1.94,304,0,3
12/17/24 4:00,1.2,6.6,396,99.9,13.4,0,1.76,196,0.5,3
12/17/24 5:00,1.2,6.6,396,99.9,13.4,0,1.76,209,0.5,3
12/17/24 6:00,1.2,6.6,396,99.9,13.4,0,1.76,204,0.5,3
12/17/24 7:00,1.2,6.6,395,99.9,13.4,0,1.26,204,0.5,3
12/17/24 8:00,1.2,6.6,395,97.8,13.3,0,1.26,205,0.5,3
12/17/24 9:00,1.2,6.5,409,99.4,13.4,0,1.62,85,0,3
12/17/24 10:00,1.2,6.4,408,99.4,13.4,0,1.06,80,0,3
12/17/24 11:00,0.9,6.5,409,97.7,13.4,0,1.06,89,0,3
12/17/24 12:00,1.1,6.3,408,96.7,13.4,0,1.06,82,0,3
12/17/24 13:00,1.1,6.3,408,95.9,13.4,0,1.06,87,0,3
12/17/24 14:00,1.1,6.3,408,97.4,13.4,0,1.06,81,0,3
12/17/24 15:00,1.1,6.3,411,95.7,13.4,0,0.8,87,0,3
12/17/24 16:00,1.1,6.3,410,96.1,13.3,0,0.8,88,0,3
12/17/24 17:00,1.1,6.4,409,97.9,13.3,0,0.8,87,0,3
12/17/24 18:00,1.1,6.4,409,98.9,13.3,0,0.8,85,0,3
12/17/24 19:00,1.1,6.4,410,98.2,13.2,0,0.8,80,0,3
12/17/24 20:00,1.1,6.4,410,98.1,13.3,0,0.48,83,0,3
12/17/24 21:00,1.1,6.5,410,93.5,13,0,0,83,0,3
12/17/24 22:00,1.1,6.5,410,93.9,13,0,0,88,0,3
12/17/24 23:00,1.1,6.5,410,93.9,13.1,0,0,89,0,3
12/18/24 0:00,1.1,6.5,410,95.4,13.1,0,-0.09,86,0,3
12/18/24 1:00,1.1,6.5,411,95.6,13.2,0,-0.09,85,0,3
12/18/24 2:00,1.1,6.5,411,93.7,13.2,0,-0.09,87,0,3
12/18/24 3:00,1.1,6.5,421,94.5,13.9,0,0.72,125,1,3
12/18/24 4:00,1.1,6.5,422,93.7,13.9,0,0.72,119,0.5,3
12/18/24 5:00,1.1,6.5,422,93.8,13.8,0,0.66,122,0.5,3
12/18/24 6:00,1.1,6.5,422,93.6,13.9,0,0.66,120,0.5,3
12/18/24 7:00,1.1,6.5,422,94.2,13.9,0,0.66,119,0.5,3
12/18/24 8:00,1.1,6.5,422,94.5,13.9,0,0.66,122,0,3
12/18/24 9:00,1.1,6.5,412,96.1,14,0,1.5,120,1,3
12/18/24 10:00,1.1,6.5,411,95,14.1,0,1.5,109,1,3
12/18/24 11:00,1.1,6.5,411,94.2,14,0,1.5,118,0.5,3
12/18/24 12:00,1.1,6.5,411,91.9,14.1,0,1.5,118,0,3
12/18/24 13:00,1.1,6.5,412,92.4,14.1,0,1.5,117,0,3
12/18/24 14:00,1.1,6.5,413,92.3,14,0,1.58,113,0,3
12/18/24 15:00,1.1,6.5,407,97.3,13.8,0,2.14,138,0,3
12/18/24 16:00,1.1,6.5,408,94.4,13.8,0,2.14,142,0,3
12/18/24 17:00,1.1,6.5,408,95.3,13.8,0,2.06,139,0,3
12/18/24 18:00,1.1,6.5,408,94.8,13.8,0,2.06,130,0,3
12/18/24 19:00,1.1,6.5,408,93.7,13.8,0,2.06,133,0,3
12/18/24 20:00,1.1,6.5,411,95.1,14.3,0,0.7,108,0.5,3
12/18/24 21:00,1.1,6.5,411,94.7,14.3,0,0.7,107,0.5,3
12/18/24 22:00,1.1,6.5,411,94.4,14.4,0,0.7,105,0.5,3
12/18/24 23:00,1.1,6.5,409,93.6,14.4,0,0.7,104,0.5,3
12/19/24 0:00,1.1,6.5,408,94,14.4,0,0.7,112,0.5,3
12/19/24 1:00,1.1,6.5,407,95.4,14.3,0,0.26,106,0.5,3
12/19/24 2:00,1.1,6.5,400,93,13.9,0,1.82,102,1,3
12/19/24 3:00,1.1,6.5,400,93,13.9,0,1.82,107,1,3
12/19/24 4:00,1.1,6.5,401,93.9,13.9,0,1.82,103,1,3
12/19/24 5:00,1.1,6.5,401,93.6,13.9,0,0.94,111,0.5,3
12/19/24 6:00,1.1,6.5,401,93.7,13.9,0,0.94,104,1,3
12/19/24 7:00,1.1,6.4,400,96.5,13.7,0,2.06,107,0,3
12/19/24 8:00,1.1,6.4,401,96.1,13.7,0,2.06,104,0,3
12/19/24 9:00,1.1,6.4,401,98,13.7,0,2.06,104,0,3
12/19/24 10:00,1.1,6.4,402,97.9,13.7,0,2.06,108,0,3
12/19/24 11:00,1.2,6.4,402,97.8,13.7,0,2.06,110,0,3
12/19/24 12:00,1.2,6.4,415,96.4,14.4,0,0.92,54,0,3
12/19/24 13:00,1.1,6.3,415,95.6,14.4,0,0.92,53,0,3
12/19/24 14:00,1.1,6.3,415,95.7,14.4,0,0.92,54,0,3
12/19/24 15:00,1.2,6.4,414,95.6,14.4,0,0.92,59,0,3
12/19/24 16:00,1.2,6.4,415,94,14.4,0,0.78,58,0,3
12/19/24 17:00,1.2,6.4,415,93.7,14.4,0,0.78,55,0,3
12/19/24 18:00,1.2,6.4,421,99.9,16,0,0.84,59,0,3
12/19/24 19:00,1.1,6.4,421,99.9,16,0,0.84,53,0,3
12/19/24 20:00,1.1,6.4,421,99.9,16,0,0.82,61,0,3
12/19/24 21:00,1.2,6.5,420,99.9,16,0,0.82,55,0,3
12/19/24 22:00,1.2,6.5,421,99.9,16,0,0.82,50,0,3
12/19/24 23:00,1.2,6.5,421,99.9,16,0,0.82,56,0,3
12/20/24 0:00,1.2,6.5,423,97.9,14.1,0,-0.83,58,0,3
12/20/24 1:00,1.2,6.5,423,98.7,14.1,0,-0.83,47,0,3
12/20/24 2:00,1.2,6.5,423,99.1,14,0,-0.83,57,1,3
12/20/24 3:00,1.2,6.5,424,99.9,14,0,-0.83,58,1,3
12/20/24 4:00,1.2,6.5,426,98,14.1,0,-1.01,37,1,3
12/20/24 5:00,1.2,6.5,427,97.9,14.1,0,-1.01,54,0.5,3
12/20/24 6:00,1.2,6.5,425,97.7,14.2,4,-0.81,53,0.5,3
12/20/24 7:00,1.2,6.5,424,99.1,14.2,4,-0.81,55,0.5,3
12/20/24 8:00,1.2,6.5,425,97.8,14.2,3,-0.81,52,0.5,3
12/20/24 9:00,1.2,6.5,426,98.8,14.2,3,-0.79,55,0.5,3
12/20/24 10:00,1.2,6.5,427,99.2,14.1,5,-0.79,50,0.5,3
12/20/24 11:00,1.2,6.5,427,99.2,14.1,5,-0.79,47,0.5,3
12/20/24 12:00,1.2,6.5,429,93.7,15.1,63,2.7,60,0,3
12/20/24 13:00,1.2,6.5,430,93.8,15.1,63,2.7,55,0,3
12/20/24 14:00,1.2,6.5,429,93.8,15.1,62,2.7,48,0,3
12/20/24 15:00,1.2,6.5,430,94,15.1,61,2.7,59,0,3
12/20/24 16:00,1.2,6.5,429,93.5,15.1,63,2.7,53,0,3
12/20/24 17:00,1.2,6.6,455,92.3,21.2,202,3.88,114,0,3
12/20/24 18:00,1.2,6.6,455,92.3,21.2,202,3.88,112,0,3
12/20/24 19:00,1.1,6.6,454,93.3,21.3,202,3.88,109,0,3
12/20/24 20:00,1.1,6.6,452,93.6,21.3,203,3.88,112,0,3
12/20/24 21:00,1.1,6.6,452,93.8,21.3,203,3.88,112,0,3
12/20/24 22:00,1.1,6.6,451,93,21.3,204,4.68,112,0,3
12/20/24 23:00,1.1,6.6,440,99.9,24.7,316,5.82,49,0.5,3
12/21/24 0:00,1.1,6.6,440,99.9,24.7,317,5.82,43,1,3
12/21/24 1:00,1.1,6.6,440,98.8,24.7,317,6.08,45,1,3
12/21/24 2:00,1.1,6.6,439,99.9,24.7,318,6.08,46,1,3
12/21/24 3:00,1.1,6.6,438,99.9,24.6,318,6.08,47,0.5,3
12/21/24 4:00,1.1,6.6,437,99.9,24.6,319,6.08,43,0.5,3
12/21/24 5:00,1.1,6.5,401,98.4,23.4,347,5.92,284,0,3
12/21/24 6:00,1.1,6.5,400,99,23.4,349,5.92,286,0.5,3
12/21/24 7:00,1.1,6.4,400,97.6,23.5,349,5.92,285,0,3
12/21/24 8:00,1.1,6.4,401,97.5,23.5,351,5.92,288,1,3
12/21/24 9:00,1.1,6.4,400,97.9,23.5,349,5.92,260,1.5,3
12/21/24 10:00,1.1,6.4,400,97.4,23.5,350,5.5,322,2.1,3
12/21/24 11:00,1.1,6.3,396,99.9,23.6,325,5.46,266,1.5,3
12/21/24 12:00,1.1,6.3,396,99.9,23.6,330,5.46,267,1.5,3
12/21/24 13:00,1.1,6.3,396,99.9,23.6,335,5.46,245,1.5,3
12/21/24 14:00,1.1,6.3,396,99.9,23.6,337,5.82,327,1.5,3
12/21/24 15:00,1.1,6.4,398,99.9,23.6,337,5.82,331,1,3
12/21/24 16:00,1.1,6.4,393,97.9,23,262,5.8,310,1.5,3
12/21/24 17:00,1.1,6.4,393,98.2,23,262,5.8,310,1,3
12/21/24 18:00,1.1,6.4,393,99.3,23,262,5.8,307,0.5,3
12/21/24 19:00,1.1,6.5,392,99.9,23,259,5.8,313,1,3
12/21/24 20:00,1.1,6.5,393,99.9,23,259,5.8,314,1,3
12/21/24 21:00,1.1,6.5,397,97.2,22.3,147,6.14,272,1,3
12/21/24 22:00,1.1,6.5,396,97.2,22.3,147,6.14,266,0.5,3
12/21/24 23:00,1.1,6.5,396,98,22.2,146,6.14,269,1,3
12/22/24 0:00,1.1,6.5,396,99.3,22.2,146,6.08,270,1,3
12/22/24 1:00,1.1,6.5,396,98.2,22.2,145,6.08,270,0.5,3
12/22/24 2:00,1.1,6.5,408,96,21.2,26,6.52,6,2.1,3
12/22/24 3:00,1.1,6.5,408,95.9,21.2,25,6.52,318,2.1,3
12/22/24 4:00,1.1,6.5,408,96.5,21.2,25,6.52,321,2.6,3
12/22/24 5:00,1.1,6.5,408,95.2,21.2,23,6.48,289,2.1,3
12/22/24 6:00,1.1,6.5,408,95.8,21.2,22,6.48,267,2.1,3
12/22/24 7:00,1.1,6.5,407,95.5,21.3,23,6.48,234,1,3
12/22/24 8:00,1.1,6.5,400,96.2,14.3,0,5.24,291,1.5,3
12/22/24 9:00,1.1,6.5,400,96,14.3,0,5.24,288,1.5,3
12/22/24 10:00,1.1,6.5,400,95.6,14.3,0,5.24,289,1,3
12/22/24 11:00,1.1,6.5,399,95.3,14.3,0,5.24,294,1.5,3
12/22/24 12:00,1.1,6.5,398,94.7,14.3,0,5.24,293,0.5,3
12/22/24 13:00,1.1,6.5,411,97.6,15,0,4.48,277,0,3
12/22/24 14:00,1.1,6.5,410,97,15,0,4.48,275,0,3
12/22/24 15:00,1.1,6.5,408,97.1,15,0,4.48,273,0,3
12/22/24 16:00,1.1,6.5,408,97.8,14.9,0,4.48,275,0,3
12/22/24 17:00,1.1,6.5,407,97.6,15,0,4.58,274,0,3
12/22/24 18:00,1.1,6.5,407,97.6,14.9,0,4.58,274,0,3
12/22/24 19:00,1.1,6.5,433,89.9,15.2,0,1.94,71,0,3
12/22/24 20:00,1.1,6.5,433,89,15.2,0,1.88,71,0,3
12/22/24 21:00,1.1,6.5,434,89.2,15.2,0,1.88,71,0,3
12/22/24 22:00,1.1,6.5,433,90.3,15.1,0,1.88,69,0,3
12/22/24 23:00,1.1,6.5,433,92.2,15.2,0,1.88,71,0,3
12/23/24 0:00,1.1,6.5,435,96.4,14.6,0,2.62,68,0,3
12/23/24 1:00,1.1,6.5,435,96.4,14.6,0,2.62,68,0,3
12/23/24 2:00,1.1,6.5,435,96,14.6,0,2.62,67,0,3
12/23/24 3:00,1.1,6.5,436,96.2,14.7,0,2.62,70,0,3
12/23/24 4:00,1.1,6.5,435,95.8,14.6,0,2.62,67,0,3
12/23/24 5:00,1.1,6.5,436,96.4,14.6,0,2.74,66,0,3
12/23/24 6:00,1.1,6.5,441,97.1,14,0,2.12,63,0,3
12/23/24 7:00,1.1,6.5,440,96.8,14,0,2.12,67,0,3
12/23/24 8:00,1.1,6.5,439,96.8,14,0,2.12,69,0,3
12/23/24 9:00,1.2,6.5,437,96.6,14,0,2.04,69,0,3
12/23/24 10:00,1.2,6.5,436,96,14,0,2.04,69,0,3
12/23/24 11:00,1.2,6.5,435,97.1,14,0,2.04,67,0,3
12/23/24 12:00,1.2,6.5,439,96.6,13.9,0,2.24,66,0,3
12/23/24 13:00,1.2,6.4,439,96.6,13.9,0,2.24,68,0,3
12/23/24 14:00,1.2,6.4,438,97,13.9,0,2.24,68,0,3
12/23/24 15:00,1.2,6.4,438,97.1,13.9,0,2.24,71,0,3
12/23/24 16:00,1.2,6.4,438,97.1,13.9,0,2.24,66,0,3
12/23/24 17:00,1.2,6.5,439,95.4,14,0,2.62,70,0,3
12/23/24 18:00,1.2,6.5,450,97.9,13.7,0,1.42,70,0,3
12/23/24 19:00,1.2,6.5,451,97.4,13.7,0,1.42,67,0,3
12/23/24 20:00,1.2,6.5,450,97.4,13.7,0,1.42,69,0,3
12/23/24 21:00,1.2,6.5,450,97.3,13.7,0,1.24,68,0,3
12/23/24 22:00,1.2,6.5,450,97.9,13.7,0,1.24,66,0,3
12/23/24 23:00,1.2,6.5,450,97.1,13.7,0,1.24,69,0,3
12/24/24 0:00,1.2,6.5,451,97.5,13.4,0,-0.63,69,0,3
12/24/24 1:00,1.1,6.5,451,97.7,13.5,0,-0.63,70,0,3
12/24/24 2:00,1.1,6.5,452,96.3,13.5,0,-0.63,68,0,3
12/24/24 3:00,1.1,6.5,452,95.9,13.5,0,-0.63,66,0,3
12/24/24 4:00,1.1,6.5,452,96.1,13.5,0,-0.63,65,0,3
12/24/24 5:00,1.1,6.4,455,98.5,13.3,0,-0.07,68,0,3
12/24/24 6:00,1.1,6.4,454,98.6,13.3,0,-0.07,68,0,3
12/24/24 7:00,1.1,6.4,454,98.6,13.3,0,-0.07,68,0,3
12/24/24 8:00,1.1,6.4,453,98.6,13.3,0,-0.07,68,0,3
12/24/24 9:00,0.6,6.5,453,98.3,13.3,0,0,67,0,3
12/24/24 10:00,0.5,6.5,454,95.7,13.7,0,0.32,69,0,3
12/24/24 11:00,0.5,6.5,453,95.6,13.7,0,0.32,66,0,3
12/24/24 12:00,0.5,6.5,453,95.9,13.8,0,0.56,66,0,3
12/24/24 13:00,0.6,6.5,453,95.9,13.8,0,0.56,67,0,3
12/24/24 14:00,0.6,6.5,453,94.9,13.8,0,0.56,65,0,3
12/24/24 15:00,0.6,6.5,453,96.1,13.8,0,0.56,66,0,3
12/24/24 16:00,0.6,6.5,446,94.2,13.8,0,0.88,68,0,3
12/24/24 17:00,0.6,6.5,444,98.8,13.7,0,0.88,69,0,3
12/24/24 18:00,0.6,6.5,443,98.7,13.7,0,0.88,69,0,3
12/24/24 19:00,0.6,6.5,443,97.8,13.7,0,0.88,68,0,3
12/24/24 20:00,0.6,6.5,443,97.6,13.7,0,0.88,68,0,3
12/24/24 21:00,0.6,6.5,444,97.1,13.7,0,0.88,68,0,3
12/24/24 22:00,0.6,6.5,441,99.2,13.8,0,0.86,67,0,3
12/24/24 23:00,0.6,6.5,442,99.5,13.8,0,0.86,66,0,3
12/25/24 0:00,0.6,6.5,443,99.6,13.8,0,0.86,68,0,3
12/25/24 1:00,0.6,6.4,443,99.9,13.8,0,0.86,66,0,3
12/25/24 2:00,0.6,6.4,444,99.9,13.8,0,0.54,69,0,3
12/25/24 3:00,0.6,6.4,452,96.1,13.6,0,0.04,70,0,3
12/25/24 4:00,0.6,6.4,451,97,13.5,0,0.04,67,0,3
12/25/24 5:00,0.6,6.5,452,97.4,13.5,0,0.04,67,0,3
12/25/24 6:00,0.6,6.5,452,98.1,13.5,0,0.06,66,0,3
12/25/24 7:00,0.6,6.5,451,98.2,13.5,0,0.06,67,0,3
12/25/24 8:00,0.6,6.5,451,98.2,13.5,0,0.06,67,0,3
12/25/24 9:00,0.6,6.5,469,95.1,15.7,0,-0.39,67,0,3
12/25/24 10:00,0.6,6.5,468,98.9,15.7,0,-0.39,68,0,3
12/25/24 11:00,0.6,6.5,468,98.7,15.7,0,-0.39,69,0,3
12/25/24 12:00,0.6,6.5,468,98.3,15.7,0,-0.39,68,0,3
12/25/24 13:00,0.6,6.5,469,97.8,15.7,0,-0.39,68,0,3
12/25/24 14:00,0.6,6.5,469,96.7,15.7,0,-0.31,66,0,3
12/25/24 15:00,0.6,6.5,448,97.9,15.1,0,-0.91,68,0,3
12/25/24 16:00,0.6,6.5,449,97,15.1,0,-0.91,68,0,3
12/25/24 17:00,0.6,6.5,450,97.4,15.2,0,-0.91,65,0,3
12/25/24 18:00,0.6,6.5,451,96.3,15.2,0,-0.91,67,0,3
12/25/24 19:00,0.6,6.5,452,95.2,15.2,0,-0.91,66,0,3
12/25/24 20:00,0.6,6.5,452,95.5,15.2,0,-0.91,66,0,3
12/25/24 21:00,0.6,6.5,461,96.6,14.9,8,-0.03,66,0,3
12/25/24 22:00,0.6,6.5,463,96.2,14.9,8,-0.03,67,0,3
12/25/24 23:00,0.6,6.5,463,95.1,14.9,7,-0.17,69,0,3
12/26/24 0:00,0.6,6.5,464,94.9,14.9,8,-0.17,67,0,3
12/26/24 1:00,0.6,6.5,465,94.6,15,7,-0.17,67,0,3
12/26/24 2:00,0.6,6.5,465,93.1,14.9,7,-0.17,71,0,3
12/26/24 3:00,0.6,6.5,490,96.3,16.8,57,1.54,70,0,3
12/26/24 4:00,0.6,6.5,490,95.6,16.9,59,1.54,66,0,3
12/26/24 5:00,0.6,6.5,489,95.8,16.9,63,1.54,69,0,3
12/26/24 6:00,0.6,6.5,489,95.3,16.9,64,1.54,66,0,3
12/26/24 7:00,0.6,6.5,488,94.8,16.9,65,1.54,68,0,3
12/26/24 8:00,0.6,6.5,489,95.7,24.2,130,4,196,0,3
12/26/24 9:00,0.6,6.5,489,95.5,24.2,130,4,196,0,3
12/26/24 10:00,0.6,6.5,489,95.3,24.2,134,4,196,0,3
12/26/24 11:00,0.6,6.5,490,95.3,24.2,136,3.94,196,0,3
12/26/24 12:00,0.6,6.5,491,96.1,24.1,136,3.94,199,0,3
12/26/24 13:00,0.6,6.5,443,99.5,24.2,200,6.14,27,0,3
12/26/24 14:00,0.6,6.5,442,99.9,24,199,6.14,27,0,3
12/26/24 15:00,0.6,6.5,442,99.6,24,196,6,27,0,3
12/26/24 16:00,0.6,6.5,443,99.2,24,197,6,26,0,3
12/26/24 17:00,0.6,6.5,445,99.9,23.9,201,6,27,0,3
12/26/24 18:00,0.6,6.5,445,99.9,23.8,228,6,28,0,3
12/26/24 19:00,0.6,6.5,430,95.8,24.3,343,6.24,71,1,3
12/26/24 20:00,0.6,6.5,430,95.8,24.3,343,6.24,72,0.5,3
12/26/24 21:00,0.6,6.5,428,93.8,24.3,341,6.24,72,0.5,3
12/26/24 22:00,0.6,6.5,427,94.5,24.3,341,6.24,73,0,3
12/26/24 23:00,0.6,6.5,426,94.6,24.3,341,6.24,70,0,3
12/27/24 0:00,0.6,6.5,425,94.5,24.3,342,6.24,73,0,3
12/27/24 1:00,0.5,6.5,414,99.8,23.3,140,6.48,345,2.1,3
12/27/24 2:00,0.5,6.5,415,99.9,23.3,133,6.48,360,2.6,3
12/27/24 3:00,0.5,6.5,414,99.9,23.3,133,6.48,360,1,3
12/27/24 4:00,0.5,6.5,414,99.9,23.2,131,6.4,31,1,3
12/27/24 5:00,0.9,6.5,415,99.9,23.2,127,6.4,30,0.5,3
12/27/24 6:00,0.9,6.5,396,99.9,19.8,56,6.48,247,1,3
12/27/24 7:00,0.9,6.5,397,99.9,19.8,58,6.48,249,1,3
12/27/24 8:00,0.9,6.5,397,99.8,19.8,59,6.44,183,2.1,3
12/27/24 9:00,0.9,6.5,397,98.9,19.8,62,6.44,177,1.5,3
12/27/24 10:00,0.9,6.5,397,99,19.9,62,6.44,204,1,3
12/27/24 11:00,0.9,6.5,397,99.2,19.8,60,6.44,280,1.5,3
12/27/24 12:00,0.9,6.5,405,94,22.4,214,7.8,345,1,3
12/27/24 13:00,1,6.5,405,91.7,22.4,214,7.78,347,1,3
12/27/24 14:00,1,6.5,404,92.2,22.4,198,7.78,345,1,3
12/27/24 15:00,1,6.5,404,92.7,22.4,184,7.78,345,0.5,3
12/27/24 16:00,1,6.5,404,92.8,22.4,173,7.78,345,1,3
12/27/24 17:00,1,6.5,403,92.7,22.4,162,7.78,348,0.5,3
12/27/24 18:00,1,6.5,388,94.6,18.8,41,7.12,198,2.6,3
12/27/24 19:00,1,6.5,387,95.2,18.8,41,7.12,194,1.5,3
12/27/24 20:00,1,6.5,387,95.4,18.8,41,7.12,197,1,3
12/27/24 21:00,1,6.4,387,95.6,18.8,41,7.12,197,2.1,3
12/27/24 22:00,1,6.4,387,96.4,18.8,43,7.12,188,2.1,3
12/27/24 23:00,1,6.4,387,97.3,18.8,44,7.1,181,3.6,3
12/28/24 0:00,1,6.4,394,98.4,16.9,0,6.94,240,0.5,3
12/28/24 1:00,1,6.5,395,97.6,16.9,0,6.94,199,1,3
12/28/24 2:00,1,6.5,395,97.2,16.9,0,6.94,289,1,3
12/28/24 3:00,1,6.5,395,97.8,16.8,0,6.94,221,1,3
12/28/24 4:00,1,6.5,395,96.8,16.8,0,7,360,1,3
12/28/24 5:00,1,6.5,396,95.7,16.9,0,7,360,1.5,3
12/28/24 6:00,1,6.5,402,96.6,16.5,0,4,329,1,3
12/28/24 7:00,1,6.5,403,96.4,16.5,0,4.36,292,1.5,3
12/28/24 8:00,1,6.5,405,96.9,16.5,0,4.36,300,2.1,3
12/28/24 9:00,1,6.5,406,96.9,16.5,0,4.36,296,0.5,3
12/28/24 10:00,1,6.5,406,97.4,16.4,0,4.36,300,1,3
12/28/24 11:00,1,6.5,392,96.7,15.4,0,6.02,201,0,3
12/28/24 12:00,1,6.5,392,97.3,15.3,0,6.02,194,0.5,3
12/28/24 13:00,1,6.5,391,97.6,15.3,0,6.02,177,1.5,3
12/28/24 14:00,1,6.5,391,96.1,15.4,0,6.02,193,1,3
12/28/24 15:00,1,6.5,391,94.5,15.4,0,6.02,190,0.5,3
12/28/24 16:00,1,6.5,392,95.6,15.4,0,6.24,192,1,3
12/28/24 17:00,1,6.5,398,96.8,15.8,0,4.6,298,1.5,3
12/28/24 18:00,1,6.5,399,96.9,15.8,0,4.6,316,2.1,3
12/28/24 19:00,1,6.5,398,96.7,15.8,0,4.38,266,3.1,3
12/28/24 20:00,1,6.5,399,96.3,15.8,0,4.38,255,2.1,3
12/28/24 21:00,1,6.5,398,96.8,15.8,0,4.38,76,3.1,3
12/28/24 22:00,1,6.5,397,96.1,15.9,0,5.5,203,1,3
12/28/24 23:00,1,6.5,397,97.8,15.8,0,5.5,213,1,3
12/29/24 0:00,1,6.5,397,97.7,15.8,0,5.5,210,1.5,3
12/29/24 1:00,1,6.5,396,98.7,15.8,0,5.5,219,1,3
12/29/24 2:00,1,6.5,396,99,15.8,0,5.5,220,0.5,3
12/29/24 3:00,1,6.5,395,98.8,15.8,0,5.48,219,0.5,3
12/29/24 4:00,1,6.5,400,95.7,15.7,0,3.92,325,1,3
12/29/24 5:00,1,6.5,400,95.3,15.7,0,3.92,325,1,3
12/29/24 6:00,1,6.5,400,95.7,15.7,0,3.92,322,1,3
12/29/24 7:00,1,6.5,399,97.7,15.6,0,2.78,325,1,3
12/29/24 8:00,1,6.5,398,97.3,15.7,0,2.78,313,0.5,3
12/29/24 9:00,1,6.5,398,97.1,15.7,0,2.78,321,1,3
12/29/24 10:00,1,6.5,409,99.9,15.9,0,3.98,360,0,3
12/29/24 11:00,1,6.5,409,97.8,15.9,0,3.92,352,0,3
12/29/24 12:00,1,6.5,408,97.4,15.9,0,3.92,358,0,3
12/29/24 13:00,1,6.5,408,96.8,15.9,0,3.92,357,0,3
12/29/24 14:00,1,6.6,408,97.1,15.9,0,3.92,355,0,3
12/29/24 15:00,1,6.6,408,97.7,15.9,0,3.92,356,0,3
12/29/24 16:00,1,6.6,417,97.9,15.9,0,3.34,39,0,3
12/29/24 17:00,1,6.6,416,97.5,15.9,0,3.34,33,0,3
12/29/24 18:00,1,6.5,415,97,16,0,3.34,29,0,3
12/29/24 19:00,1,6.5,416,96.8,16,0,3.34,36,0,3
12/29/24 20:00,1,6.5,417,97.5,16,0,3.62,29,0,3
12/29/24 21:00,1,6.5,417,97.2,16,0,3.62,41,0,3
12/29/24 22:00,1,6.5,419,95.8,16,0,4.4,304,0.5,3
12/29/24 23:00,1,6.5,418,97.4,16,0,4.6,303,0.5,3
12/30/24 0:00,1,6.5,417,97.7,16,0,4.6,312,1,3
12/30/24 1:00,1,6.5,416,97,16,0,4.6,299,1,3
12/30/24 2:00,1,6.5,416,97.3,16,0,4.6,307,1,3
12/30/24 3:00,1,6.5,415,97.5,15.9,0,4.6,319,1,3
12/30/24 4:00,1,6.5,388,92.1,14.9,0,4.12,334,0.5,3
12/30/24 5:00,1,6.5,388,91.4,14.9,0,4.12,329,1,3
12/30/24 6:00,1,6.5,388,91.5,14.9,0,4.12,335,1,3
12/30/24 7:00,1,6.5,388,92.3,14.9,0,4.12,332,0.5,3
12/30/24 8:00,1,6.5,388,92.2,14.9,0,4.44,330,0.5,3
12/30/24 9:00,1,6.5,387,91.9,14.9,0,4.44,331,0.5,3
12/30/24 10:00,1,6.5,389,94.4,13.9,0,1.9,20,0,3
12/30/24 11:00,1,6.5,389,95.3,13.8,0,1.9,27,0,3
12/30/24 12:00,1,6.5,388,95.5,13.8,0,2.8,23,0,3
12/30/24 13:00,1,6.5,387,95.4,13.8,0,2.8,20,0,3
12/30/24 14:00,1,6.5,387,95.8,13.9,0,2.8,22,0,3
12/30/24 15:00,1,6.5,387,96.7,13.8,0,2.8,16,1,3
12/30/24 16:00,1,6.5,394,95.9,13.6,0,1.02,293,0,3
12/30/24 17:00,1,6.5,394,95.5,13.6,0,1.02,285,0,3
12/30/24 18:00,1,6.5,394,94.5,13.6,0,1.02,294,0,3
12/30/24 19:00,1,6.5,395,94.7,13.6,0,1.02,296,0,3
12/30/24 20:00,1,6.5,395,95.1,13.6,0,1.02,290,0,3
12/30/24 21:00,1,6.5,397,97.4,13.6,0,1.08,289,0,3
12/30/24 22:00,0.9,6.5,406,96.4,13.3,0,-0.05,32,0,3
12/30/24 23:00,0.9,6.5,406,97.9,13.2,0,-0.05,37,0,3
12/31/24 0:00,0.9,6.5,406,98.2,13.2,0,-0.01,33,0,3
12/31/24 1:00,0.9,6.5,406,98.4,13.2,0,-0.01,29,0,3
12/31/24 2:00,1.2,6.5,405,95.1,13.3,0,-0.01,39,0,3
12/31/24 3:00,1.2,6.5,413,95.1,16.1,0,-0.03,37,0,3
12/31/24 4:00,1.2,6.5,413,94.3,16.1,0,-0.03,28,0,3
12/31/24 5:00,1.2,6.5,414,94.1,16.1,0,-0.03,34,0,3
12/31/24 6:00,1.1,6.5,415,93.4,16.1,0,-0.03,26,0,3
12/31/24 7:00,1.1,6.5,416,92.9,16.2,0,-0.03,34,0,3
12/31/24 8:00,1.1,6.5,417,92.1,16.2,0,-0.03,33,0,3
12/31/24 9:00,1.1,6.5,417,98.6,14.1,0,-1.19,39,0,3
12/31/24 10:00,1.1,6.5,417,98.9,14.1,0,-1.19,37,0,3
12/31/24 11:00,1.1,6.5,417,98.4,14,0,-1.19,31,0,3
12/31/24 12:00,1.1,6.5,417,99,14,0,-1.39,28,0,3
12/31/24 13:00,1.1,6.5,416,98.4,14.1,0,-1.39,32,0,3
12/31/24 14:00,1.1,6.5,415,98.6,14,0,-1.39,30,0,3
12/31/24 15:00,1.1,6.5,421,94.5,15.1,23,-0.69,39,0,3
12/31/24 16:00,1.1,6.5,421,93.6,15.1,24,-0.59,34,0,3
12/31/24 17:00,1.1,6.5,421,95.3,15.1,24,-0.59,35,0,3
12/31/24 18:00,1.1,6.5,423,95.3,15.1,16,-0.59,34,0,3
12/31/24 19:00,1.1,6.5,424,96.4,15.1,16,-0.59,30,0,3
12/31/24 20:00,1.1,6.5,425,96.4,15.1,15,-0.59,35,0,3
12/31/24 21:00,1.1,6.5,437,93.9,17,41,2.7,34,0,3
12/31/24 22:00,1.1,6.5,437,93.7,17.1,45,2.7,25,0,3
12/31/24 23:00,1.1,6.5,437,94.1,17,45,2.7,34,0,3
1/1/25 0:00,1.1,6.5,428,88,12.3,0,-2.93,64,0,3
1/1/25 1:00,1.1,6.5,428,88.4,12.3,0,-2.93,68,0,3
1/1/25 2:00,1.1,6.5,427,89.7,12.3,0,-2.97,67,0,3
1/1/25 3:00,1.1,6.5,427,92,12.3,0,-2.97,63,0,3
1/1/25 4:00,1.1,6.5,427,91.7,12.3,0,-2.97,68,0,3
1/1/25 5:00,1.1,6.5,427,91.5,12.3,0,-2.97,63,0,3
1/1/25 6:00,1.1,6.5,433,97,11.9,0,-3.41,67,0,3
1/1/25 7:00,1.1,6.5,434,95.8,11.9,0,-3.41,66,0,3
1/1/25 8:00,1.1,6.5,434,93.9,12,0,-3.41,63,0,3
1/1/25 9:00,1.1,6.5,434,91.7,12,0,-3.41,68,0,3
1/1/25 10:00,1.1,6.5,434,91.4,11.9,0,-3.41,64,0,3
1/1/25 11:00,1.1,6.5,434,91.3,12,0,-3.41,62,0,3
1/1/25 12:00,1.1,6.5,436,93.8,11.7,0,-2.63,65,0,3
1/1/25 13:00,1.1,6.5,437,93.9,11.7,0,-2.63,65,0,3
1/1/25 14:00,1.1,6.5,438,94.3,11.7,0,-2.63,62,0,3
1/1/25 15:00,1.1,6.5,438,97.4,11.7,0,-2.63,64,0,3
1/1/25 16:00,1.1,6.5,437,97.6,11.7,0,-2.75,65,0,3
1/1/25 17:00,1.1,6.5,436,99,11.7,0,-2.75,64,0,3
1/1/25 18:00,1.1,6.5,440,99.2,12,0,-3.13,66,0,3
1/1/25 19:00,1.1,6.5,440,99.2,12,0,-2.87,64,0,3
1/1/25 20:00,1.1,6.5,441,99.9,12,0,-2.87,67,0,3
1/1/25 21:00,1.1,6.5,441,97.7,12,0,-2.87,68,0,3
1/1/25 22:00,1.1,6.5,442,95.9,12,0,-2.87,66,0,3
1/1/25 23:00,1.1,6.5,445,93.9,12.2,0,-3.33,62,0,3
1/2/25 0:00,1.1,6.6,445,93.9,12.2,0,-3.33,66,0,3
1/2/25 1:00,1.1,6.6,446,94.5,12.1,0,-3.33,66,0,3
1/2/25 2:00,1.1,6.6,447,94.9,12.1,0,-3.33,65,0,3
1/2/25 3:00,1.1,6.6,447,95.6,12.2,0,-3.33,66,0,3
1/2/25 4:00,1.1,6.6,447,95,12.2,0,-3.33,65,0,3
1/2/25 5:00,1.1,6.6,446,94.6,11.9,0,-1.71,181,0,3
1/2/25 6:00,1.1,6.6,444,97,11.8,0,-1.71,177,0,3
1/2/25 7:00,1.1,6.6,443,96.9,11.9,0,-1.71,185,0,3
1/2/25 8:00,1.1,6.6,443,97.7,11.8,0,-1.71,183,0,3
1/2/25 9:00,1.1,6.6,443,98.2,11.8,0,-1.87,183,0,3
1/2/25 10:00,1.1,6.6,446,99.2,11.9,0,-1.87,184,0,3
1/2/25 11:00,1.1,6.6,451,96.1,12.1,0,-0.81,102,0.5,3
1/2/25 12:00,1.1,6.6,452,95.7,12.1,0,-0.81,97,0,3
1/2/25 13:00,1.1,6.6,453,95.6,12.1,0,-1.15,102,1,3
1/2/25 14:00,1.1,6.6,453,96,12.1,0,-1.15,99,0.5,3
1/2/25 15:00,1.1,6.6,453,96,12.1,0,-1.15,102,0.5,3
1/2/25 16:00,1.1,6.6,453,96.1,12.1,0,-1.15,101,0.5,3
1/2/25 17:00,1.1,6.6,447,94.7,11.8,0,-0.89,103,0.5,3
1/2/25 18:00,1.1,6.6,445,95.2,11.8,0,-0.89,107,0,3
1/2/25 19:00,1.1,6.6,445,95.9,11.8,0,-0.89,111,0,3
1/2/25 20:00,1.1,6.6,445,96.2,11.8,0,-0.89,108,0.5,3
1/2/25 21:00,1.1,6.6,445,96.9,11.8,0,-0.89,105,0.5,3
1/2/25 22:00,1.1,6.6,446,96.4,11.8,0,-1.01,108,0.5,3
1/2/25 23:00,1.1,6.6,448,97.2,13.1,0,-1.19,97,0,3
1/3/25 0:00,1.1,6.6,448,97.9,13,0,-1.19,91,0,3
1/3/25 1:00,1.1,6.6,447,97.8,13,0,-1.41,96,0,3
1/3/25 2:00,1.1,6.6,447,97.4,13,0,-1.41,95,0,3
1/3/25 3:00,1.1,6.6,447,96.9,13,0,-1.41,90,0,3
1/3/25 4:00,1.1,6.6,449,97,13,0,-1.41,93,0,3
1/3/25 5:00,1.1,6.6,440,95,13.4,44,-0.39,106,0,3
1/3/25 6:00,1.1,6.6,440,94.9,13.4,44,-0.37,103,0,3
1/3/25 7:00,1.1,6.6,440,94.7,13.4,43,-0.37,101,0,3
1/3/25 8:00,1.1,6.6,440,94.7,13.4,43,-0.37,103,0,3
1/3/25 9:00,1.1,6.6,441,94.8,13.4,43,-0.37,105,0,3
1/3/25 10:00,1.1,6.6,442,91.8,13.4,43,-0.37,106,0,3
1/3/25 11:00,1.2,6.5,427,94.6,19.4,164,2.04,93,2.1,3
1/3/25 12:00,1.2,6.5,428,95.1,19.5,164,2.04,89,2.1,3
1/3/25 13:00,1.2,6.5,429,95.5,19.5,165,2.04,88,1.5,3
1/3/25 14:00,1.2,6.5,429,93.3,19.5,171,2.04,85,1.5,3
1/3/25 15:00,1.2,6.5,429,93.4,19.5,171,2.04,113,1.5,3
1/3/25 16:00,1.2,6.5,429,93.2,19.5,171,2.04,116,1.5,3
1/3/25 17:00,1.2,6.5,407,98,23.5,269,3.96,103,1,3
1/3/25 18:00,1.2,6.5,406,98.4,23.4,268,3.96,106,1.5,3
1/3/25 19:00,1.2,6.5,405,98,23.4,268,3.96,106,1,3
1/3/25 20:00,1.2,6.5,403,96.7,23.4,268,3.96,102,1.5,3
1/3/25 21:00,1.2,6.5,403,96.5,23.4,268,3.98,101,1,3
1/3/25 22:00,1.2,6.5,403,98.3,24.7,327,6.62,201,0,3
1/3/25 23:00,1.2,6.5,402,98.6,24.8,327,6.62,206,0.5,3
1/4/25 0:00,1.2,6.5,402,99,24.7,328,6.86,201,1,3
1/4/25 1:00,1.2,6.5,401,96.8,24.7,326,6.86,202,1,3
1/4/25 2:00,1.1,6.5,402,96.7,24.8,326,6.86,201,1,3
1/4/25 3:00,1.1,6.5,400,96.7,24.8,326,6.86,198,1,3
1/4/25 4:00,1.1,6.5,401,94.7,26.1,309,7.42,189,2.6,3
1/4/25 5:00,1.1,6.5,400,96,26.2,309,7.42,199,1.5,3
1/4/25 6:00,1.1,6.5,400,96.1,26.3,309,7.42,195,1.5,3
1/4/25 7:00,1.1,6.6,401,96.5,26.3,308,7.42,193,2.1,3
1/4/25 8:00,1.1,6.6,401,96.7,26.2,306,7.42,197,1,3
1/4/25 9:00,1.1,6.6,402,96.4,26.3,305,7.68,194,1.5,3
1/4/25 10:00,1.1,6.6,393,97.9,24.8,261,8.12,334,3.1,3
1/4/25 11:00,1.1,6.6,394,96.7,24.9,259,8.12,339,2.1,3
1/4/25 12:00,1.2,6.6,394,96.9,24.9,259,8.12,326,2.1,3
1/4/25 13:00,1.2,6.6,393,97.5,24.9,256,8,303,2.1,3
1/4/25 14:00,1.2,6.6,394,96.4,25,252,8,275,2.1,3
1/4/25 15:00,1.2,6.6,395,97.3,25,252,8,251,2.1,3
1/4/25 16:00,1.2,6.6,394,98.2,24.5,179,8.48,217,3.1,3
1/4/25 17:00,1.1,6.7,394,97.7,24.5,178,8.48,209,2.1,3
1/4/25 18:00,1.1,6.7,394,97.4,24.5,178,8.48,185,2.6,3
1/4/25 19:00,1.1,6.7,394,97.3,24.5,177,8.48,188,2.1,3
1/4/25 20:00,1.1,6.7,394,97.9,24.5,177,8.48,291,1,3
1/4/25 21:00,1.1,6.7,393,98,24.5,178,8.48,332,1,3
1/4/25 22:00,1.1,6.7,391,97.8,23.1,50,8.48,195,1.5,3
1/4/25 23:00,1.1,6.7,390,98.4,23.1,47,8.48,235,2.6,3
1/5/25 0:00,1.1,6.7,391,98.2,23.1,48,8.48,249,2.1,3
1/5/25 1:00,1.1,6.7,391,98.6,23.1,48,8.48,251,4.2,3
1/5/25 2:00,1.1,6.7,391,96.5,23.1,46,8.44,178,3.6,3
1/5/25 3:00,1.1,6.5,391,96,23.1,47,8.44,240,2.6,3
1/5/25 4:00,1.1,6.5,395,97.8,19.4,0,7.5,281,1,3
1/5/25 5:00,1.1,6.5,392,97.9,19.3,1,7.58,282,1,3
1/5/25 6:00,1.1,6.5,391,97.6,19.3,1,7.58,280,1,3
1/5/25 7:00,1.1,6.5,391,97.8,19.3,1,7.58,283,0.5,3
1/5/25 8:00,1.1,6.5,391,97.7,19.3,1,7.58,282,1,3
1/5/25 9:00,1.2,6.5,391,97.4,19.3,1,7.58,280,0.5,3
1/5/25 10:00,1.2,6.5,401,96.5,16.8,0,6.48,292,1,3
1/5/25 11:00,1.2,6.5,402,96.7,16.8,0,6.48,295,0.5,3
1/5/25 12:00,1.2,6.5,402,97.1,16.8,0,6.48,294,0.5,3
1/5/25 13:00,1.2,6.5,403,97.1,16.8,0,6.48,297,0.5,3
1/5/25 14:00,1.2,6.5,403,97.1,16.8,0,6.48,297,0,3
1/5/25 15:00,1.2,6.5,404,96.1,16.8,0,6.32,291,0,3
1/5/25 16:00,1.2,6.5,404,93,15.7,0,5.66,288,1,3
1/5/25 17:00,1.2,6.5,404,92.7,15.7,0,5.66,285,0.5,3
1/5/25 18:00,1.2,6.5,403,94.4,15.6,0,5.66,287,0,3
1/5/25 19:00,1.2,6.5,402,94.3,15.6,0,5.3,286,0,3
1/5/25 20:00,1.2,6.5,402,96.2,15.7,0,5.3,284,0,3
1/5/25 21:00,1.2,6.5,402,95.6,15.7,0,5.3,287,0,3
1/5/25 22:00,1.2,6.5,413,94.5,15,0,3.02,46,1,3
1/5/25 23:00,1.2,6.5,413,94.5,15,0,2.76,44,0.5,3
1/6/25 0:00,1.2,6.5,414,94.8,15,0,2.76,45,0.5,3
1/6/25 1:00,1.2,6.5,415,94.4,15,0,2.76,43,1,3
1/6/25 2:00,1.2,6.5,414,94.5,15,0,2.76,43,0.5,3
1/6/25 3:00,1.2,6.4,414,95,14.9,0,2.76,41,1,3
1/6/25 4:00,1.2,6.4,421,99.8,14.6,0,2.1,47,0,3
1/6/25 5:00,1.2,6.4,421,99.9,14.6,0,2.1,46,0,3
1/6/25 6:00,1.2,6.4,422,99.3,14.6,0,2.1,43,0,3
1/6/25 7:00,1.2,6.5,423,99.4,14.7,0,2.1,45,0,3
1/6/25 8:00,1.2,6.5,423,98.2,14.7,0,2.26,48,0,3
1/6/25 9:00,1.2,6.5,423,97.8,14.7,0,2.26,46,0,3
1/6/25 10:00,1.2,6.5,427,96,14.4,0,1.14,46,0,3
1/6/25 11:00,1.2,6.5,428,95.7,14.4,0,1.14,44,0,3
1/6/25 12:00,1.2,6.5,428,95.2,14.5,0,1.14,47,0,3
1/6/25 13:00,1.2,6.5,428,94.8,14.5,0,1.14,46,0,3
1/6/25 14:00,1.2,6.5,428,95.1,14.5,0,1.14,46,0,3
1/6/25 15:00,1.2,6.5,428,94.7,14.4,0,1.14,45,0,3
1/6/25 16:00,1.2,6.5,436,94.6,14.2,0,1.38,47,0,3
1/6/25 17:00,1.2,6.5,435,94.8,14.2,0,1.38,49,0,3
1/6/25 18:00,1.2,6.5,436,95,14.2,0,1.38,49,0,3
1/6/25 19:00,1.2,6.6,435,95.4,14.1,0,1.38,48,0,3
1/6/25 20:00,1.2,6.6,434,94.5,14.1,0,1.54,47,0,3
1/6/25 21:00,1.2,6.6,433,94.6,14.1,0,1.54,52,0,3
1/6/25 22:00,1.2,6.6,442,96.8,13.8,0,0.46,49,0,3
1/6/25 23:00,1.2,6.6,441,97.3,13.8,0,0.46,49,0,3
1/7/25 0:00,1.2,6.6,440,98.9,13.7,0,0.56,49,0,3
1/7/25 1:00,1.2,6.6,440,98.2,13.8,0,0.56,48,0,3
1/7/25 2:00,1.2,6.6,440,98.1,13.8,0,0.56,50,0,3
1/7/25 3:00,1.2,6.6,440,98.1,13.8,0,0.56,49,0,3
1/7/25 4:00,1.2,6.6,447,96.2,13.3,0,-0.33,48,0,3
1/7/25 5:00,1.2,6.6,448,98.4,13.3,0,-0.33,48,0,3
1/7/25 6:00,1.2,6.6,448,97.6,13.3,0,-0.33,48,0,3
1/7/25 7:00,1.2,6.6,447,99.6,13.3,0,-0.33,48,0,3
1/7/25 8:00,1.2,6.6,447,97.6,13.3,0,-0.33,49,0,3
1/7/25 9:00,1.2,6.6,446,97.6,13.3,0,-0.33,49,0,3
1/7/25 10:00,1.2,6.6,452,92.3,13,0,-0.79,51,0,3
1/7/25 11:00,1.2,6.6,451,94.2,13,0,-0.79,50,0,3
1/7/25 12:00,1.2,6.6,450,94.9,12.9,0,-0.79,48,0,3
1/7/25 13:00,1.2,6.6,451,94,12.9,0,-0.79,48,0,3
1/7/25 14:00,1.2,6.6,451,94.6,12.9,0,-1.23,52,0,3
1/7/25 15:00,1.2,6.6,452,94.9,12.9,0,-1.23,50,0,3
1/7/25 16:00,1.2,6.6,454,97.4,12.5,0,-1.13,48,0,3
1/7/25 17:00,1.2,6.6,455,96.6,12.6,0,-1.13,50,0,3
1/7/25 18:00,1.2,6.6,454,95.2,12.6,0,-1.13,54,0,3
1/7/25 19:00,1.2,6.6,455,94.3,12.6,0,-1.13,51,0,3
1/7/25 20:00,1.2,6.6,455,95.6,12.6,0,-1.43,48,0,3
1/7/25 21:00,1.2,6.6,455,94.9,12.5,0,-1.43,49,0,3
1/7/25 22:00,1.2,6.6,455,98.7,12.2,0,-1.59,50,0,3
1/7/25 23:00,1.2,6.6,455,98.9,12.2,0,-1.59,49,0,3
1/8/25 0:00,1.2,6.6,455,99.3,12.2,0,-1.69,48,0,3
1/8/25 1:00,1.2,6.6,456,99.4,12.2,0,-1.69,43,0,3
1/8/25 2:00,1.2,6.6,457,96.5,12.2,0,-1.69,47,0,3
1/8/25 3:00,1.2,6.6,457,96.8,12.2,0,-1.69,52,0,3
1/8/25 4:00,1.2,6.6,458,98.4,11.8,0,-1.73,53,0,3
1/8/25 5:00,1.2,6.6,458,97.1,11.8,0,-1.73,51,0,3
1/8/25 6:00,1.2,6.6,457,94.9,11.9,0,-1.73,50,0,3
1/8/25 7:00,1.2,6.6,457,93.8,11.9,0,-1.73,51,0,3
1/8/25 8:00,1.2,6.6,457,93.7,11.9,0,-1.73,52,0,3
1/8/25 9:00,1.2,6.6,458,95,11.9,0,-1.97,51,0,3
1/8/25 10:00,1.2,6.6,460,95.8,11.5,0,-2.83,51,0,3
1/8/25 11:00,1.2,6.6,458,95.4,11.6,0,-2.83,51,0,3
1/8/25 12:00,1.2,6.6,458,92.9,11.6,0,-2.83,52,0,3
1/8/25 13:00,1.2,6.6,457,92.9,11.6,0,-2.69,49,0,3
1/8/25 14:00,1.2,6.6,456,92,11.6,0,-2.69,51,0,3
1/8/25 15:00,1.2,6.6,462,95,11.2,0,-2.77,52,0,3
1/8/25 16:00,1.2,6.6,461,95,11.2,0,-2.77,51,0,3
1/8/25 17:00,1.2,6.6,461,95.6,11.2,0,-2.77,52,0,3
1/8/25 18:00,1.2,6.6,461,95.4,11.2,0,-2.77,50,0,3
1/8/25 19:00,1.1,6.6,461,95.7,11.2,0,-2.77,55,0,3
1/8/25 20:00,1.1,6.6,460,95.7,11.2,0,-2.77,52,0,3
1/8/25 21:00,1.1,6.6,466,96,13.7,0,-2.37,48,0,3
1/8/25 22:00,1.1,6.6,466,94.1,13.7,0,-2.43,51,0,3
1/8/25 23:00,1.2,6.6,466,94.7,13.7,0,-2.43,52,0,3
1/9/25 0:00,1.2,6.6,467,95.8,13.7,0,-2.43,50,0,3
1/9/25 1:00,1.2,6.6,467,94.8,13.8,0,-2.43,52,0,3
1/9/25 2:00,1.2,6.6,467,94.5,13.8,0,-2.43,52,0,3
1/9/25 3:00,1.1,6.6,476,96.9,13.3,89,-1.77,52,0,3
1/9/25 4:00,1.1,6.6,475,98,13.3,90,-1.77,51,0,3
1/9/25 5:00,1.1,6.6,475,98.4,13.3,92,-1.77,50,0,3
1/9/25 6:00,1.1,6.6,473,98.5,13.3,91,-1.77,52,0,3
1/9/25 7:00,1,6.5,472,97.8,13.3,89,-1.71,51,0,3
1/9/25 8:00,1,6.5,472,97.5,13.3,89,-1.71,52,0,3
1/9/25 9:00,1,6.5,529,94,20.6,165,1.14,53,0,3
1/9/25 10:00,1,6.5,532,93.3,20.6,165,1.14,50,0,3
1/9/25 11:00,1.1,6.5,536,92.8,20.7,168,1.4,51,0,3
1/9/25 12:00,1.1,6.5,539,92.9,20.7,168,1.4,50,0,3
1/9/25 13:00,1.1,6.5,542,92.6,20.8,168,1.4,52,0,3
1/9/25 14:00,1.1,6.5,523,94.4,24.7,278,1.78,214,1.5,3
1/9/25 15:00,1.1,6.4,522,94.1,24.8,278,1.86,219,1,3
1/9/25 16:00,1.1,6.4,522,94.3,24.9,277,1.86,215,1.5,3
1/9/25 17:00,1.1,6.4,521,94.1,24.9,277,1.86,214,1,3
1/9/25 18:00,1.1,6.4,520,94,24.9,276,1.86,216,1,3
1/9/25 19:00,1.1,6.4,519,94.3,24.9,277,1.86,215,1,3
1/9/25 20:00,1.1,6.4,459,95.7,26.1,336,3.66,36,0.5,3
1/9/25 21:00,1.1,6.4,458,95.9,26.1,334,3.66,36,0,3
1/9/25 22:00,1.1,6.4,457,96.7,26.1,333,3.66,36,0,3
1/9/25 23:00,1.1,6.4,456,98.2,26.1,333,3.66,35,0.5,3
1/10/25 0:00,1.1,6.4,454,98.3,26.1,332,3.8,32,0.5,3
1/10/25 1:00,1.1,6.4,426,98.1,24.8,326,4.14,246,2.1,3
1/10/25 2:00,1.1,6.4,426,98.2,24.8,327,4.14,308,3.1,3
1/10/25 3:00,1.1,6.4,424,97.9,24.9,325,3.8,322,2.1,3
1/10/25 4:00,1.1,6.4,423,98.3,24.8,325,3.8,307,1.5,3
1/10/25 5:00,1.1,6.4,422,98.8,24.8,324,3.8,296,2.1,3
1/10/25 6:00,1.1,6.4,421,98.7,24.9,325,3.8,269,2.6,3
1/10/25 7:00,1.1,6.4,407,96.9,25.5,258,5.68,292,1.5,3
1/10/25 8:00,1.1,6.4,406,97.7,25.5,256,5.68,287,2.1,3
1/10/25 9:00,1.1,6.4,405,97.7,25.5,257,5.68,256,2.1,3
1/10/25 10:00,1.1,6.4,404,95.8,25.5,257,5.68,328,1,3
1/10/25 11:00,1.1,6.5,406,95.5,25.5,258,5.68,360,2.1,3
1/10/25 12:00,1.1,6.5,405,95.5,25.5,258,5.74,360,2.1,3
1/10/25 13:00,1.1,6.5,409,99.5,24,159,5.34,319,1,3
1/10/25 14:00,1.1,6.5,408,97.9,24.1,159,5.34,318,1,3
1/10/25 15:00,1.1,6.5,410,98,24.1,158,5.34,275,2.6,3
1/10/25 16:00,1.1,6.5,411,97.9,24.1,157,5.34,283,2.1,3
1/10/25 17:00,1.1,6.5,411,98.5,24.1,159,5.2,285,1,3
1/10/25 18:00,1.1,6.5,412,98.5,24.1,159,5.2,282,1.5,3
1/10/25 19:00,1.1,6.5,410,98.1,22.1,43,4.9,283,1.5,3
1/10/25 20:00,1.1,6.5,411,97.6,22.2,44,4.82,313,2.6,3
1/10/25 21:00,1.1,6.5,412,98.1,22.1,47,4.82,329,1.5,3
1/10/25 22:00,1.1,6.5,412,98.5,22.1,47,4.82,295,1.5,3
1/10/25 23:00,1.1,6.5,412,99.8,22.1,45,4.82,211,2.1,3
1/11/25 0:00,1.1,6.5,415,99.9,22.1,45,4.82,205,1,3
1/11/25 1:00,1.1,6.5,409,98.3,18.5,0,4.24,187,1,3
1/11/25 2:00,1.1,6.5,410,98.5,18.4,0,4.24,183,0.5,3
1/11/25 3:00,1.1,6.5,409,98.6,18.4,0,4.24,183,1,3
1/11/25 4:00,1.1,6.5,409,98.4,18.4,0,4.24,183,1,3
1/11/25 5:00,1.1,6.5,407,97.1,18.4,0,4.24,270,1,3
1/11/25 6:00,1.1,6.5,405,97.1,18.4,0,3.94,271,0.5,3
1/11/25 7:00,1.1,6.5,399,93.7,15.4,0,2.74,279,1.5,3
1/11/25 8:00,1.1,6.5,399,93.8,15.3,0,2.74,277,1,3
1/11/25 9:00,1.1,6.5,398,93.8,15.3,0,2.74,279,0.5,3
1/11/25 10:00,1.1,6.5,396,93.9,15.3,0,2.84,279,1,3
1/11/25 11:00,1.1,6.5,396,93.9,15.3,0,2.84,280,1,3
1/11/25 12:00,1.1,6.5,396,94.8,15.2,0,2.84,282,0.5,3
1/11/25 13:00,1.1,6.5,404,98.3,14.4,0,1.94,292,0,3
1/11/25 14:00,1.1,6.5,403,98.4,14.4,0,1.94,293,0,3
1/11/25 15:00,1.1,6.5,403,99.1,14.4,0,1.84,294,0,3
1/11/25 16:00,1.1,6.5,404,99.4,14.4,0,1.84,291,0,3
1/11/25 17:00,1.1,6.5,404,98.8,14.4,0,1.84,294,0,3
1/11/25 18:00,1.1,6.5,410,98.1,13.9,0,-0.05,50,0,3
1/11/25 19:00,1.1,6.5,410,98.1,13.9,0,-0.05,51,0,3
1/11/25 20:00,1.1,6.5,410,99,13.8,0,-0.05,51,0.5,3
1/11/25 21:00,1.1,6.5,411,99.1,13.8,0,-0.05,52,0.5,3
1/11/25 22:00,1.1,6.5,411,99,13.9,0,-0.05,50,1,3
1/11/25 23:00,1.1,6.6,411,98.2,13.9,0,-0.05,47,0.5,3
1/12/25 0:00,1.1,6.6,421,96.3,13.5,0,-0.61,50,0,3
1/12/25 1:00,1.1,6.6,421,96,13.5,0,-0.61,50,0,3
1/12/25 2:00,1.1,6.6,422,95.2,13.5,0,-0.61,50,0,3
1/12/25 3:00,1.1,6.6,423,97.6,13.5,0,-0.61,51,0,3
1/12/25 4:00,1.1,6.6,423,98.1,13.5,0,-0.77,52,0,3
1/12/25 5:00,1.1,6.6,423,98.2,13.5,0,-0.77,50,0,3
1/12/25 6:00,1.1,6.6,429,96.4,13.1,0,-1.17,50,0,3
1/12/25 7:00,1.1,6.6,427,96.9,13.1,0,-1.17,50,0,3
1/12/25 8:00,1.1,6.6,427,96.4,13.2,0,-1.17,51,0,3
1/12/25 9:00,1.1,6.6,424,95.9,13.1,0,-1.15,50,0,3
1/12/25 10:00,1.1,6.6,424,96.8,13.1,0,-1.15,47,0,3
1/12/25 11:00,1.1,6.6,423,96.7,13.1,0,-1.15,48,0,3
1/12/25 12:00,1.1,6.6,436,94.2,12.9,0,-2.15,49,0,3
1/12/25 13:00,1.1,6.6,435,94.6,12.9,0,-2.15,49,0,3
1/12/25 14:00,1.1,6.6,433,95.1,12.8,0,-2.15,48,0,3
1/12/25 15:00,1.1,6.6,431,95.3,12.8,0,-2.15,49,0,3
1/12/25 16:00,1.1,6.6,431,96.2,12.8,0,-2.15,52,0,3
1/12/25 17:00,1.1,6.6,430,96,12.9,0,-1.93,51,0,3
1/12/25 18:00,1.1,6.6,439,95,12.8,0,-2.77,50,0,3
1/12/25 19:00,1.1,6.6,438,94.7,12.7,0,-2.77,49,0,3
1/12/25 20:00,1.1,6.6,439,95,12.7,0,-2.77,48,0,3
1/12/25 21:00,1.1,6.6,439,96.2,12.7,0,-2.77,50,0,3
1/12/25 22:00,1.1,6.6,440,96.2,12.7,0,-2.59,50,0,3
1/12/25 23:00,1,6.6,440,94.6,12.7,0,-2.59,51,0,3
1/13/25 0:00,1,6.6,438,96,12.6,0,-0.17,300,3.6,3
1/13/25 1:00,1,6.6,437,95.5,12.6,0,-0.19,315,3.1,3
1/13/25 2:00,1,6.6,437,95.5,12.5,0,-0.19,285,2.1,3
1/13/25 3:00,1,6.6,437,94.6,12.5,0,-0.19,326,1.5,3
1/13/25 4:00,1,6.6,436,91.3,12.6,0,-0.19,339,1.5,3
1/13/25 5:00,1,6.6,435,97,12.2,0,-1.75,210,1.5,3
1/13/25 6:00,1,6.6,435,97.1,12.2,0,-1.75,220,1,3
1/13/25 7:00,1,6.6,435,98.9,12.2,0,-1.75,251,4.2,3
1/13/25 8:00,1,6.6,434,98.8,12.2,0,-1.75,266,2.1,3
1/13/25 9:00,1,6.6,435,97.7,12.2,0,-1.75,341,1.5,3
1/13/25 10:00,1,6.6,435,94.5,12.2,0,-1.75,260,1.5,3
1/13/25 11:00,1,6.6,428,93.1,11.7,0,-2.35,21,3.6,3
1/13/25 12:00,1,6.6,427,92.7,11.7,0,-2.35,24,2.6,3
1/13/25 13:00,1,6.6,428,92.4,11.7,0,-2.35,23,2.1,3
1/13/25 14:00,1,6.6,428,92.5,11.7,0,-2.59,23,1.5,3
1/13/25 15:00,1.1,6.5,429,93,11.6,0,-2.59,268,1.5,3
1/13/25 16:00,1.1,6.5,429,93.1,11.6,0,-2.59,266,1,3
1/13/25 17:00,1.1,6.5,431,95.1,11.2,0,-2.69,291,0,3
1/13/25 18:00,1.1,6.5,431,95.9,11.3,0,-2.67,292,0,3
1/13/25 19:00,1.1,6.4,430,98,11.2,0,-2.67,292,0,3
1/13/25 20:00,1.1,6.4,429,99,11.2,0,-2.67,294,0,3
1/13/25 21:00,1.1,6.4,429,99.9,11.1,0,-2.67,294,0,3
1/13/25 22:00,1.1,6.4,430,99.9,11.1,0,-2.67,290,0,3
1/13/25 23:00,1,6.4,428,95.7,10.9,0,-3.17,271,1,3
1/14/25 0:00,1,6.4,427,95.4,10.9,0,-3.17,272,1.5,3
1/14/25 1:00,1,6.4,426,94.8,10.9,0,-3.17,271,1,3
1/14/25 2:00,1,6.4,427,95.3,10.9,0,-3.17,271,1,3
1/14/25 3:00,1,6.4,427,95.2,10.8,0,-3.11,272,1,3
1/14/25 4:00,1,6.4,427,96.2,10.8,0,-3.11,274,1.5,3
1/14/25 5:00,1,6.4,426,96.5,10.5,0,-4.47,260,0,3
1/14/25 6:00,1,6.4,427,96.4,10.5,0,-4.47,260,0,3
1/14/25 7:00,1.1,6.4,427,97.3,10.5,0,-4.63,260,0,3
1/14/25 8:00,1.1,6.4,428,97.3,10.5,0,-4.63,305,0,3
1/14/25 9:00,1.1,6.4,428,97.7,10.5,0,-4.63,307,0,3
1/14/25 10:00,1.1,6.4,428,97.6,10.5,0,-4.63,319,0,3
1/14/25 11:00,1,6.4,429,99.1,9.9,0,-5.01,8,0,3
1/14/25 12:00,1,6.4,429,98.6,10,0,-5.11,8,0,3
1/14/25 13:00,1,6.4,429,98,10,0,-5.11,7,0,3
1/14/25 14:00,1,6.4,429,96.9,10,0,-5.11,8,0,3
1/14/25 15:00,1,6.4,429,97.7,10,0,-5.11,5,0,3
1/14/25 16:00,1,6.5,430,97.8,9.9,0,-5.11,8,0,3
1/14/25 17:00,1,6.5,437,87.6,13.1,0,-4.87,7,0,3
1/14/25 18:00,1,6.5,437,88,13.1,0,-4.87,8,0,3
1/14/25 19:00,1,6.5,436,87.4,13.2,0,-4.87,7,0,3
1/14/25 20:00,1,6.5,435,92.3,13.2,0,-4.87,5,0,3
1/14/25 21:00,1,6.5,435,92.8,13.2,0,-5.27,7,0,3
1/14/25 22:00,1,6.5,435,92.5,13.3,0,-5.27,10,0,3
1/14/25 23:00,1,6.5,441,94.9,13.8,39,-3.19,39,0,3
1/15/25 0:00,1,6.5,442,94.2,13.8,36,-3.19,39,0,3
1/15/25 1:00,1,6.5,442,94.2,13.8,36,-3.19,39,0,3
1/15/25 2:00,1,6.6,440,95.2,13.8,36,-2.93,39,0,3
1/15/25 3:00,1,6.6,440,97.6,13.8,36,-2.93,39,0,3
1/15/25 4:00,1,6.6,439,97,13.8,35,-2.93,41,0,3
1/15/25 5:00,1,6.6,434,92.5,20.4,173,-1.11,304,2.6,3
1/15/25 6:00,1,6.6,435,94.1,20.3,173,-1.11,301,1.5,3
1/15/25 7:00,1,6.6,436,94.5,20.3,175,-1.11,304,1.5,3
1/15/25 8:00,1,6.6,436,94.2,20.4,176,-1.11,312,1.5,3
1/15/25 9:00,1,6.6,435,94.3,20.4,176,-1.11,313,1,3
1/15/25 10:00,1,6.6,436,94.5,20.5,176,-1.11,311,1,3
1/15/25 11:00,1,6.6,413,93.6,23.8,286,-0.57,277,1.5,3
1/15/25 12:00,1,6.6,414,92.5,23.8,289,-0.57,277,1.5,3
1/15/25 13:00,1,6.6,415,92.6,23.9,287,-0.57,278,1,3
1/15/25 14:00,1,6.6,416,92.4,23.9,287,-0.57,276,0.5,3
1/15/25 15:00,1,6.6,416,92.6,24,286,-0.57,275,0,3
1/15/25 16:00,1,6.6,416,92.2,24,286,-0.75,277,0.5,3
1/15/25 17:00,1,6.6,411,99.9,24.5,346,0.44,37,1.5,3
1/15/25 18:00,1,6.6,410,99.9,24.4,348,0.44,34,1,3
1/15/25 19:00,1,6.6,408,99.9,24.3,348,0.44,39,0.5,3
1/15/25 20:00,1,6.6,407,99.9,24.3,348,0.78,35,1,3
1/15/25 21:00,1,6.6,406,99.9,24.3,350,0.78,39,1,3
1/15/25 22:00,1,6.6,404,96.6,25.7,338,2.04,281,1.5,3
1/15/25 23:00,1,6.6,404,96.8,25.6,339,2.04,281,2.1,3
1/16/25 0:00,1,6.6,404,96.9,25.6,342,1.96,315,3.1,3
1/16/25 1:00,1,6.6,405,96.4,25.6,344,1.96,302,2.1,3
1/16/25 2:00,1,6.6,405,96,25.6,345,1.96,309,1.5,3
1/16/25 3:00,1,6.6,406,96.6,25.7,345,1.96,314,1.5,3
1/16/25 4:00,1,6.6,462,94.4,24.9,262,2.66,208,1,3
1/16/25 5:00,1,6.6,461,94.6,24.9,257,2.66,277,1.5,3
1/16/25 6:00,1,6.6,459,96.7,24.9,252,2.66,312,1.5,3
1/16/25 7:00,1,6.6,459,96.6,24.9,249,2.66,312,1,3
1/16/25 8:00,1,6.6,459,97.9,24.9,246,2.66,312,0.5,3
1/16/25 9:00,1,6.6,459,97.7,25,246,2.66,313,0.5,3
1/16/25 10:00,1,6.6,402,98.7,22,133,1.82,315,2.1,3
1/16/25 11:00,1,6.6,402,97.3,21.9,133,1.82,253,2.6,3
1/16/25 12:00,1,6.6,402,98.7,21.9,133,1.88,354,3.1,3
1/16/25 13:00,1,6.6,403,98.1,22,133,1.88,332,3.1,3
1/16/25 14:00,1,6.6,402,98,21.9,136,1.88,341,3.1,3
1/16/25 15:00,1,6.6,392,97,20.7,79,2.56,165,1,3
1/16/25 16:00,1,6.6,391,98.4,20.7,80,2.56,180,1.5,3
1/16/25 17:00,1,6.6,390,97.3,20.6,79,2.4,183,1.5,3
1/16/25 18:00,1,6.6,390,96.7,20.7,79,2.4,293,1,3
1/16/25 19:00,1,6.6,389,95.1,20.8,78,2.4,291,1.5,3
1/16/25 20:00,1,6.6,412,99.3,16.1,0,1.28,212,0.5,3
1/16/25 21:00,1,6.6,413,99.7,16,0,1.28,208,1,3
1/16/25 22:00,1,6.6,412,99.7,16.1,0,1.28,211,0.5,3
1/16/25 23:00,1,6.6,413,99.9,16,0,1.28,209,0,3
1/17/25 0:00,1,6.6,412,99.9,16,0,1.28,211,1,3
1/17/25 1:00,1,6.6,416,97.5,14.4,0,-0.59,206,2.1,3
1/17/25 2:00,1,6.6,415,97.9,14.4,0,-0.59,204,2.1,3
1/17/25 3:00,1,6.6,415,98.5,14.4,0,-0.59,180,2.6,3
1/17/25 4:00,1,6.6,415,97.3,14.4,0,-0.59,204,2.1,3
1/17/25 5:00,1,6.6,415,99.8,14.4,0,-0.59,208,2.1,3
1/17/25 6:00,1,6.6,415,98.5,14.4,0,-0.97,211,1.5,3
1/17/25 7:00,1,6.6,428,98.4,13.5,0,-1.11,167,0,3
1/17/25 8:00,1,6.6,428,98.3,13.5,0,-1.11,168,0,3
1/17/25 9:00,1,6.6,428,98.2,13.5,0,-1.15,166,0,3
1/17/25 10:00,1,6.6,428,99.6,13.5,0,-1.15,164,0,3
1/17/25 11:00,1,6.6,427,99.7,13.5,0,-1.15,161,0,3
1/17/25 12:00,1,6.6,427,98.2,13.5,0,-1.15,167,0,3
1/17/25 13:00,1,6.6,434,99.7,13.3,0,-1.59,54,1.5,3
1/17/25 14:00,1,6.6,433,99.9,13.3,0,-1.59,58,1,3
1/17/25 15:00,1,6.6,433,99.9,13.3,0,-1.59,54,1,3
1/17/25 16:00,1,6.6,433,99.9,13.3,0,-1.59,58,0.5,3
1/17/25 17:00,1,6.6,433,99.9,13.3,0,-1.59,55,0.5,3
1/17/25 18:00,1,6.6,433,98.4,13.3,0,-1.59,55,0.5,3
1/17/25 19:00,0.9,6.6,441,95.3,13.7,0,-0.95,55,0,3
1/17/25 20:00,0.9,6.6,440,96.2,13.7,0,-0.95,55,0,3
1/17/25 21:00,0.9,6.6,440,96.8,13.6,0,-0.95,56,0,3
1/17/25 22:00,0.9,6.6,440,96.4,13.7,0,-0.95,58,0,3
1/17/25 23:00,0.9,6.6,441,98.2,13.7,0,-1.11,58,0,3
1/18/25 0:00,0.9,6.7,441,98.7,13.7,0,-1.11,58,0,3
1/18/25 1:00,0.9,6.7,444,92.5,13.3,0,-1.79,57,0,3
1/18/25 2:00,0.9,6.7,443,93.4,13.3,0,-2.03,55,0,3
1/18/25 3:00,0.9,6.7,442,93.9,13.3,0,-2.03,56,0,3
1/18/25 4:00,0.9,6.7,441,93.3,13.3,0,-2.03,57,0,3
1/18/25 5:00,0.9,6.6,440,92.2,13.3,0,-2.03,59,0,3
1/18/25 6:00,0.9,6.6,440,93.9,13.3,0,-2.03,57,0,3
1/18/25 7:00,0.9,6.6,442,95.4,13.2,0,-0.55,262,1.5,3
1/18/25 8:00,0.9,6.6,442,95.1,13.3,0,-0.55,259,1.5,3
1/18/25 9:00,0.9,6.6,443,95.2,13.2,0,-0.55,284,2.1,3
1/18/25 10:00,1,6.5,445,96.2,13.2,0,-0.55,287,1.5,3
1/18/25 11:00,1,6.5,445,96.4,13.2,0,-0.55,286,1,3
1/18/25 12:00,1,6.5,445,99.7,13.4,0,-0.15,277,0,3
1/18/25 13:00,1,6.5,446,97.4,13.4,0,-0.15,276,0.5,3
1/18/25 14:00,1,6.5,446,97.2,13.4,0,-0.15,248,2.1,3
1/18/25 15:00,1,6.5,446,97.6,13.3,0,-0.15,285,1,3
1/18/25 16:00,1,6.5,445,97.5,13.3,0,-0.55,286,0.5,3
1/18/25 17:00,1,6.5,444,97,13.3,0,-0.55,277,2.1,3
1/18/25 18:00,1,6.5,439,96.2,13,0,-0.91,4,3.1,3
1/18/25 19:00,1,6.5,439,96.2,13,0,-0.91,8,1.5,3
1/18/25 20:00,1,6.4,441,96.8,13,0,-0.91,8,0.5,3
1/18/25 21:00,1,6.4,440,96.3,13,0,-0.65,5,1,3
1/18/25 22:00,1,6.4,440,96.5,13,0,-0.65,253,2.1,3
1/18/25 23:00,1,6.4,440,96.1,13,0,-0.65,264,2.6,3
1/19/25 0:00,1,6.4,436,99.6,12.3,0,-1.33,299,0.5,3
1/19/25 1:00,1.1,6,436,98.5,12.4,0,-1.43,298,0.5,3
1/19/25 2:00,1.1,6,435,97.7,12.4,0,-1.43,299,0.5,3
1/19/25 3:00,1.1,6,434,97.6,12.4,0,-1.43,296,1,3
1/19/25 4:00,1.1,6,434,97.6,12.3,0,-1.43,299,1,3
1/19/25 5:00,1.1,6,435,90.5,11.8,0,-1.73,299,0.5,3
1/19/25 6:00,1.1,6,434,91.5,11.8,0,-1.73,299,0.5,3
1/19/25 7:00,1.1,6,434,96.1,11.8,0,-1.73,298,0,3
1/19/25 8:00,1.1,6,434,96.1,11.8,0,-1.73,297,0.5,3
1/19/25 9:00,1.1,6,433,96.7,11.8,0,-1.63,300,0,3
1/19/25 10:00,1.1,6,433,97.5,11.8,0,-1.63,298,0,3
1/19/25 11:00,1.1,6.1,429,96.1,11.3,0,-2.69,274,0.5,3
1/19/25 12:00,1.1,6.1,429,95.8,11.4,0,-2.69,272,1,3
1/19/25 13:00,1.1,6.1,428,96.3,11.4,0,-2.49,274,0.5,3
1/19/25 14:00,1.1,6.1,428,95,11.4,0,-2.49,274,0.5,3
1/19/25 15:00,1.1,6.1,428,94.5,11.4,0,-2.49,273,0.5,3
1/19/25 16:00,1.1,6.2,427,94.8,11.4,0,-2.49,272,0.5,3
1/19/25 17:00,1.1,6.2,428,96.2,11.1,0,-3.01,271,1,3
1/19/25 18:00,1.1,6.2,428,95.9,11,0,-3.01,266,1,3
1/19/25 19:00,1.1,6.2,429,95.3,11,0,-3.01,269,1,3
1/19/25 20:00,1.1,6.2,430,97.2,11.1,0,-3.01,272,1,3
1/19/25 21:00,1.1,6.2,432,96.9,11.1,0,-3.01,269,0.5,3
1/19/25 22:00,1.1,6.2,433,97.6,11,0,-3.01,272,0.5,3
1/19/25 23:00,1.1,6.2,429,93.7,10.5,0,-4.63,285,1,3
1/20/25 0:00,1.1,6.2,427,94.3,10.5,0,-4.63,233,0.5,3
1/20/25 1:00,1.1,6.2,428,94.2,10.5,0,-4.63,293,0.5,3
1/20/25 2:00,1.1,6.2,428,94.3,10.5,0,-4.71,210,0.5,3
1/20/25 3:00,1.1,6.2,428,93.2,10.5,0,-4.71,268,0.5,3
1/20/25 4:00,1.1,6.2,428,93.7,10.5,0,-4.71,295,0.5,3
1/20/25 5:00,1.1,6.2,429,97.8,10,0,-4.55,222,0,3
1/20/25 6:00,1.1,6.2,428,96.7,10.1,0,-4.55,300,0,3
1/20/25 7:00,1.1,6.3,427,97.8,10.1,0,-4.75,216,0,3
1/20/25 8:00,1.1,6.3,427,97.3,10,0,-4.75,209,0,3
1/20/25 9:00,1.1,6.3,427,97.2,10.1,0,-4.75,214,0,3
1/20/25 10:00,1.1,6.3,427,97.3,10.1,0,-4.75,230,0,3
1/20/25 11:00,1.1,6.3,435,99.6,12.9,4,-5.39,270,0,3
1/20/25 12:00,1.1,6.3,436,99.5,12.9,0,-5.39,298,0,3
1/20/25 13:00,1.1,6.3,437,99.3,12.9,0,-5.39,291,0,3
1/20/25 14:00,1.1,6.3,437,99,12.9,0,-5.39,255,0,3
1/20/25 15:00,1.1,6.3,437,96.8,12.9,0,-5.39,291,0,3
1/20/25 16:00,1.1,6.3,437,98.2,12.9,0,-5.39,290,0,3
1/20/25 17:00,1.1,6.3,436,99.4,14.3,35,-3.21,259,0,3
1/20/25 18:00,1.1,6.3,435,98.7,14.3,35,-3.21,275,0,3
1/20/25 19:00,1.1,6.3,435,97.9,14.3,34,-3.21,211,0,3
1/20/25 20:00,1.1,6.3,435,98.2,14.2,35,-3.21,236,0,3
1/20/25 21:00,1.1,6.3,436,98.5,14.2,36,-3.43,218,0,3
1/20/25 22:00,1.1,6.3,437,98.2,14.2,36,-3.43,251,0,3
1/20/25 23:00,1.1,6.3,424,92.7,20.5,177,-0.97,100,1,3
1/21/25 0:00,1.1,6.3,424,92.8,20.5,178,-0.97,98,1,3
1/21/25 1:00,1.1,6.3,423,92.8,20.5,179,-0.97,96,1.5,3
1/21/25 2:00,1.1,6.3,424,93.4,20.6,183,-1.25,92,0.5,3
1/21/25 3:00,1.1,6.3,424,93.5,20.6,183,-1.25,98,0.5,3
1/21/25 4:00,1.1,6.3,423,93.5,20.6,183,-1.25,100,0.5,3
1/21/25 5:00,1.1,6.3,402,98.4,23.3,284,0.72,115,0,3
1/21/25 6:00,1.1,6.3,402,97.1,23.3,290,0.72,118,0,3
1/21/25 7:00,1.1,6.3,402,98.1,23.3,294,0.72,114,0.5,3
1/21/25 8:00,1.1,6.3,402,97.6,23.4,294,0.72,116,0.5,3
1/21/25 9:00,1.1,6.3,401,97.2,23.4,297,0.72,115,0.5,3
1/21/25 10:00,1.1,6.3,402,95.9,23.5,295,0.72,118,0.5,3
1/21/25 11:00,1.1,6.3,428,94.9,25.8,357,2.3,232,1,3
1/21/25 12:00,1.1,6.3,429,94.9,25.8,357,2.3,229,0.5,3
1/21/25 13:00,1.1,6.3,428,95.6,25.8,359,2.3,230,0.5,3
1/21/25 14:00,1.1,6.3,428,96,25.8,356,2.3,231,0.5,3
1/21/25 15:00,1.1,6.3,428,95.2,25.9,357,2.46,238,0.5,3
1/21/25 16:00,1.1,6.3,400,94.4,25.9,335,2.98,331,0.5,3
1/21/25 17:00,1.1,6.3,400,95.3,25.9,336,2.98,331,0,3
1/21/25 18:00,1.1,6.3,401,95.8,25.8,337,2.98,332,0.5,3
1/21/25 19:00,1.1,6.3,401,96.5,25.9,337,3.16,331,1,3
1/21/25 20:00,1.1,6.3,402,96,25.9,336,3.16,333,1,3
1/21/25 21:00,1.1,6.3,402,95.2,25.9,336,3.16,333,1,3
1/21/25 22:00,1.1,6.3,399,98.5,25.3,316,5.04,54,1.5,3
1/21/25 23:00,1.1,6.3,399,98.8,25.3,304,5.14,53,1,3
1/22/25 0:00,1.1,6.3,400,99.5,25.3,301,5.14,52,0.5,3
1/22/25 1:00,1.1,6.3,399,99.4,25.3,298,5.14,52,0.5,3
1/22/25 2:00,1.1,6.3,400,99.2,25.2,297,5.14,53,0,3
1/22/25 3:00,1.1,6.3,399,98.4,25.2,287,5.14,52,0,3
1/22/25 4:00,1.1,6.4,389,95.8,23.5,153,4.74,93,1,3
1/22/25 5:00,1.1,6.4,389,95.4,23.6,151,4.74,89,1,3
1/22/25 6:00,1.1,6.4,388,94.4,23.7,148,4.74,91,1,3
1/22/25 7:00,1.1,6.4,387,94.5,23.6,148,4.74,95,0.5,3
1/22/25 8:00,1.1,6.4,387,94.9,23.6,142,4.76,90,1,3
1/22/25 9:00,1.1,6.4,386,96.8,23.6,134,4.76,88,1,3
1/22/25 10:00,1.1,6.4,384,99.1,20.1,52,3.62,204,0.5,3
1/22/25 11:00,1.1,6.4,384,98,20.1,53,3.62,203,0.5,3
1/22/25 12:00,1.1,6.4,384,96.1,20.2,54,3.62,220,0.5,3
1/22/25 13:00,1.1,6.4,383,96.5,20.2,54,3.62,219,1,3
1/22/25 14:00,1.1,6.4,383,97.4,20.1,55,3.62,217,1,3
1/22/25 15:00,1.1,6.4,383,97.1,20.2,56,3.62,218,1,3
1/22/25 16:00,1.1,6.4,394,95.7,18.4,4,4.02,266,0,3
1/22/25 17:00,1.1,6.4,395,95.9,18.4,3,4.02,269,0,3
1/22/25 18:00,1.1,6.4,395,97.1,18.4,3,4.02,267,0,3
1/22/25 19:00,1.1,6.4,395,97.1,18.4,3,4.02,267,0,3
1/22/25 20:00,1.1,6.4,395,96.5,18.4,1,4.02,267,0,3
1/22/25 21:00,1.1,6.4,399,93.4,15.4,0,2.2,21,1.5,3
1/22/25 22:00,1.1,6.4,399,93,15.4,0,2.2,24,1.5,3
1/22/25 23:00,1.1,6.4,399,93.3,15.4,0,2.2,22,1.5,3
1/23/25 0:00,1.1,6.4,399,96,15.4,0,2.2,34,2.1,3
1/23/25 1:00,1.1,6.4,398,95.6,15.4,0,1.98,35,1.5,3
1/23/25 2:00,1.1,6.4,398,96.2,15.4,0,1.98,34,1,3
1/23/25 3:00,1.1,6.4,404,98.7,14,0,-0.01,34,1,3
1/23/25 4:00,1.1,6.4,404,97.4,14,0,-0.01,34,0.5,3
1/23/25 5:00,1.1,6.4,403,96.9,14,0,0.04,34,1,3
1/23/25 6:00,1.1,6.4,403,96.2,14,0,0.04,35,1,3
1/23/25 7:00,1.1,6.4,403,96.5,14,0,0.04,34,1,3
1/23/25 8:00,1.1,6.4,403,96.9,14,0,0.04,37,1,3
1/23/25 9:00,1.1,6.4,413,96,13.6,0,-0.95,37,0,3
1/23/25 10:00,1,5.2,414,96.8,13.6,0,-0.87,40,0,3
1/23/25 11:00,1,5.2,413,96.7,13.6,0,-0.87,38,0,3
1/23/25 12:00,1,5.2,412,96.6,13.6,0,-0.87,41,0.5,3
1/23/25 13:00,1,5.2,410,97,13.6,0,-0.87,39,0,3
1/23/25 14:00,1,5.2,408,96.4,13.5,0,-0.87,37,0,3
1/23/25 15:00,1,5.4,418,98.3,13.4,0,-0.51,40,0,3
1/23/25 16:00,1,5.4,418,97.4,13.4,0,-0.51,36,0,3
1/23/25 17:00,1,5.4,418,99.5,13.4,0,-0.51,38,0,3
1/23/25 18:00,1,5.4,417,99.5,13.4,0,-0.51,40,0,3
1/23/25 19:00,1,5.4,417,98.4,13.5,0,-0.63,38,0,3
1/23/25 20:00,0.6,6,426,93.8,13.1,0,-0.69,39,0,3
1/23/25 21:00,0.6,6,426,93.5,13.1,0,-0.69,39,0,3
1/23/25 22:00,0.6,6,426,93.1,13.1,0,-0.77,33,0,3
1/23/25 23:00,0.6,6,426,92.9,13.1,0,-0.77,37,0,3
1/24/25 0:00,0.6,6,426,93.4,13,0,-0.77,39,0,3
1/24/25 1:00,0.7,4.8,426,95.8,13.1,0,-0.77,40,0,3
1/24/25 2:00,0.7,4.8,435,94.4,12.9,0,-0.89,42,0,3
1/24/25 3:00,0.7,4.8,435,94.9,12.9,0,-0.89,39,0,3
1/24/25 4:00,0.7,4.8,436,96.1,12.9,0,-0.89,37,0,3
1/24/25 5:00,0.7,4.8,435,95.9,12.9,0,-0.89,40,0,3
1/24/25 6:00,0.7,5.1,435,95.6,12.9,0,-0.89,40,0,3
1/24/25 7:00,0.7,5.1,441,95.9,12.7,0,-1.17,40,0,3
1/24/25 8:00,0.7,5.1,441,95.8,12.7,0,-1.27,38,0,3
1/24/25 9:00,0.7,5.1,441,95.9,12.7,0,-1.27,37,0,3
1/24/25 10:00,0.7,5.1,441,96,12.7,0,-1.27,39,0,3
1/24/25 11:00,0.7,5,440,97.2,12.7,0,-1.27,39,0,3
1/24/25 12:00,0.7,5,445,97.7,12.8,0,-0.57,38,0,3
1/24/25 13:00,0.7,5,445,96.9,12.8,0,-0.57,38,0,3
1/24/25 14:00,0.7,5,446,96.8,12.7,0,-0.57,36,0,3
1/24/25 15:00,0.7,5,446,97.2,12.7,0,-0.57,38,0,3
1/24/25 16:00,0.7,5.1,445,96,12.7,0,-0.57,39,0,3
1/24/25 17:00,0.7,5.1,444,96.2,12.7,0,-0.45,37,0,3
1/24/25 18:00,0.7,5.1,449,96.6,12.7,0,-0.25,132,0,3
1/24/25 19:00,0.7,5.1,448,96.4,12.7,0,-0.25,131,0,3
1/24/25 20:00,0.7,5.1,448,97,12.7,0,-0.25,126,0,3
1/24/25 21:00,0.7,5.2,448,95.9,12.7,0,-0.11,131,0,3
1/24/25 22:00,0.7,5.2,448,95.7,12.7,0,-0.11,131,0,3
1/24/25 23:00,0.7,5.2,448,95.7,12.7,0,-0.11,133,0,3
1/25/25 0:00,0.7,5.2,448,95.1,13.4,0,0.72,60,1.5,3
1/25/25 1:00,0.7,5.2,447,96.2,13.3,0,0.72,60,1,3
1/25/25 2:00,0.7,5.2,446,96.2,13.3,0,1.1,83,1.5,3
1/25/25 3:00,0.7,5.2,445,96.5,13.4,0,1.1,92,1.5,3
1/25/25 4:00,0.7,5.2,445,96.1,13.3,0,1.1,93,1.5,3
1/25/25 5:00,0.7,5.2,445,96,13.4,0,1.1,90,0.5,3
1/25/25 6:00,0.7,5.2,443,96.7,13.2,0,0.3,121,0.5,3
1/25/25 7:00,0.7,5.2,442,95.8,13.2,0,0.3,121,0.5,3
1/25/25 8:00,0.7,5.2,442,95,13.3,0,0.3,123,1,3
1/25/25 9:00,0.7,5.2,441,94.9,13.3,0,0.3,123,1,3
1/25/25 10:00,0.7,5.2,442,95,13.2,0,0.3,123,2.6,3
1/25/25 11:00,0.7,5.2,438,95,13.4,0,0.6,80,1.5,3
1/25/25 12:00,0.7,5.2,439,95,13.4,0,0.6,83,1.5,3
1/25/25 13:00,0.7,5.2,437,96,13.4,0,0.6,81,1.5,3
1/25/25 14:00,0.7,5.2,437,95.6,13.4,0,0.92,99,2.1,3
1/25/25 15:00,0.7,5.2,437,96.4,13.4,0,0.92,119,3.1,3
1/25/25 16:00,0.7,5.2,438,98.2,13.4,0,0.92,126,2.1,3
1/25/25 17:00,0.7,5.2,435,97.5,13.4,0,-0.01,89,0,3
1/25/25 18:00,0.7,5.2,435,98.2,13.3,0,-0.01,87,0,3
1/25/25 19:00,0.7,5.2,436,97.2,13.3,0,0,91,0.5,3
1/25/25 20:00,0.7,5.2,436,96.8,13.4,0,0,88,0.5,3
1/25/25 21:00,0.7,5.2,437,94.9,13.4,0,0,88,0.5,3
1/25/25 22:00,0.7,5.2,439,94.6,13.4,0,0,87,1,3
1/25/25 23:00,0.7,5.2,426,96.9,13.3,0,0.82,94,1.5,3
1/26/25 0:00,0.7,5.2,426,97.6,13.2,0,1,56,1.5,3
1/26/25 1:00,0.7,5.2,426,97,13.2,0,1,53,2.1,3
1/26/25 2:00,0.7,5.2,426,95.5,13.3,0,1,49,1.5,3
1/26/25 3:00,0.7,5.2,426,95.1,13.3,0,1,36,2.1,3
1/26/25 4:00,0.7,5.2,427,95.6,13.3,0,1,84,3.1,3
1/26/25 5:00,0.7,5.2,428,96.5,13.4,0,1.58,115,3.1,3
1/26/25 6:00,0.7,5.2,427,96.8,13.4,0,1.58,145,1.5,3
1/26/25 7:00,0.7,5.2,427,96.8,13.4,0,1.58,216,1,3
1/26/25 8:00,0.7,5.3,428,96,13.4,0,1.58,110,1,3
1/26/25 9:00,0.7,5.3,428,96.1,13.4,0,1.58,128,2.6,3
1/26/25 10:00,0.7,5.3,428,96.2,13.4,0,1.54,103,2.1,3
1/26/25 11:00,0.7,5.3,425,87.7,13.7,2,1.58,23,1,3
1/26/25 12:00,0.7,5.3,424,87.8,13.7,2,1.58,22,1.5,3
1/26/25 13:00,0.7,5.3,424,89.7,13.8,3,1.58,24,1.5,3
1/26/25 14:00,0.7,5.3,425,89.7,13.8,2,1.66,25,1.5,3
1/26/25 15:00,0.7,5.3,424,89.9,13.8,1,1.66,23,1,3
1/26/25 16:00,0.7,5.3,423,90.8,13.8,1,1.66,23,1,3
1/26/25 17:00,0.7,5.3,427,91.4,16.1,20,1.28,37,1.5,3
1/26/25 18:00,0.7,5.4,428,91,16.2,27,1.54,49,2.1,3
1/26/25 19:00,0.7,5.4,427,92.9,16.2,30,1.54,44,2.1,3
1/26/25 20:00,0.7,5.4,427,93.1,16.2,33,1.54,39,2.1,3
1/26/25 21:00,0.7,5.4,427,93.5,16.2,33,1.54,42,2.1,3
1/26/25 22:00,0.7,5.4,415,98,15.9,46,1.28,107,2.1,3
1/26/25 23:00,0.7,5.4,414,98.1,15.9,48,1.28,118,1.5,3
1/27/25 0:00,0.7,5.4,413,98.5,15.8,48,1.28,114,1,3
1/27/25 1:00,0.7,5.4,412,99.4,15.8,48,1.28,115,0.5,3
1/27/25 2:00,0.7,5.4,412,99.2,15.8,50,1.28,112,0.5,3
1/27/25 3:00,0.7,5.4,413,95.8,15.8,49,1.16,95,2.6,3
1/27/25 4:00,0.6,5.5,404,97.3,16.9,92,2.12,99,5.2,3
1/27/25 5:00,0.6,5.5,404,96.5,16.9,96,2.12,74,4.7,3
1/27/25 6:00,0.6,5.5,403,96.6,16.9,96,2.12,81,4.2,3
1/27/25 7:00,0.6,5.5,401,96.3,16.9,98,2.12,54,3.1,3
1/27/25 8:00,0.6,5.5,401,95.8,16.9,100,2.36,74,3.1,3
1/27/25 9:00,0.6,5.5,402,95.7,16.9,102,2.36,81,2.6,3
1/27/25 10:00,0.6,5.5,394,99.9,16.9,144,2.86,102,1,3
1/27/25 11:00,0.6,5.5,393,99.9,16.9,145,3.2,64,2.6,3
1/27/25 12:00,0.6,5.5,391,99,17,144,3.2,117,4.2,3
1/27/25 13:00,0.6,5.5,390,97.5,17,141,3.2,137,1.5,3
1/27/25 14:00,0.6,5.5,389,98.6,16.9,141,3.2,122,1.5,3
1/27/25 15:00,0.6,5.5,389,98.8,16.9,143,3.2,53,3.1,3
1/27/25 16:00,0.6,5.5,388,97.1,16.5,6,2.02,97,0,3
1/27/25 17:00,0.6,5.5,388,97,16.4,7,2.02,97,0,3
1/27/25 18:00,0.6,5.5,388,96.8,16.5,5,2.02,104,0,3
1/27/25 19:00,0.6,5.6,388,96,16.4,5,2.02,87,0,3
1/27/25 20:00,0.6,5.6,388,96,16.4,11,2.02,96,0,3
1/27/25 21:00,0.6,5.6,393,94,17.2,136,3.86,86,1.5,3
1/27/25 22:00,0.6,5.6,392,94.6,17.3,138,3.86,102,1.5,3
1/27/25 23:00,0.6,5.6,391,94.9,17.2,144,3.86,118,2.1,3
1/28/25 0:00,0.6,5.6,391,93.6,17.3,152,3.86,111,1.5,3
1/28/25 1:00,0.6,5.6,391,91.4,17.3,152,4.52,106,1,3
1/28/25 2:00,0.6,5.6,391,91.3,17.4,152,4.52,114,1.5,3
1/28/25 3:00,0.6,5.6,393,96.6,16.5,25,4.06,79,1.5,3
1/28/25 4:00,0.6,5.6,392,97.2,16.4,25,4.06,65,1.5,3
1/28/25 5:00,0.7,4.9,392,96.9,16.4,22,4.06,70,1,3
1/28/25 6:00,0.7,4.9,391,98.7,16.4,19,4.06,90,2.6,3
1/28/25 7:00,0.7,4.9,391,98.7,16.5,25,3.54,70,1,3
1/28/25 8:00,0.7,4.9,391,98.3,16.5,27,3.54,81,1,3
1/28/25 9:00,0.7,4.9,391,94.7,15.6,6,4.44,83,2.6,3
1/28/25 10:00,0.7,5,392,95.1,15.5,6,4.28,104,2.1,3
1/28/25 11:00,0.7,5,392,95.3,15.5,6,4.28,91,2.1,3
1/28/25 12:00,0.7,5,392,95,15.5,8,4.28,100,1,3
1/28/25 13:00,0.7,5,392,94.6,15.6,8,4.28,107,1,3
1/28/25 14:00,0.7,5,391,95.5,15.5,8,4.28,104,0.5,3
1/28/25 15:00,0.7,5,392,97.1,14.3,0,3.7,76,1.5,3
1/28/25 16:00,0.7,5,393,93.9,14.3,0,3.7,94,3.6,3
1/28/25 17:00,0.7,5,392,91.8,14.3,0,3.7,86,3.6,3
1/28/25 18:00,0.7,5,391,91.8,14.3,0,3.7,114,3.1,3
1/28/25 19:00,0.7,5,391,91.7,14.3,0,3.7,208,1.5,3
1/28/25 20:00,0.8,4.4,391,93.4,14.3,0,3.44,157,1,3
1/28/25 21:00,0.8,4.4,395,96.4,13.7,0,1.16,55,1,3
1/28/25 22:00,0.8,4.4,395,95.8,13.7,0,1.16,111,1.5,3
1/28/25 23:00,0.8,4.4,395,94.7,13.7,0,1.16,102,1,3
1/29/25 0:00,0.8,4.4,395,94.1,13.7,0,1.16,106,0.5,3
1/29/25 1:00,0.8,4.5,395,93,13.7,0,1.78,114,0,3
1/29/25 2:00,0.8,4.5,395,90.2,13.7,0,1.78,106,0,3
1/29/25 3:00,0.8,4.5,401,95.8,13.9,0,4.42,93,0.5,3
1/29/25 4:00,0.8,4.5,402,95.7,13.8,0,3.9,112,0.5,3
1/29/25 5:00,0.8,4.5,402,95.3,13.9,0,3.9,95,1,3
1/29/25 6:00,0.8,4.5,402,94.7,13.9,0,3.9,95,0.5,3
1/29/25 7:00,0.8,4.5,402,95.5,13.8,0,3.9,97,1.5,3
1/29/25 8:00,0.8,4.5,401,93.9,13.9,0,3.9,104,1.5,3
1/29/25 9:00,0.8,4.5,405,95.2,14.3,0,4.3,101,1.5,3
1/29/25 10:00,0.8,4.5,405,93.8,14.4,0,4.3,107,0.5,3
1/29/25 11:00,0.7,4.6,405,93.3,14.3,0,4.3,106,0,3
1/29/25 12:00,0.7,4.6,404,93.3,14.3,0,4.3,119,0,3
1/29/25 13:00,0.7,4.6,404,93,14.3,0,4.3,105,0.5,3
1/29/25 14:00,0.7,4.6,403,93.1,14.3,0,4.3,108,0.5,3
1/29/25 15:00,0.7,4.6,412,93.1,14,0,5.3,68,0,3
1/29/25 16:00,0.7,4.6,412,93.3,14,0,5.3,71,0,3
1/29/25 17:00,0.7,4.6,413,93.8,14,0,5.3,63,0,3
1/29/25 18:00,0.7,4.6,412,93.3,14,0,5.3,64,0,3
1/29/25 19:00,0.7,4.6,412,94.6,14,0,4.86,72,0,3
1/29/25 20:00,0.7,4.6,412,95,14,0,4.86,68,0,3
1/29/25 21:00,0.7,4.6,415,97.1,14,0,2.42,73,0,3
1/29/25 22:00,0.7,4.6,416,97.8,13.9,0,2.9,78,0,3
1/29/25 23:00,0.7,4.7,417,97.2,14,0,2.9,65,0,3
1/30/25 0:00,0.7,4.7,417,98,13.9,0,2.9,113,1,3
1/30/25 1:00,0.7,4.7,416,97.4,14,0,2.9,112,1,3
1/30/25 2:00,0.7,4.7,417,97,14,0,2.9,110,1,3
1/30/25 3:00,0.7,4.7,416,96.7,13.9,0,4.42,114,0,3
1/30/25 4:00,0.7,4.7,416,96.9,13.8,0,4.42,114,0,3
1/30/25 5:00,0.7,4.7,416,96.1,13.8,0,4.42,111,0,3
1/30/25 6:00,0.7,4.7,416,96.1,13.8,0,4.42,112,0,3
1/30/25 7:00,0.7,4.7,417,96.2,13.8,0,4.42,113,0,3
1/30/25 8:00,0.7,4.7,421,95.4,13.7,0,4.22,62,0,3
1/30/25 9:00,0.7,4.7,421,95.7,13.7,0,4.22,67,0,3
1/30/25 10:00,0.7,4.7,420,95.7,13.7,0,4.14,52,0,3
1/30/25 11:00,0.7,4.7,419,96.2,13.6,0,4.14,52,0.5,3
1/30/25 12:00,0.7,4.7,419,93.8,13.6,0,4.14,65,0.5,3
1/30/25 13:00,0.7,4.7,418,95.7,13.6,0,4.14,72,0.5,3
1/30/25 14:00,0.7,4.7,423,94.2,13.6,0,2.48,104,0,3
1/30/25 15:00,0.7,4.7,423,94.2,13.6,0,2.48,100,0,3
1/30/25 16:00,0.7,4.7,422,97,13.5,0,2.48,98,0,3
1/30/25 17:00,0.7,4.8,422,96.8,13.5,0,2.48,102,0,3
1/30/25 18:00,0.7,4.8,422,96.7,13.6,0,2.48,98,0,3
1/30/25 19:00,0.7,4.8,430,99,14,0,3.04,236,0.5,3
1/30/25 20:00,0.7,4.8,430,98.7,14.1,0,3.04,226,0.5,3
1/30/25 21:00,0.7,4.8,430,99.2,14.1,0,3.04,234,0,3
1/30/25 22:00,0.7,4.8,429,98.5,14.1,0,3.04,233,0,3
1/30/25 23:00,0.7,4.8,428,98.3,14.1,0,3.04,238,0.5,3
1/31/25 0:00,0.7,4.8,428,97.6,14.1,0,4.18,230,0,3
1/31/25 1:00,0.7,4.8,427,96.6,14.3,0,2.74,352,0.5,3
1/31/25 2:00,0.7,4.8,427,96,14.3,0,2.74,33,1.5,3
1/31/25 3:00,0.7,4.8,427,96.8,14.3,0,2.74,42,1.5,3
1/31/25 4:00,0.7,4.8,427,97,14.2,0,2.74,36,0,3
1/31/25 5:00,0.7,4.8,427,97,14.2,0,2.36,27,1,3
1/31/25 6:00,0.7,4.8,427,96.9,14.2,0,2.36,34,1,3
1/31/25 7:00,0.7,4.8,426,94,14.1,0,3.42,340,0,3
1/31/25 8:00,0.7,4.8,426,93.9,14.1,0,3.42,342,0,3
1/31/25 9:00,0.7,4.8,426,94.2,14.1,0,3.42,340,0.5,3
1/31/25 10:00,0.7,4.8,428,94.3,14.1,0,3.42,346,1,3
1/31/25 11:00,0.7,4.8,428,94.7,14.1,0,3.42,345,0.5,3
1/31/25 12:00,0.7,4.8,432,94.5,14.4,0,3,39,0,3
1/31/25 13:00,0.7,4.8,433,94.5,14.4,0,3,40,0,3
1/31/25 14:00,0.7,4.8,433,94.7,14.4,0,3,45,0,3
1/31/25 15:00,0.7,4.8,433,92.7,14.5,0,3,41,0,3
1/31/25 16:00,0.7,4.8,433,92.5,14.5,0,2.94,42,0,3
1/31/25 17:00,0.6,4.9,432,91.9,14.4,0,2.94,40,0,3
1/31/25 18:00,0.6,4.9,435,95.7,14.1,0,3.34,122,0,3
1/31/25 19:00,0.6,4.9,436,96.4,14.1,0,3.34,118,0,3
1/31/25 20:00,0.6,4.9,437,94.7,14.1,0,3.26,112,0,3
1/31/25 21:00,0.6,4.9,437,94.6,14.1,0,3.26,106,0,3
1/31/25 22:00,0.6,4.9,437,94.5,14.1,0,3.26,111,0,3
1/31/25 23:00,0.6,4.9,437,93.6,14.1,0,3.26,119,0,3
2/1/25 0:00,0.6,4.9,435,94.9,15.1,0,0.98,40,0,3
2/1/25 1:00,0.6,4.9,435,93.3,15.1,0,0.98,35,0,3
2/1/25 2:00,0.6,4.9,434,92.1,15.1,0,0.98,30,0,3
2/1/25 3:00,0.6,4.9,434,92,15.1,0,0.98,29,0,3
2/1/25 4:00,0.6,4.9,432,92.7,15.1,0,0.98,30,0,3
2/1/25 5:00,0.6,5,435,92.9,14.9,0,0.38,29,0,3
2/1/25 6:00,0.6,5,434,93.4,15,0,0.38,29,0,3
2/1/25 7:00,0.6,5,435,92.8,15,0,0.26,30,0,3
2/1/25 8:00,0.6,5,435,94.2,14.9,0,0.26,37,0,3
2/1/25 9:00,0.6,5,437,94.4,14.9,0,0.26,31,0,3
2/1/25 10:00,0.6,5,441,96,14.9,0,-0.61,29,0,3
2/1/25 11:00,0.6,5,439,96.7,14.9,0,-0.61,33,0,3
2/1/25 12:00,0.6,5,440,97.2,14.8,0,-0.61,35,0,3
2/1/25 13:00,0.6,5,440,97.3,14.8,0,-0.61,41,0,3
2/1/25 14:00,0.6,5,441,96.8,14.8,0,-0.61,38,0,3
2/1/25 15:00,0.6,5,445,93.6,15,0,1.48,38,0,3
2/1/25 16:00,0.6,5,446,94.4,15,0,1.48,42,0,3
2/1/25 17:00,0.6,5,446,94.5,15,0,1.48,36,0,3
2/1/25 18:00,0.6,5,447,94.5,15,0,0.58,36,0,3
2/1/25 19:00,0.6,5,447,96.1,14.9,0,0.58,36,0,3
2/1/25 20:00,0.6,5,446,95.4,14.9,0,0.58,38,0,3
2/1/25 21:00,0.6,5,448,94.9,14.9,0,0.68,36,0,3
2/1/25 22:00,0.6,5,448,95,15,0,0.18,38,0,3
2/1/25 23:00,0.6,5.1,448,95.2,15,0,0.18,34,0,3
2/2/25 0:00,0.6,5.1,448,95.4,14.9,0,0.18,42,0,3
2/2/25 1:00,0.6,5.1,448,95.8,14.9,0,0.18,41,0,3
2/2/25 2:00,0.6,5.1,448,95.9,14.9,0,0.18,38,0,3
2/2/25 3:00,0.6,5.1,448,95.4,14.6,0,0.44,39,0,3
2/2/25 4:00,0.6,5.1,448,95.4,14.6,0,0.44,27,1,3
2/2/25 5:00,0.6,5.2,448,95.3,14.6,0,0.44,37,1.5,3
2/2/25 6:00,0.6,5.2,448,96,14.6,0,0.44,32,1,3
2/2/25 7:00,0.6,5.2,447,95.6,14.6,0,0.44,27,0.5,3
2/2/25 8:00,0.6,5.2,447,95.3,14.6,0,0,30,1.5,3
2/2/25 9:00,0.6,5.2,449,95.1,14.7,0,1.08,32,0,3
2/2/25 10:00,0.6,5.2,449,95.9,14.6,0,1.08,38,0,3
2/2/25 11:00,0.6,5.2,447,96.7,14.6,0,1.62,31,0,3
2/2/25 12:00,0.6,5.2,446,93.3,14.5,0,1.62,31,0,3
2/2/25 13:00,0.6,5.2,446,91.7,14.6,0,1.62,35,0,3
2/2/25 14:00,0.6,5.2,452,97,14.5,0,2.74,33,0,3
2/2/25 15:00,0.6,5.2,453,96.8,14.5,0,1.82,39,0,3
2/2/25 16:00,0.6,5.2,453,96.7,14.5,0,1.82,35,0,3
2/2/25 17:00,0.5,5.2,454,96,14.6,0,1.82,35,0,3
2/2/25 18:00,0.5,5.2,454,95.3,14.6,0,1.82,30,0,3
2/2/25 19:00,0.5,5.2,454,95.9,14.5,0,1.82,34,0,3
2/2/25 20:00,0.5,5.2,459,97,14.4,0,0,34,0,3
2/2/25 21:00,0.5,5.2,458,96.3,14.5,0,0,32,0,3
2/2/25 22:00,0.5,5.2,457,96.3,14.5,0,0,38,0,3
2/2/25 23:00,0.7,4.6,456,96.3,14.4,0,0,34,0,3
2/3/25 0:00,0.7,4.6,456,96.3,14.4,0,0.74,35,0,3
2/3/25 1:00,0.7,4.6,455,91.2,14.2,52,0.62,248,0,3
2/3/25 2:00,0.7,4.6,455,90.7,14.2,46,0.62,291,0,3
2/3/25 3:00,0.7,4.6,455,93.3,14.2,46,-0.31,0,0,3
2/3/25 4:00,0.7,4.6,455,93.3,14.2,45,-0.31,359,0,3
2/3/25 5:00,0.7,4.8,454,96.3,14.2,46,-0.31,0,0.5,3
2/3/25 6:00,0.7,4.8,454,97.5,14.2,46,-0.31,0,0.5,3
2/3/25 7:00,0.7,4.8,452,93.4,16,133,1.92,343,0,3
2/3/25 8:00,0.7,4.8,453,93.8,15.9,133,2.78,343,0,3
2/3/25 9:00,0.7,4.8,453,93.2,15.9,131,2.78,343,0,3
2/3/25 10:00,0.7,4.8,452,92.5,16,132,2.78,340,0,3
2/3/25 11:00,0.8,4.2,451,92.5,15.9,132,2.78,341,0,3
2/3/25 12:00,0.8,4.2,451,93.7,15.9,134,2.78,343,0,3
2/3/25 13:00,0.8,4.2,433,95.9,18.5,209,1.04,329,0,3
2/3/25 14:00,0.8,4.2,433,95.9,18.5,213,1.04,324,0,3
2/3/25 15:00,0.8,4.2,433,96.5,18.5,212,1.04,332,0,3
2/3/25 16:00,0.8,4.2,434,96.8,18.6,205,1.04,326,0,3
2/3/25 17:00,0.8,4,435,96.9,18.6,205,1.04,326,0,3
2/3/25 18:00,0.8,4,435,97.5,18.6,205,1.04,329,0,3
2/3/25 19:00,0.8,4,417,96.2,21.1,252,2.7,298,1,3
2/3/25 20:00,0.8,4,417,96.8,21.1,251,2.7,282,1.5,3
2/3/25 21:00,0.8,4,416,97.8,21.1,253,2.7,280,1.5,3
2/3/25 22:00,0.8,4,417,97.8,21.1,254,2.84,278,1,3
2/3/25 23:00,0.8,4.1,417,97.8,21.1,254,2.84,281,1,3
2/4/25 0:00,0.8,4.1,404,94.1,22.5,405,3.9,278,2.1,3
2/4/25 1:00,0.8,4.1,404,94.5,22.5,402,3.96,277,1.5,3
2/4/25 2:00,0.8,4.1,404,95.1,22.5,397,3.96,284,1.5,3
2/4/25 3:00,0.8,4.1,403,94.1,22.5,397,3.96,289,1,3
2/4/25 4:00,0.8,4.1,402,93.9,22.5,395,3.96,280,1,3
2/4/25 5:00,0.7,4.1,401,94.7,22.6,388,3.96,289,0.5,3
2/4/25 6:00,0.7,4.1,404,97.4,23.6,353,3.74,266,1,3
2/4/25 7:00,0.7,4.1,404,97.2,23.7,357,3.74,266,1.5,3
2/4/25 8:00,0.7,4.1,403,97,23.7,354,3.74,277,1,3
2/4/25 9:00,0.7,4.1,403,97.1,23.6,355,3.74,265,1.5,3
2/4/25 10:00,0.7,4.1,403,94.2,23.6,355,3.52,273,0.5,3
2/4/25 11:00,0.7,4.1,404,96.3,23.7,356,3.52,272,0,3
2/4/25 12:00,0.7,4.1,404,98.2,22.9,198,5.66,265,0.5,3
2/4/25 13:00,0.7,4.1,404,98.6,22.8,199,5.66,254,0,3
2/4/25 14:00,0.7,4.1,403,98.4,22.9,196,5.22,256,0.5,3
2/4/25 15:00,0.7,4.1,402,98.3,22.8,197,5.22,258,1,3
2/4/25 16:00,0.7,4.1,401,98.5,22.8,196,5.22,257,1,3
2/4/25 17:00,0.7,4.1,401,97.8,22.8,197,5.22,262,1,3
2/4/25 18:00,0.7,4.1,394,98.2,21.2,76,5.72,40,0,3
2/4/25 19:00,0.7,4.1,393,98.8,21.2,75,5.72,38,0,3
2/4/25 20:00,0.7,4.1,392,98.2,21.2,75,5.72,39,0,3
2/4/25 21:00,0.7,4.1,393,97.2,21.2,75,5.72,39,0,3
2/4/25 22:00,0.7,4.1,393,98.2,21.2,76,5.72,37,0,3
2/4/25 23:00,0.7,4.2,392,98.5,21.1,75,5.72,38,0,3
2/5/25 0:00,0.7,4.2,398,99,18.6,22,4.84,36,0,3
2/5/25 1:00,0.7,4.2,396,98.6,18.6,19,4.84,39,0,3
2/5/25 2:00,0.7,4.2,395,98.4,18.6,19,4.84,32,0,3
2/5/25 3:00,0.7,4.2,394,98.8,18.5,18,5.42,35,0,3
2/5/25 4:00,0.7,4.2,395,98.9,18.5,21,5.42,34,0,3
2/5/25 5:00,0.7,4.2,394,98.6,18.5,22,5.42,32,0,3
2/5/25 6:00,0.7,4.2,399,94.5,16.7,0,3.88,278,0,3
2/5/25 7:00,0.7,4.2,398,95.1,16.7,0,4.32,279,0,3
2/5/25 8:00,0.7,4.2,398,97.9,16.6,0,4.32,280,0,3
2/5/25 9:00,0.7,4.2,398,98.5,16.6,0,4.32,276,0,3
2/5/25 10:00,0.7,4.2,398,98.2,16.6,0,4.32,279,0,3
2/5/25 11:00,0.7,4.3,399,99.3,16.5,0,4.32,280,0,3
2/5/25 12:00,0.7,4.3,405,96.6,15.3,0,1.52,41,0.5,3
2/5/25 13:00,0.7,4.3,405,96.9,15.3,0,1.52,47,1,3
2/5/25 14:00,0.7,4.3,405,96.2,15.3,0,1.52,37,0.5,3
2/5/25 15:00,0.7,4.3,405,96,15.3,0,1.52,41,0.5,3
2/5/25 16:00,0.7,4.3,406,96.4,15.3,0,1.52,38,0,3
2/5/25 17:00,0.7,4.3,406,97.2,15.3,0,1.66,43,0,3
2/5/25 18:00,0.7,4.3,413,97,14.8,0,2.32,39,0,3
2/5/25 19:00,0.7,4.3,412,97.3,14.8,0,2.32,43,0,3
2/5/25 20:00,0.7,4.3,412,97.3,14.8,0,1.48,42,0,3
2/5/25 21:00,0.7,4.3,412,97.8,14.8,0,1.48,43,0,3
2/5/25 22:00,0.7,4.3,413,96.6,14.8,0,1.48,43,0,3
2/5/25 23:00,0.7,4.4,421,92.5,14.2,0,0.84,40,0,3
2/6/25 0:00,0.7,4.4,421,92.5,14.2,0,1.02,44,0,3
2/6/25 1:00,0.7,4.4,421,93.6,14.2,0,1.02,43,0,3
2/6/25 2:00,0.7,4.4,420,93.8,14.1,0,1.02,41,0,3
2/6/25 3:00,0.7,4.4,420,93.4,14.2,0,1.02,46,0,3
2/6/25 4:00,0.7,4.4,420,93.5,14.2,0,1.02,44,0,3
2/6/25 5:00,0.7,4.4,426,96.2,13.6,0,1.3,50,0,3
2/6/25 6:00,0.7,4.4,425,96.4,13.6,0,1.3,48,0,3
2/6/25 7:00,0.7,4.4,425,96,13.6,0,1.3,44,0,3
2/6/25 8:00,0.7,4.4,424,95.9,13.6,0,1.3,36,0,3
2/6/25 9:00,0.7,4.4,424,96,13.6,0,1.3,41,0,3
2/6/25 10:00,0.7,4.4,429,94.6,13.3,0,-0.53,43,0,3
2/6/25 11:00,0.6,4.5,429,94.6,13.4,0,-0.53,45,0,3
2/6/25 12:00,0.6,4.5,429,94.8,13.4,0,-0.53,42,0,3
2/6/25 13:00,0.6,4.5,429,94.8,13.4,0,-0.91,44,0,3
2/6/25 14:00,0.6,4.5,429,95.3,13.4,0,-0.91,40,0,3
2/6/25 15:00,0.6,4.5,429,95.6,13.4,0,-0.91,43,0,3
2/6/25 16:00,0.6,4.5,436,97.9,13.1,0,-0.13,41,0,3
2/6/25 17:00,0.6,4.5,436,97.9,13.2,0,-0.31,43,0,3
2/6/25 18:00,0.6,4.5,437,99.1,13.1,0,-0.31,42,0,3
2/6/25 19:00,0.6,4.5,438,99,13.1,0,-0.31,38,0,3
2/6/25 20:00,0.6,4.5,438,98.2,13.1,0,-0.31,39,0,3
2/6/25 21:00,0.6,4.5,438,98,13.2,0,-0.31,35,0,3
2/6/25 22:00,0.6,4.5,439,92.7,13,0,-1.17,42,0,3
2/6/25 23:00,0.6,4.6,440,92.9,13,0,-1.17,41,0,3
2/7/25 0:00,0.6,4.6,439,93.6,12.9,0,-1.17,42,0,3
2/7/25 1:00,0.6,4.6,441,94.3,12.9,0,-1.17,37,0,3
2/7/25 2:00,0.6,4.6,441,93.6,13,0,-1.17,46,0,3
2/7/25 3:00,0.6,4.6,441,93.3,13,0,-1.35,47,0,3
2/7/25 4:00,0.6,4.6,444,92.8,12.7,0,-2.73,42,0,3
2/7/25 5:00,0.6,4.6,444,92.5,12.7,0,-2.73,47,0,3
2/7/25 6:00,0.6,4.6,446,93,12.7,0,-2.73,42,0,3
2/7/25 7:00,0.6,4.6,447,92.8,12.7,0,-2.73,42,0,3
2/7/25 8:00,0.6,4.6,447,93.6,12.7,0,-2.35,39,0,3
2/7/25 9:00,0.6,4.6,447,92.9,12.7,0,-2.35,44,0,3
2/7/25 10:00,0.6,4.6,449,91.9,12.5,0,-0.79,46,0,3
2/7/25 11:00,0.6,4.6,448,91.1,12.5,0,-0.79,39,0,3
2/7/25 12:00,0.6,4.6,448,90.7,12.4,0,-0.79,41,0,3
2/7/25 13:00,0.6,4.6,448,89.7,12.4,0,-0.75,42,0,3
2/7/25 14:00,0.6,4.6,448,90.8,12.4,0,-0.75,39,0,3
2/7/25 15:00,0.6,4.6,449,90.7,12.5,0,-0.75,40,0,3
2/7/25 16:00,0.6,4.6,452,93.3,12.3,0,-2.15,48,0,3
2/7/25 17:00,0.6,4.6,452,93.1,12.3,0,-2.15,42,0,3
2/7/25 18:00,0.6,4.6,452,94.6,12.3,0,-2.15,43,0,3
2/7/25 19:00,0.6,4.6,452,94.6,12.3,0,-2.15,41,0,3
2/7/25 20:00,0.6,4.6,451,95.5,12.2,0,-2.15,45,0,3
2/7/25 21:00,0.6,4.6,451,95.4,12.2,0,-2.39,44,0,3
2/7/25 22:00,0.6,4.6,454,96.6,12.5,0,-1.23,41,0,3
2/7/25 23:00,0.6,4.7,454,98.1,12.5,0,-1.23,44,0,3
9/29/24 0:00,0.5,6,423,99.3,21.5,0,24.58,342,0,4
9/29/24 1:00,0.5,6,424,99.8,21.5,0,24.58,339,0,4
9/29/24 2:00,0.5,6,424,99.9,21.4,0,24.58,341,0,4
9/29/24 3:00,0.5,6,425,99,21.9,0,23.62,340,1,4
9/29/24 4:00,0.5,6,423,99.6,21.9,0,23.62,341,0.5,4
9/29/24 5:00,0.5,6,423,98.9,21.9,0,23.62,339,0.5,4
9/29/24 6:00,0.5,6,424,99.5,21.9,0,23.62,341,1,4
9/29/24 7:00,0.5,6,424,99.5,21.9,0,23.62,338,1,4
9/29/24 8:00,0.5,6,420,99.9,21.5,0,23.5,347,0,4
9/29/24 9:00,0.5,6,420,99.8,21.5,0,23.5,343,0,4
9/29/24 10:00,0.5,6,421,99.9,21.5,0,23.5,344,0,4
9/29/24 11:00,0.5,6,421,99.9,21.5,0,23.26,343,0,4
9/29/24 12:00,0.5,6,421,99.9,21.5,0,23.26,345,0,4
9/29/24 13:00,0.5,6,421,99.3,21.6,0,23.26,343,0,4
9/29/24 14:00,0.5,6,408,99.9,21.2,0,23.06,333,0,4
9/29/24 15:00,0.5,6,407,99.9,21.2,0,23.06,333,0,4
9/29/24 16:00,0.5,6,406,99.9,21.2,0,23.06,329,0,4
9/29/24 17:00,0.5,6,405,99.9,21.1,0,23.06,330,0,4
9/29/24 18:00,0.5,6,404,99.9,21.2,0,23.06,332,0,4
9/29/24 19:00,0.5,6,405,99,21.2,0,23.06,331,0,4
9/29/24 20:00,0.5,6,417,98.5,20.9,0,22.18,38,0,4
9/29/24 21:00,0.5,6,418,98.7,20.9,0,22.18,38,0,4
9/29/24 22:00,0.5,6,418,99.8,20.9,0,22.18,40,0,4
9/29/24 23:00,0.5,6,418,99.3,20.9,0,22.18,37,0,4
9/30/24 0:00,0.5,6,417,99.3,20.9,0,22.24,40,0,4
9/30/24 1:00,0.5,6,417,99.6,20.9,0,22.24,40,0,4
9/30/24 2:00,0.5,6,412,99.9,21.2,0,21.6,54,0,4
9/30/24 3:00,0.5,6,415,99.9,21.2,0,21.6,52,0,4
9/30/24 4:00,0.5,6,415,99.9,21.2,0,21.52,50,0,4
9/30/24 5:00,0.5,6,414,99.9,21.3,0,21.52,54,0,4
9/30/24 6:00,0.5,6,413,99.9,21.3,0,21.52,50,0,4
9/30/24 7:00,0.5,6,412,99.9,21.2,0,21.52,53,0,4
9/30/24 8:00,0.5,6,405,99.9,21.3,0,21.34,351,0,4
9/30/24 9:00,0.5,6,404,99.9,21.3,0,21.34,353,0,4
9/30/24 10:00,0.5,6,404,99.9,21.3,0,21.34,356,0,4
9/30/24 11:00,0.5,6,404,99.9,21.3,0,21.34,353,0,4
9/30/24 12:00,0.5,6,405,99.9,21.2,0,21.34,352,0,4
9/30/24 13:00,0.5,6,405,99.9,21.2,0,21.36,352,0,4
9/30/24 14:00,0.5,6,413,96,20.4,0,20.72,356,0,4
9/30/24 15:00,0.5,6,412,97,20.4,0,20.72,355,0,4
9/30/24 16:00,0.5,6,411,96,20.4,0,20.94,355,0,4
9/30/24 17:00,0.5,6,411,98,20.4,0,20.94,359,0,4
9/30/24 18:00,0.5,6,411,97.6,20.4,0,20.94,359,0,4
9/30/24 19:00,0.5,6,411,98.2,20.4,0,20.94,358,0,4
9/30/24 20:00,0.5,6,409,99.1,19.8,0,20.14,357,0,4
9/30/24 21:00,0.5,6,409,99.6,19.9,0,20.14,355,0,4
9/30/24 22:00,0.5,6,410,99.9,19.8,0,20.14,357,0,4
9/30/24 23:00,0.5,6,410,99.5,19.8,0,20.14,355,0,4
10/1/24 0:00,0.5,6,411,79.3,18.4,0,19.66,57,0,4
10/1/24 1:00,0.5,6,412,79,18.4,0,19.66,57,0,4
10/1/24 2:00,0.5,6,412,79.5,18.3,0,19.66,57,0,4
10/1/24 3:00,0.5,6,413,79.9,18.4,0,19.64,57,0,4
10/1/24 4:00,0.5,6,412,79.5,18.4,0,19.64,56,0,4
10/1/24 5:00,0.5,6,417,81.5,18.1,0,18.94,55,0,4
10/1/24 6:00,0.5,6,418,79.5,18.1,0,19.08,56,0,4
10/1/24 7:00,0.5,6,417,79.6,18.1,0,19.08,56,0,4
10/1/24 8:00,0.5,6,415,80.7,18.1,0,19.08,54,0,4
10/1/24 9:00,0.5,6,415,80.9,18.1,0,19.08,56,0,4
10/1/24 10:00,0.5,6,417,80.9,18.1,0,19.08,56,0,4
10/1/24 11:00,0.5,6,418,83,17.9,0,19.02,174,1.5,4
10/1/24 12:00,0.5,6,417,81,17.9,0,19.02,172,1.5,4
10/1/24 13:00,0.5,6,416,81.6,17.9,0,19.02,177,1.5,4
10/1/24 14:00,0.5,6,415,82.5,17.9,0,18.82,175,1,4
10/1/24 15:00,0.5,6,415,82.5,17.9,0,18.82,175,1.5,4
10/1/24 16:00,0.5,6,416,82.3,17.9,0,18.82,174,1,4
10/1/24 17:00,0.5,6,412,81.1,17.8,0,19.04,233,1.5,4
10/1/24 18:00,0.5,6,412,80.9,17.8,0,19.44,235,1,4
10/1/24 19:00,0.5,6,412,80.7,17.8,0,19.44,236,1,4
10/1/24 20:00,0.5,6,412,80.4,17.8,0,19.44,234,1,4
10/1/24 21:00,0.5,6,411,80.7,17.7,0,19.44,234,1,4
10/1/24 22:00,0.5,6,411,80.9,17.7,0,19.44,233,1,4
10/1/24 23:00,0.5,6,401,83.1,17.6,0,18.76,222,0,4
10/2/24 0:00,0.5,6,401,83.4,17.6,0,18.76,222,0,4
10/2/24 1:00,0.5,6,401,83.9,17.6,0,18.76,222,0,4
10/2/24 2:00,0.5,6,400,84.2,17.6,0,18.82,221,0,4
10/2/24 3:00,0.5,6,400,83.9,17.6,0,18.82,221,0,4
10/2/24 4:00,0.5,6,400,84.5,17.5,0,19.42,104,0.5,4
10/2/24 5:00,0.5,6,400,82.6,17.5,0,19.42,106,0.5,4
10/2/24 6:00,0.5,6,400,83,17.5,0,19.42,104,0.5,4
10/2/24 7:00,0.5,6,401,81.7,17.5,0,19.42,106,1,4
10/2/24 8:00,0.5,6,402,81.9,17.5,0,19.42,106,1,4
10/2/24 9:00,0.5,6,401,82.2,17.5,0,19.42,104,0.5,4
10/2/24 10:00,0.5,6,397,84.5,17.5,0,19.64,52,0,4
10/2/24 11:00,0.5,6,398,84.7,17.6,0,19.64,55,0,4
10/2/24 12:00,0.5,6,397,84,17.6,0,19.62,50,0,4
10/2/24 13:00,0.5,6,397,84.1,17.6,0,19.62,51,0,4
10/2/24 14:00,0.5,6,397,84.2,17.5,0,19.62,52,0,4
10/2/24 15:00,0.5,6,396,83.9,17.6,0,19.62,54,0,4
10/2/24 16:00,0.5,6,396,81.2,17.7,0,19.72,102,0,4
10/2/24 17:00,0.5,6,395,81.8,17.7,0,19.72,100,0,4
10/2/24 18:00,0.5,6,394,83.1,17.6,0,19.72,102,0,4
10/2/24 19:00,0.5,6,395,82.8,17.6,5,19.72,106,0,4
10/2/24 20:00,0.5,6,395,81.9,17.8,5,19.72,106,0,4
10/2/24 21:00,0.5,6,397,79.9,17.9,27,19.94,226,0,4
10/2/24 22:00,0.5,6,398,79.1,18,28,19.94,225,1,4
10/2/24 23:00,0.5,6,400,79.4,18,27,20.14,225,0.5,4
10/3/24 0:00,0.5,6,399,79,18,26,20.14,227,0.5,4
10/3/24 1:00,0.5,6,399,79.2,18,28,20.14,227,0,4
10/3/24 2:00,0.5,6,398,80,18,28,20.14,225,0,4
10/3/24 3:00,0.5,6,397,80,18.2,11,19.9,151,0,4
10/3/24 4:00,0.5,6,396,80.1,18.2,11,19.9,149,0,4
10/3/24 5:00,0.5,6,398,80.1,18.1,11,19.9,147,0,4
10/3/24 6:00,0.5,6,399,80.2,18.1,12,19.9,148,0,4
10/3/24 7:00,0.5,6,399,80.1,18.1,11,19.9,147,0,4
10/3/24 8:00,0.5,6,398,80.3,18.2,13,19.9,151,0,4
10/3/24 9:00,0.5,6,401,77.9,18.2,46,18.36,191,1,4
10/3/24 10:00,0.5,6,401,77.9,18.2,46,18.36,187,1.5,4
10/3/24 11:00,0.5,6,400,77.7,18.2,46,18.36,182,1,4
10/3/24 12:00,0.5,6,399,78.6,18.2,48,18.5,178,0.5,4
10/3/24 13:00,0.5,6,399,79.5,18.2,52,18.5,182,0,4
10/3/24 14:00,0.5,6,402,76.8,18.2,8,18.32,162,0.5,4
10/3/24 15:00,0.5,6,401,76.3,18.3,8,18.32,95,1,4
10/3/24 16:00,0.5,6,401,76.4,18.2,8,18.32,91,1,4
10/3/24 17:00,0.5,6,401,76.8,18.2,8,18.32,91,1,4
10/3/24 18:00,0.5,6,401,76.5,18.2,6,18.32,97,0.5,4
10/3/24 19:00,0.5,6,401,76.3,18.2,5,18.32,100,0,4
10/3/24 20:00,0.5,6,399,75.6,18.7,95,19.74,269,1.5,4
10/3/24 21:00,0.5,6,398,76.1,18.7,95,19.74,158,1,4
10/3/24 22:00,0.5,6,397,76.3,18.7,93,19.74,193,1,4
10/3/24 23:00,0.5,6,396,76.4,18.7,93,19.7,92,1,4
10/4/24 0:00,1,6.5,395,76.1,18.7,95,19.7,64,0.5,4
10/4/24 1:00,1,6.5,396,76.6,18.7,95,19.7,74,0.5,4
10/4/24 2:00,0.9,6.5,390,75,19.3,418,20.42,148,1,4
10/4/24 3:00,0.9,6.5,391,71.2,19.4,417,20.42,279,2.1,4
10/4/24 4:00,0.9,6.5,391,71.6,19.3,415,20.42,171,3.6,4
10/4/24 5:00,0.9,6.6,391,71.5,19.3,409,20.42,336,4.2,4
10/4/24 6:00,0.9,6.6,391,70.9,19.4,406,20.36,309,3.6,4
10/4/24 7:00,0.9,6.6,391,74.3,19.8,135,20.18,192,3.6,4
10/4/24 8:00,0.9,6.5,391,74,19.8,137,20.18,262,2.6,4
10/4/24 9:00,0.9,6.5,392,74,19.8,137,20.18,302,2.6,4
10/4/24 10:00,1.2,6.4,393,73,19.8,139,20.18,308,3.1,4
10/4/24 11:00,1.1,6.4,392,71.6,19.8,145,20.18,327,2.1,4
10/4/24 12:00,1.1,6.4,387,68.9,19.7,129,19.38,93,0.5,4
10/4/24 13:00,1.4,6.3,388,68.9,19.7,126,19.38,32,2.6,4
10/4/24 14:00,0.7,6.5,389,68.5,19.8,124,19.38,13,2.6,4
10/4/24 15:00,0.7,6.5,390,70.2,19.8,128,19.38,3,1.5,4
10/4/24 16:00,0.7,6.5,390,69.9,19.8,128,19.18,0,3.1,4
10/4/24 17:00,0.7,6.5,391,70,19.8,126,19.18,312,1.5,4
10/4/24 18:00,0.7,6.5,385,67.1,19.9,104,19.5,321,1.5,4
10/4/24 19:00,0.7,6.5,386,66.6,19.9,101,19.5,313,2.6,4
10/4/24 20:00,0.6,6.5,386,66.7,19.8,103,19.68,283,2.6,4
10/4/24 21:00,0.6,6.5,385,66.7,19.8,101,19.68,1,3.1,4
10/4/24 22:00,0.6,6.5,384,68.6,19.8,99,19.68,316,4.7,4
10/4/24 23:00,0.6,6.5,384,68.5,19.8,99,19.68,346,2.6,4
10/5/24 0:00,1,6.5,385,65.3,19.3,55,20,290,1.5,4
10/5/24 1:00,1,6.5,384,65.8,19.3,52,20,352,3.1,4
10/5/24 2:00,0.9,6.5,383,64.3,19.3,52,20,268,1.5,4
10/5/24 3:00,0.9,6.5,383,64.3,19.3,47,20,281,1,4
10/5/24 4:00,0.9,6.5,383,64.2,19.3,46,20.04,298,2.1,4
10/5/24 5:00,0.9,6.6,384,63.3,19.4,47,20.04,32,1.5,4
10/5/24 6:00,0.9,6.6,387,71.1,18.7,0,19.4,352,2.1,4
10/5/24 7:00,0.9,6.6,388,70.8,18.7,0,19.4,358,1.5,4
10/5/24 8:00,0.9,6.5,387,71.6,18.7,0,19.48,357,0.5,4
10/5/24 9:00,0.9,6.5,387,71.7,18.7,0,19.48,291,0,4
10/5/24 10:00,1.2,6.4,388,71.8,18.6,0,19.48,300,0,4
10/5/24 11:00,1.1,6.4,387,71,18.7,0,19.48,298,0,4
10/5/24 12:00,1.1,6.4,388,76,17.7,0,18.12,192,1,4
10/5/24 13:00,1.4,6.3,388,74.9,17.7,0,18.12,195,1,4
10/5/24 14:00,0.7,6.5,388,73.6,17.7,0,18.12,198,0.5,4
10/5/24 15:00,0.7,6.5,388,73.1,17.7,0,18.38,191,0.5,4
10/5/24 16:00,0.7,6.5,388,73.2,17.6,0,18.38,201,1,4
10/7/24 11:00,0.7,6.5,382,71.4,16.9,0,17.58,339,0.5,4
10/7/24 12:00,0.7,6.5,382,70.8,16.9,0,17.4,338,1,4
10/7/24 13:00,0.7,6.5,381,70.5,16.9,0,17.4,339,0,4
10/7/24 14:00,0.6,6.5,380,70.4,16.9,0,17.4,53,1,4
10/7/24 15:00,0.6,6.5,381,70.2,16.9,0,17.4,55,0.5,4
10/7/24 16:00,0.6,6.5,381,70.5,16.9,0,17.4,56,0.5,4
10/7/24 17:00,0.6,6.5,381,75.7,16.5,0,17.64,326,1.5,4
10/7/24 18:00,0.6,6.5,381,73.8,16.5,0,17.64,312,1,4
10/7/24 19:00,0.6,6.5,381,73.5,16.5,0,17.64,196,1.5,4
10/7/24 20:00,0.6,6.5,381,73.4,16.5,0,17.64,275,2.6,4
10/7/24 21:00,0.6,6.5,381,72.9,16.5,0,17.08,341,1.5,4
10/7/24 22:00,0.6,6.5,381,72.8,16.5,0,17.08,8,2.6,4
10/7/24 23:00,0.6,6.5,381,73.9,16.1,0,16.12,326,1.5,4
10/8/24 0:00,1,6.4,381,73.5,16.1,0,16.12,288,3.1,4
10/8/24 1:00,1,6.4,383,73.2,16.1,0,16.12,286,2.6,4
10/8/24 2:00,1,6.4,384,73.9,16.1,0,16.12,267,2.1,4
10/8/24 3:00,1,6.4,384,74.2,16,0,16.12,250,2.1,4
10/8/24 4:00,1,6.4,382,72.7,15.8,0,16.18,296,2.6,4
10/8/24 5:00,1,6.5,380,71.5,15.9,0,16.18,300,3.6,4
10/8/24 6:00,1,6.5,380,71.9,15.9,0,16.18,56,2.6,4
10/8/24 7:00,1,6.5,381,72.9,15.9,0,15.86,61,1.5,4
10/8/24 8:00,0.9,6.5,382,72.6,15.9,0,15.86,310,1.5,4
10/8/24 9:00,0.9,6.5,381,72.9,15.9,0,15.86,247,3.1,4
10/8/24 10:00,1.1,6.3,384,76.8,15.5,0,15.58,166,0,4
10/8/24 11:00,1,6.3,383,75.9,15.5,0,15.58,162,0,4
10/8/24 12:00,1.4,6.3,382,75.2,15.5,0,15.58,165,0,4
10/8/24 13:00,0.8,6.4,380,74.6,15.5,0,15.58,161,0,4
10/8/24 14:00,0.7,6.4,380,74.8,15.5,0,15.58,160,0,4
10/8/24 15:00,1.5,6.3,379,73.9,15.5,0,15.64,161,0,4
10/8/24 16:00,1.5,6.3,382,73.7,15,0,14.52,29,0,4
10/8/24 17:00,1.4,6.3,383,74.6,15,0,14.52,32,0,4
10/8/24 18:00,1.4,6.4,382,73.5,15.1,0,14.52,28,0,4
10/8/24 19:00,1.4,6.3,383,73.5,15.1,0,14.9,30,0.5,4
10/8/24 20:00,1.4,6.3,382,73.8,15.1,0,14.9,28,0,4
10/8/24 21:00,1.4,6.4,383,73.8,15.1,0,14.9,30,0,4
10/8/24 22:00,1.4,6.4,385,79,14.6,0,12.68,29,0,4
10/8/24 23:00,1.3,6.4,385,78.4,14.7,0,12.68,30,0,4
10/9/24 0:00,0.5,6.5,386,78.8,14.6,0,12.68,32,0,4
10/9/24 1:00,0.5,6.5,387,78.6,14.6,0,12.68,35,0,4
10/9/24 2:00,0.5,6.5,388,78.2,14.6,0,12.68,29,0,4
10/9/24 3:00,0.4,6.5,391,78.9,14.5,0,12.16,32,0,4
10/9/24 4:00,0.4,6.5,391,78.9,14.5,0,12.16,34,0,4
10/9/24 5:00,0.4,6.5,391,78.1,14.4,0,12.16,31,0,4
10/9/24 6:00,0.4,6.5,391,78.3,14.4,0,12.26,26,0,4
10/9/24 7:00,0.4,6.5,390,77.8,14.4,0,12.26,32,0,4
10/9/24 8:00,0.4,6.5,392,77.3,14.4,0,12.26,35,0,4
10/9/24 9:00,0.4,6.5,395,74.7,14.4,0,12.2,34,0,4
10/9/24 10:00,0.8,6.4,395,74.1,14.3,0,12.2,27,0,4
10/9/24 11:00,0.9,6.4,394,74.3,14.3,0,12.2,29,0,4
10/9/24 12:00,0.9,6.5,392,74.7,14.3,0,12.2,33,0,4
10/9/24 13:00,0.8,6.5,392,74.5,14.3,0,12.2,31,0,4
10/9/24 14:00,0.8,6.5,397,80.2,14.3,0,12.06,34,0,4
10/9/24 15:00,0.8,6.5,399,79.5,14.3,0,12.06,26,0,4
10/9/24 16:00,0.6,6.5,398,80.3,14.3,0,12.06,34,0,4
10/9/24 17:00,0.5,6.5,398,79.6,14.4,0,12.06,33,0,4
10/9/24 18:00,0.5,6.5,397,79.2,14.4,0,12.08,30,0,4
10/9/24 19:00,0.5,6.5,396,79.9,14.4,0,12.08,33,0,4
10/9/24 20:00,0.5,6.5,398,75.7,14.3,0,12.5,30,0,4
10/9/24 21:00,0.5,6.5,398,75.7,14.3,0,12.5,28,0,4
10/9/24 22:00,0.5,6.5,400,76.3,14.3,0,12.5,34,0,4
10/9/24 23:00,0.6,6.5,401,76.7,14.3,0,12.5,30,0,4
10/10/24 0:00,1,6.5,401,79.9,14.3,0,12.5,27,0,4
10/10/24 1:00,1,6.5,402,80.2,14.3,0,12.5,25,0,4
10/10/24 2:00,0.9,6.5,402,78.4,14.3,4,12.16,25,0,4
10/10/24 3:00,0.9,6.5,403,79,14.3,4,12.16,31,0,4
10/10/24 4:00,0.9,6.5,403,79.7,14.3,4,12.28,28,0,4
10/10/24 5:00,0.9,6.6,403,79.6,14.3,3,12.28,32,0,4
10/10/24 6:00,0.9,6.6,403,79.6,14.3,2,12.28,33,0,4
10/10/24 7:00,0.9,6.6,402,79.2,14.3,2,12.28,32,0,4
10/10/24 8:00,0.9,6.5,404,79.4,15.2,102,12.88,33,0,4
10/10/24 9:00,0.9,6.5,405,79.6,15.2,102,12.88,31,0,4
10/10/24 10:00,1.2,6.4,406,79.7,15.2,106,12.88,29,0,4
10/10/24 11:00,1.1,6.4,405,79.5,15.2,108,12.88,29,0,4
10/10/24 12:00,1.1,6.4,406,79.1,15.2,108,12.88,30,0,4
10/10/24 13:00,1.4,6.3,406,78.5,15.2,108,12.9,25,0,4
10/10/24 14:00,0.7,6.5,402,73.1,16.5,169,14.5,348,3.6,4
10/10/24 15:00,0.7,6.5,401,72.3,16.6,167,14.5,341,1.5,4
10/10/24 16:00,0.7,6.5,401,72.3,16.6,169,14.5,344,1,4
10/10/24 17:00,0.7,6.5,400,71.3,16.6,172,14.72,339,1,4
10/10/24 18:00,0.7,6.5,400,73.6,16.6,172,14.72,345,0.5,4
10/10/24 19:00,0.7,6.5,400,74.2,16.6,170,14.72,293,2.1,4
10/10/24 20:00,0.6,6.5,404,53.6,24.6,421,16.42,65,0,4
10/10/24 21:00,0.6,6.5,404,53.6,24.6,431,16.42,62,0,4
10/10/24 22:00,0.6,6.5,405,53.3,24.6,444,16.42,63,0,4
10/10/24 23:00,0.6,6.5,405,52.6,24.6,437,16.42,71,0,4
10/11/24 0:00,0.9,6.1,405,52.5,24.6,430,16.42,79,0,4
10/11/24 1:00,1.1,5.9,405,51.9,24.6,422,16.42,190,0.5,4
10/11/24 2:00,1,6,402,51.4,25.2,664,17.04,39,3.6,4
10/11/24 3:00,1,6,403,51.5,25.2,666,17.04,30,4.2,4
10/11/24 4:00,1,6,403,51.6,25.2,666,17.04,29,2.6,4
10/11/24 5:00,1,6.1,404,51.5,25.2,667,17.22,23,2.1,4
10/11/24 6:00,1,6.1,404,51.6,25.2,667,17.22,24,2.6,4
10/11/24 7:00,1,6.1,405,51.2,25.3,666,17.22,0,2.1,4
10/11/24 8:00,1,6.1,390,35.4,26.4,809,17.86,347,1.5,4
10/11/24 9:00,1,6.1,389,35.8,26.3,808,17.86,47,4.7,4
10/11/24 10:00,0.9,6.1,389,35.9,26.2,806,17.86,30,3.1,4
10/11/24 11:00,0.9,6.2,388,36.1,26.2,803,17.86,42,2.6,4
10/11/24 12:00,0.9,6.1,389,36.3,26.1,802,17.86,53,3.1,4
10/11/24 13:00,1.1,5.9,390,35.8,26.1,802,17.86,65,2.1,4
10/11/24 14:00,1,6,392,31.9,26.6,681,18.8,243,1.5,4
10/11/24 15:00,1,6,392,32,26.6,681,18.8,201,2.1,4
10/11/24 16:00,1,6,392,32.6,26.6,675,18.96,333,1.5,4
10/11/24 17:00,1,6.1,392,32.6,26.6,675,18.96,287,2.6,4
10/11/24 18:00,1,6.1,393,33.5,26.6,675,18.96,282,2.1,4
10/11/24 19:00,1,6.1,392,32.9,26.3,469,19.46,33,1,4
10/11/24 20:00,1,6.1,392,34.3,26.3,469,19.46,33,1,4
10/11/24 21:00,1,6.1,394,34.3,26.3,467,19.46,36,1,4
10/11/24 22:00,0.9,6.1,395,35.5,26.2,468,19.46,37,1,4
10/11/24 23:00,0.9,6.2,394,35.8,26.2,467,19.7,35,1,4
10/12/24 0:00,0.9,6.2,394,35.6,26.3,467,19.7,36,1,4
10/12/24 1:00,0.9,6.2,397,36.9,25,465,19.48,319,0,4
10/12/24 2:00,0.9,6.2,396,36.5,25.1,465,19.26,322,0,4
10/12/24 3:00,0.9,6.2,396,36.7,25.1,464,19.26,320,0.5,4
10/12/24 4:00,0.9,6.2,397,37.3,25.1,464,19.26,317,0.5,4
10/12/24 5:00,0.8,6.2,397,36.9,25.2,462,19.26,322,0,4
10/12/24 6:00,0.8,6.2,392,38.9,26.8,238,19.86,126,0.5,4
10/12/24 7:00,0.8,6.2,391,38.7,26.8,236,19.86,128,0.5,4
10/12/24 8:00,0.8,6.2,391,38.6,26.8,236,19.86,128,1,4
10/12/24 9:00,0.3,6.5,391,38.4,26.8,234,19.86,129,1,4
10/12/24 10:00,0.3,6.5,391,38.2,26.8,234,19.86,149,1,4
10/12/24 11:00,1.1,5.9,391,37.3,26.8,235,19.84,153,1.5,4
10/12/24 12:00,1.1,5.9,399,39.2,25.5,8,19.06,207,1.5,4
10/12/24 13:00,0.3,6.5,399,39.6,25.4,7,19.06,199,1.5,4
10/12/24 14:00,0.4,6.3,399,39.3,25.5,8,18.98,198,0.5,4
10/12/24 15:00,1.1,6.1,399,37.7,25.5,9,18.98,200,0.5,4
10/12/24 16:00,1.1,6.1,398,37.4,25.6,8,18.98,198,2.1,4
10/12/24 17:00,1.1,6.1,398,37.2,25.5,8,18.98,231,1.5,4
10/12/24 18:00,1.1,6.1,395,48.4,22.5,0,17.98,306,1.5,4
10/12/24 19:00,1.1,6.1,394,48.6,22.5,0,17.98,306,1.5,4
10/12/24 20:00,1.1,6.1,394,48.8,22.5,0,17.98,305,1,4
10/12/24 21:00,1.1,6.1,395,49.6,22.5,0,17.98,303,1.5,4
10/12/24 22:00,1.1,6.1,395,49.4,22.4,0,18.02,305,1,4
10/12/24 23:00,1.1,6.1,388,52,19.9,0,16.28,275,0.5,4
10/13/24 0:00,0.9,6.2,389,52,19.9,0,16.38,275,0.5,4
10/13/24 1:00,0.9,6.2,390,52.3,19.9,0,16.38,273,1,4
10/13/24 2:00,0.9,6.2,391,52.7,19.9,0,16.38,119,1.5,4
10/13/24 3:00,0.9,6.2,391,53,19.9,0,16.38,57,1,4
10/13/24 4:00,0.9,6.2,393,62.4,18.4,0,13.74,37,0,4
10/13/24 5:00,0.8,6.2,393,62.4,18.4,0,13.74,35,0,4
10/13/24 6:00,0.8,6.2,391,62.3,18.4,0,13.74,36,0,4
10/13/24 7:00,0.8,6.2,392,62.3,18.4,0,13.74,37,0,4
10/13/24 8:00,0.8,6.2,393,62.6,18.4,0,13.88,37,0,4
10/13/24 9:00,0.3,6.5,398,67.3,17.4,0,13.12,62,0,4
10/13/24 10:00,0.3,6.5,397,67.9,17.4,0,13.12,63,0,4
10/13/24 11:00,1.1,5.9,398,67.6,17.4,0,13.12,62,0,4
10/13/24 12:00,1.1,5.9,398,66.9,17.5,0,13.24,61,0,4
10/13/24 13:00,0.3,6.5,398,67.7,17.4,0,13.24,62,0,4
10/13/24 14:00,0.4,6.3,398,66.8,17.4,0,13.24,62,0,4
10/13/24 15:00,1.1,6.1,402,74,16.6,0,12.58,61,0,4
10/13/24 16:00,1.1,6.1,403,73.7,16.6,0,12.58,58,0,4
10/13/24 17:00,1.1,6.1,403,72.7,16.6,0,12.58,64,0,4
10/13/24 18:00,1.1,6.1,403,71.3,16.6,0,12.58,61,0,4
10/13/24 19:00,1.1,6.1,403,71.5,16.6,0,12.58,59,0,4
10/13/24 20:00,1.1,6.1,405,74.4,16,0,12.24,61,0,4
10/13/24 21:00,1.1,6.1,405,74.4,16,0,12.24,60,0,4
10/13/24 22:00,1.1,6.1,405,74.6,16,0,12.24,63,0,4
10/13/24 23:00,1.1,6.1,404,73.6,16,0,11.8,63,0,4
10/14/24 0:00,0.9,6.2,404,73.7,16,0,11.8,62,0,4
10/14/24 1:00,0.9,6.2,405,73.4,16,0,11.8,57,0,4
10/14/24 2:00,0.9,6.2,410,70.9,15.7,0,11.04,61,0,4
10/14/24 3:00,0.9,6.2,410,71.1,15.7,0,11.04,63,0,4
10/14/24 4:00,0.9,6.2,410,69.7,15.7,0,11.04,60,0,4
10/14/24 5:00,0.8,6.2,411,70,15.7,0,11.04,62,0,4
10/14/24 6:00,0.8,6.2,411,70.3,15.7,0,11.04,60,0,4
10/14/24 7:00,0.8,6.2,411,70.1,15.7,0,11.04,60,0,4
10/14/24 8:00,0.8,6.2,413,72.1,15.3,0,11.18,59,0,4
10/14/24 9:00,0.3,6.5,413,71.9,15.3,0,11.18,61,0,4
10/14/24 10:00,0.3,6.5,411,73.1,15.3,0,11.32,61,0,4
10/14/24 11:00,1.1,5.9,412,73.3,15.3,0,11.32,61,0,4
10/14/24 12:00,1.1,5.9,413,72.1,15.4,0,11.32,62,0,4
10/14/24 13:00,0.3,6.5,415,75,15.1,0,11.26,60,0,4
10/14/24 14:00,0.4,6.3,415,75.6,15.1,0,11.26,59,0,4
10/14/24 15:00,1.1,6.1,416,75.3,15.1,0,11.26,59,0,4
10/14/24 16:00,1.1,6.1,416,75.7,15.1,0,11.26,59,0,4
10/14/24 17:00,1.1,6.1,416,75.4,15.1,0,11.16,59,0,4
10/14/24 18:00,1.1,6.1,416,76.2,15,0,11.16,58,0,4
10/14/24 19:00,1.1,6.1,417,78.3,14.7,0,10.7,61,0,4
10/14/24 20:00,1.1,6.1,417,78.3,14.7,0,10.6,62,0,4
10/14/24 21:00,1.1,6.1,417,78.2,14.7,0,10.6,61,0,4
10/14/24 22:00,1.1,6.1,415,78.2,14.7,0,10.6,61,0,4
10/14/24 23:00,1.1,6.1,415,77,14.8,0,10.6,57,0,4
10/15/24 0:00,1.1,6.1,417,78.4,14.1,0,10.26,58,0,4
10/15/24 1:00,1.1,6.1,415,78,14.1,0,10.26,60,0,4
10/15/24 2:00,1.1,6.1,415,77.3,14.1,0,10.26,60,0,4
10/15/24 3:00,1.1,6.2,414,76.9,14.1,0,10.12,61,0,4
10/15/24 4:00,1,6.2,416,77.2,14.1,0,10.12,59,0,4
10/15/24 5:00,1,6.2,415,76.1,14.1,0,10.12,58,0,4
10/15/24 6:00,1,6.2,419,78.2,13.9,0,10,60,0,4
10/15/24 7:00,1,6.2,418,78.6,13.9,0,10,58,0,4
10/15/24 8:00,1,6.2,417,78.1,13.9,0,10,60,0,4
10/15/24 9:00,0.3,6.4,417,77.8,13.9,0,10,60,0,4
10/15/24 10:00,0.3,6.4,416,77.2,13.9,0,10,60,0,4
10/15/24 16:00,1.2,6.2,416,75.8,14,0,10,61,0,4
10/15/24 17:00,1.2,6.2,422,78.8,13.8,0,10.14,63,0,4
10/15/24 18:00,1.2,5.8,423,79.4,13.8,0,10.14,64,0,4
10/15/24 19:00,1.2,5.9,422,79.1,13.8,0,10.14,66,0,4
10/15/24 20:00,1.2,5.8,422,79.6,13.8,0,10.02,65,0,4
10/15/24 21:00,1.2,5.9,422,78.6,13.8,0,10.02,61,0,4
10/15/24 22:00,1.2,5.9,422,78.4,13.8,0,10.02,61,0,4
10/15/24 23:00,1.2,6,424,78,13.7,0,10,60,0,4
10/16/24 0:00,1.1,6.1,424,77,13.8,0,10,64,0,4
10/16/24 1:00,1.1,6.1,423,76.5,13.8,0,10,63,0,4
10/16/24 2:00,1.1,6.1,423,77.7,13.8,0,10,63,0,4
10/16/24 3:00,1.1,6.2,422,78.2,13.7,0,10,65,0,4
10/16/24 4:00,1,6.2,422,76.5,13.8,0,10.12,63,0,4
10/16/24 5:00,1,6.2,422,72.3,16.3,64,11.02,64,0,4
10/16/24 6:00,1,6.2,422,73,16.3,71,11.02,63,0,4
10/16/24 7:00,1,6.2,422,72.8,16.3,78,11.02,63,0,4
10/16/24 8:00,1,6.2,421,72.7,16.3,89,11.18,66,0,4
10/16/24 9:00,0.3,6.4,421,72.9,16.4,99,11.18,65,0,4
10/16/24 10:00,0.3,6.4,421,72.7,16.4,112,11.18,62,0,4
10/16/24 11:00,1.2,6.2,423,63.1,22.2,316,14.18,103,0.5,4
10/16/24 12:00,1.2,6.2,423,62.8,22.2,316,14.18,105,0.5,4
10/16/24 13:00,1.2,5.8,422,62.6,22.2,318,14.18,105,0.5,4
10/16/24 14:00,1.2,5.9,421,62.5,22.3,324,14.18,104,0,4
10/16/24 15:00,1.2,5.8,420,62.9,22.3,323,14.14,107,0,4
10/16/24 16:00,1.2,5.9,448,53.9,24.5,250,15.62,159,0,4
10/16/24 17:00,1.2,5.9,448,54.2,24.5,254,15.68,160,0,4
10/16/24 18:00,1.2,6,448,54.1,24.5,270,15.68,160,0,4
10/16/24 19:00,1.2,6,450,54.1,24.5,274,15.68,161,0,4
10/16/24 20:00,1.1,6,450,54.2,24.5,274,15.68,159,0,4
10/16/24 21:00,1.1,6,419,44.7,28.9,592,18.84,125,2.6,4
10/16/24 22:00,1.1,6,419,44.5,28.9,574,18.84,119,2.1,4
10/16/24 23:00,1.1,6.1,419,44.2,28.9,549,18.84,120,1,4
10/17/24 0:00,1.1,6,419,44.4,28.9,520,18.84,95,1.5,4
10/17/24 1:00,1,6,420,44.4,28.9,505,18.84,94,1.5,4
10/17/24 2:00,1,6.1,420,44.3,28.9,508,18.7,52,2.6,4
10/17/24 3:00,1,6.1,396,45.5,26.3,348,18.74,325,0,4
10/17/24 4:00,1,6.1,396,45.5,26.3,344,18.74,65,0,4
10/17/24 5:00,1,6.1,396,45.5,26.3,339,18.74,130,1.5,4
10/17/24 6:00,1,6.1,397,45.9,26.2,334,18.74,122,1,4
10/17/24 7:00,1,6.1,397,46,26.2,334,18.74,126,1,4
10/17/24 8:00,0.3,6.4,397,45.8,26.2,333,18.74,67,0.5,4
10/17/24 9:00,0.3,6.4,398,52.6,24,176,18.34,141,1,4
10/17/24 10:00,1.2,6,398,52.7,24,172,18.34,138,1,4
10/17/24 11:00,1.2,5.8,399,52.7,24,171,18.34,114,1,4
10/17/24 12:00,1.2,5.9,399,53,24,171,18.34,99,1.5,4
10/17/24 13:00,1.2,5.9,400,53.4,24,170,18.32,94,2.1,4
10/17/24 14:00,1.2,5.8,397,58,22.8,113,15.98,112,1,4
10/17/24 15:00,1.2,5.9,396,58.5,22.8,113,15.98,113,1,4
10/17/24 16:00,1.2,5.9,395,59.4,22.8,113,15.88,80,2.1,4
10/17/24 17:00,1.2,5.9,395,59.4,22.8,112,15.88,119,2.1,4
10/17/24 18:00,1.2,5.9,395,59.6,22.8,109,15.88,121,1,4
10/17/24 19:00,1.2,6,395,59.6,22.8,107,15.88,119,1,4
10/17/24 20:00,1.2,6,399,63.6,22.8,47,16.64,75,0,4
10/17/24 21:00,1.2,6,399,64.2,22.8,48,16.64,74,0,4
10/17/24 22:00,1.1,6,399,64.1,22.8,47,16.64,73,0,4
10/17/24 23:00,1.1,6,399,64,22.8,47,16.64,76,0,4
10/18/24 0:00,1.1,6.1,398,64.8,22.8,50,16.64,77,0,4
10/18/24 1:00,1.1,6.1,398,64.5,22.7,51,16.64,73,0,4
10/18/24 2:00,1.1,6.1,398,64.5,22,9,16.82,83,1.5,4
10/18/24 3:00,1.1,6,399,64.8,21.9,9,16.58,81,1,4
10/18/24 4:00,1.1,6.1,398,66.5,21.9,10,16.58,84,1.5,4
10/18/24 5:00,1.1,6.1,398,66.3,21.9,10,16.58,83,0.5,4
10/18/24 6:00,1,6.1,399,66.4,21.9,10,16.58,78,1,4
10/18/24 7:00,1,6.1,395,72.3,19.7,2,14.82,338,0.5,4
10/18/24 8:00,1,6.1,395,72.4,19.7,2,14.82,334,1,4
10/18/24 9:00,0.3,6.3,395,72.5,19.7,1,14.82,333,0.5,4
10/18/24 10:00,0.3,6.3,396,73.3,19.7,1,14.82,334,0,4
10/18/24 11:00,0.3,6.3,397,73.1,19.6,1,14.44,335,0,4
10/18/24 12:00,1.2,5.8,398,72.7,19.6,1,14.44,350,1.5,4
10/18/24 13:00,1.2,5.9,398,73.8,18.6,0,14.12,246,0,4
10/18/24 14:00,1.2,5.9,397,73.6,18.6,0,14.36,243,0,4
10/18/24 15:00,1.2,6,399,73.3,18.6,0,14.36,249,0,4
10/18/24 16:00,1.2,6,399,74,18.6,1,14.36,248,0,4
10/18/24 17:00,1.2,6,399,74.7,18.6,1,14.36,243,0,4
10/18/24 18:00,1.2,6,399,74.9,18.6,1,14.36,244,0,4
10/18/24 19:00,1.2,6.1,398,78.4,17.6,0,14.38,113,0.5,4
10/18/24 20:00,1.1,6.1,398,79.5,17.6,0,14.38,116,0.5,4
10/18/24 21:00,1.1,6.1,395,79.5,17.5,0,14.38,115,0.5,4
10/18/24 22:00,1.1,6.1,397,78.8,17.6,0,14.38,115,1.5,4
10/18/24 23:00,1.1,6.1,395,78.6,17.6,0,14.38,113,1.5,4
10/19/24 0:00,1.1,6.1,395,79.3,17.6,0,14.12,116,1,4
10/19/24 1:00,1.1,6.1,401,77.1,16.4,0,12.88,41,0.5,4
10/19/24 2:00,1.1,6.1,401,77,16.4,0,12.88,39,0.5,4
10/19/24 3:00,1,6.1,401,75.1,16.4,0,12.88,43,0.5,4
10/19/24 4:00,1,6.1,401,75,16.4,0,12.62,38,0,4
10/19/24 5:00,1,6.1,401,74.1,16.5,0,12.62,31,0,4
10/19/24 6:00,1,6.1,402,74.6,16.5,0,12.62,38,0,4
10/19/24 7:00,1,6.1,409,78.6,15.8,0,11.86,50,0,4
10/19/24 8:00,1,6.1,409,78.5,15.7,0,11.86,50,0,4
10/19/24 9:00,0.3,6.4,407,78.2,15.8,0,11.86,47,0,4
10/19/24 10:00,0.3,6.3,407,78.2,15.8,0,11.86,49,0,4
10/19/24 11:00,0.3,6.3,407,79.1,15.7,0,11.86,49,0,4
10/19/24 12:00,0.3,6.3,406,79.1,15.7,0,11.86,48,0,4
10/19/24 13:00,1.1,5.8,409,79.1,15.2,0,11.12,49,0,4
10/19/24 14:00,1.2,5.9,409,79.2,15.2,0,11.12,53,0,4
10/19/24 15:00,1.2,5.9,409,79,15.2,0,11.12,52,0,4
10/19/24 16:00,1.2,5.9,409,79.1,15.2,0,11.74,49,0,4
10/19/24 17:00,1.2,6,409,79,15.2,0,11.74,49,0,4
10/19/24 18:00,1.2,6,409,79.1,15.2,0,11.74,43,0,4
10/19/24 19:00,1.2,6,407,81.6,14.6,0,11.92,50,0,4
10/19/24 20:00,1.1,6,407,81,14.7,0,11.92,52,0,4
10/19/24 21:00,1.1,6.1,408,81.1,14.6,0,11.92,55,0,4
10/19/24 22:00,1.1,6.1,409,81.9,14.6,0,11.92,49,0,4
10/19/24 23:00,1.1,6.1,410,82.1,14.6,0,11.92,51,0,4
10/20/24 0:00,1.1,6.1,409,83,14.6,0,11.7,44,0,4
10/20/24 1:00,1,6.1,410,77.8,14.3,0,11.58,49,0,4
10/20/24 2:00,1,6.1,412,77.7,14.3,0,11.58,52,0,4
10/20/24 3:00,1,6.2,413,78.1,14.3,0,11.58,51,0,4
10/20/24 4:00,1,6.1,414,77.7,14.3,0,11.4,52,0,4
10/20/24 5:00,1,6.2,412,78.4,14.3,0,11.4,49,0,4
10/20/24 6:00,1,6.1,413,78.8,14.2,0,11.4,52,0,4
10/20/24 7:00,1,6.2,414,79.6,14,0,11.66,51,0,4
10/20/24 8:00,1,6.2,413,79.5,14,0,11.66,52,0,4
10/20/24 9:00,0.4,6.3,413,79.9,14,0,11.66,47,0,4
10/20/24 10:00,0.4,6.3,414,81.3,14,0,11.66,47,0,4
10/20/24 11:00,1.1,5.8,414,81.4,14,0,11.66,45,0,4
10/20/24 12:00,1.2,5.7,412,81.6,14,0,11.16,48,0,4
10/20/24 13:00,1.2,5.7,412,80.8,13.7,0,12.12,53,0,4
10/20/24 14:00,1.1,5.8,412,81.3,13.7,0,11.7,51,0,4
10/20/24 15:00,1.2,5.8,412,81,13.7,0,11.7,48,0,4
10/20/24 16:00,1.2,5.9,411,80.8,13.7,0,11.7,49,0,4
10/20/24 17:00,1.2,6,415,82.6,13.7,0,11.7,53,0,4
10/20/24 18:00,1.2,6,415,83.1,13.7,0,11.7,50,0,4
10/20/24 19:00,1.2,6,418,79.5,13.4,0,10.76,52,0,4
10/20/24 20:00,1.2,6,418,78.8,13.5,0,10.76,54,0,4
10/20/24 21:00,1.1,6.1,418,79,13.5,0,10.76,53,0,4
10/20/24 22:00,1.1,6.1,418,80.2,13.5,0,10.76,53,0,4
10/20/24 23:00,1.1,6.1,417,82.2,13.5,0,10.94,48,0,4
10/21/24 0:00,1.1,6.1,416,81.8,13.5,0,10.94,46,0,4
10/21/24 1:00,1.1,6.1,419,79.3,13.3,0,9.64,51,0,4
10/21/24 2:00,1.1,6.1,420,78.3,13.2,0,10.44,54,0,4
10/21/24 3:00,1,6.1,419,77.9,13.2,0,10.44,54,0,4
10/21/24 4:00,1,6.1,419,78.2,13.2,0,10.44,62,0,4
10/21/24 5:00,1,6.1,417,78,13.2,0,10.44,60,0,4
10/21/24 6:00,1,6.1,418,78.4,13.2,0,10.44,55,0,4
10/21/24 7:00,1,6.1,419,82.4,13,0,11.16,49,0,4
10/21/24 8:00,1,6.1,419,81.8,13,0,11.16,51,0,4
10/21/24 9:00,0.4,6.3,420,81.7,13,0,11.16,49,0,4
10/21/24 10:00,0.4,6.3,421,82.3,13,0,11.16,48,0,4
10/21/24 11:00,1.2,5.8,421,82.7,13,0,10.86,51,0,4
10/21/24 12:00,1.2,5.8,421,82.2,13,0,10.86,49,0,4
10/21/24 13:00,1.2,5.9,424,81.2,12.8,0,10.38,49,0,4
10/21/24 14:00,1.2,5.7,425,81.3,12.8,0,10.38,49,0,4
10/21/24 15:00,1.2,5.8,425,81,12.8,0,10.38,57,0,4
10/21/24 16:00,1.2,5.8,424,80.6,12.9,0,10.38,55,0,4
10/21/24 17:00,1.2,5.9,425,80.1,12.8,0,10.38,51,0,4
10/21/24 18:00,1.2,5.7,425,80.1,12.8,0,10.38,51,0,4
10/21/24 19:00,1.1,6.1,429,81.1,13,8,10.36,52,0,4
10/21/24 20:00,1.1,6.1,429,80.7,13,8,10.36,55,0,4
10/21/24 21:00,1.1,6.1,429,81,13,8,10.36,53,0,4
10/21/24 22:00,1.1,6.1,429,81.1,13,8,10.36,49,0,4
10/21/24 23:00,1.1,6.1,429,81.8,13,8,10.52,52,0,4
10/22/24 0:00,1.1,6.1,429,82.5,13,8,10.52,55,0,4
10/22/24 1:00,1.1,6.1,425,72.6,17.5,121,11.22,195,0.5,4
10/22/24 2:00,1.1,6.1,425,73.5,17.5,117,10.76,197,0,4
10/22/24 3:00,1,6.1,423,73,17.5,117,10.76,201,1,4
10/22/24 4:00,1,6.1,423,73.6,17.5,117,10.76,192,1,4
10/22/24 5:00,1,6.1,423,72.4,17.5,119,10.76,199,1,4
10/22/24 6:00,1,6.1,425,72.6,17.5,122,10.76,196,0,4
10/22/24 7:00,1,6.1,431,60.6,24.2,339,14.28,91,1,4
10/22/24 8:00,1,6.1,429,60,24.2,340,14.28,181,1,4
10/22/24 9:00,1,6.4,429,59.6,24.2,339,14.28,187,1,4
10/22/24 10:00,1,6.3,430,59.6,24.3,343,14.28,187,1.5,4
10/22/24 11:00,1,6.3,430,59.5,24.3,348,14.42,188,1,4
10/22/24 12:00,1,6.3,431,59.5,24.3,347,14.42,187,0.5,4
10/22/24 13:00,1.1,5.8,436,54.8,26.5,544,15.08,195,2.1,4
10/22/24 14:00,1.2,5.9,435,54.8,26.5,542,15.08,188,1,4
10/22/24 15:00,1.2,5.9,435,55.2,26.5,542,15.12,198,1,4
10/22/24 16:00,1.2,5.9,435,55.2,26.5,543,15.12,197,1,4
10/22/24 17:00,1.2,6,435,55.2,26.5,544,15.12,197,0.5,4
10/22/24 18:00,1.2,6,436,54.5,26.5,546,15.12,196,0,4
10/22/24 19:00,1.2,6,432,50,29,687,17.34,254,1.5,4
10/22/24 20:00,1.1,6,432,50.1,29,686,17.34,212,1.5,4
10/22/24 21:00,1.1,6.1,432,50.2,29,687,17.34,214,1,4
10/22/24 22:00,1.1,6.1,431,50.7,28.9,687,17.34,210,0.5,4
10/22/24 23:00,1.1,6.1,431,50.7,28.9,686,17.34,207,0,4
10/23/24 0:00,1.1,6.1,432,50.5,28.9,690,17.36,154,1.5,4
10/23/24 1:00,1.1,6.1,411,45.8,30.8,264,18.68,207,2.6,4
10/23/24 2:00,1.1,6.1,411,46.1,30.7,287,18.68,194,2.6,4
10/23/24 3:00,1,6.1,411,46.2,30.7,362,18.82,193,1.5,4
10/23/24 4:00,1,6.1,411,46.6,30.6,432,18.82,192,2.1,4
10/23/24 5:00,1,6.1,411,46.6,30.6,432,18.82,194,1.5,4
10/23/24 6:00,1,6.1,411,47.1,30.7,503,18.82,190,1.5,4
10/23/24 7:00,1,6.1,391,43.3,30.2,746,20.74,280,0,4
10/23/24 8:00,1,6.1,392,43.1,30.2,739,20.74,280,0.5,4
10/23/24 9:00,1,6.4,392,43,30.2,735,20.74,277,1,4
10/23/24 10:00,1,6.3,391,42.8,30.3,731,20.74,280,1,4
10/23/24 11:00,1,6.3,391,43.4,30.3,732,20.74,270,1,4
10/23/24 12:00,1,6.3,392,43.6,30.3,732,20.74,304,1.5,4
10/23/24 13:00,1.1,5.8,405,37.8,32.4,606,22.5,0,2.1,4
10/23/24 14:00,1.2,5.9,405,37.6,32.5,603,22.5,1,2.1,4
10/23/24 15:00,1.2,5.9,405,37.4,32.5,606,22.44,1,1.5,4
10/23/24 16:00,1.2,5.9,404,37.4,32.4,607,22.44,359,2.6,4
10/23/24 17:00,1.2,6,404,37.2,32.5,607,22.44,0,1.5,4
10/23/24 18:00,1.2,6,404,36.8,32.5,606,22.44,4,1.5,4
10/23/24 19:00,1.2,6,405,36.3,32.1,446,22.94,20,0.5,4
10/23/24 20:00,1.1,6,407,37.6,32.1,445,22.94,20,1,4
10/23/24 21:00,1.1,6.1,407,37.4,32.1,444,22.94,22,1,4
10/23/24 22:00,1.1,6.1,408,37.4,32.1,442,22.94,19,1,4
10/23/24 23:00,1.1,6.1,408,37.6,32.1,445,22.94,19,1,4
10/24/24 0:00,1.1,6.1,409,37.4,32.1,445,22.96,20,1.5,4
10/24/24 1:00,1.1,6.1,400,43.5,30.2,229,23.52,27,1,4
10/24/24 2:00,1.1,6.1,401,43.6,30.1,231,23.52,28,0.5,4
10/24/24 3:00,1,6.1,403,43.4,30.1,231,23.52,27,1.5,4
10/24/24 4:00,1,6.1,403,42.9,30.2,229,23.3,27,1,4
10/24/24 5:00,1,6.1,404,43.2,30.2,227,23.3,24,0.5,4
10/24/24 6:00,1,6.1,405,43.5,30.1,227,23.3,29,1,4
10/24/24 7:00,1,6.1,401,43.8,27.3,4,21.84,60,0.5,4
10/24/24 8:00,1,6.1,402,43.6,27.3,4,21.84,60,0,4
10/24/24 9:00,1,6.4,402,43.4,27.4,1,21.84,58,0.5,4
10/24/24 10:00,1,6.3,403,43.6,27.4,1,21.84,60,0.5,4
10/24/24 11:00,1,6.3,404,43.6,27.3,1,21.84,59,1,4
10/24/24 12:00,1,6.3,403,44.2,27.3,1,21.84,60,0.5,4
10/24/24 13:00,1.1,5.8,401,48.7,24.1,3,20.4,0,0.5,4
10/24/24 14:00,1.2,5.9,402,49.3,24.1,3,20.4,0,0.5,4
10/24/24 15:00,1.2,5.9,402,49.3,24.1,3,20.4,0,0.5,4
10/24/24 16:00,1.2,5.9,402,49.2,24.1,3,20.4,0,0.5,4
10/24/24 17:00,1.2,6,401,49.1,24.1,3,20.22,2,2.1,4
10/24/24 18:00,1.2,6,401,49.2,24,3,20.22,2,1.5,4
10/24/24 19:00,1.2,6,400,54.1,21.3,0,17.3,55,0,4
10/24/24 20:00,1.1,6,400,55.4,21.4,0,16.88,57,0,4
10/24/24 21:00,1.1,6.1,398,57.8,21.4,0,16.88,56,0,4
10/24/24 22:00,1.1,6.1,400,57.6,21.4,0,16.88,60,0,4
10/24/24 23:00,1.1,6.1,400,57.7,21.4,0,16.88,55,0,4
10/25/24 0:00,1.1,6.1,399,58.3,21.4,0,16.88,57,0,4
10/25/24 1:00,1.1,6.1,398,66.2,19.7,0,17,16,0,4
10/25/24 2:00,1.1,6.1,397,66.1,19.7,0,17,20,0,4
10/25/24 3:00,1,6.1,398,66.4,19.7,0,17,20,0,4
10/25/24 4:00,1,6.1,399,68,19.7,0,17,19,0,4
10/25/24 5:00,1,6.1,399,67.7,19.7,0,17,22,0,4
10/25/24 6:00,1,6.1,399,66.6,19.7,0,16.76,20,0,4
10/25/24 7:00,1,6.1,405,69.5,18.6,0,15.72,36,0,4
10/25/24 8:00,1,6.1,404,69.9,18.6,0,15.72,35,0,4
10/25/24 9:00,1,6.4,405,69.9,18.7,0,15.64,32,0,4
10/25/24 10:00,1,6.3,405,72.2,18.6,0,15.64,34,0,4
10/25/24 11:00,1,6.3,405,72.3,18.6,0,15.64,33,0,4
10/25/24 12:00,1,6.3,405,72.7,18.6,0,15.64,36,0,4
10/25/24 13:00,1.1,5.8,407,72.7,17.7,0,15.24,35,0,4
10/25/24 14:00,1.2,5.9,407,72.3,17.7,0,15.24,31,0,4
10/25/24 15:00,1.2,5.9,406,72.2,17.7,0,15.24,33,0,4
10/25/24 16:00,1.2,5.9,406,71.8,17.7,0,15.24,33,0,4
10/25/24 17:00,1.2,6,406,71.9,17.7,0,15.28,36,0,4
10/25/24 18:00,1.2,6,413,74.5,17,0,14.44,34,0,4
10/25/24 19:00,1.2,6,413,75,17,0,14.44,34,0,4
10/25/24 20:00,1.1,6,412,73,17,0,14.44,35,0,4
10/25/24 21:00,1.1,6.1,412,73.1,17,0,14.66,35,0,4
10/25/24 22:00,1.1,6.1,413,73.1,17,0,14.66,32,0,4
10/25/24 23:00,1.1,6.1,413,72.8,17,0,14.66,33,0,4
10/26/24 0:00,1.1,6.1,414,76.7,16.5,0,13.32,36,0,4
10/26/24 1:00,1.1,6.1,414,76.3,16.5,0,13.32,35,0,4
10/26/24 2:00,1.1,6.1,413,76.2,16.5,0,13.32,35,0,4
10/26/24 3:00,1,6.1,413,76.2,16.5,0,13.32,36,0,4
10/26/24 4:00,1,6.1,413,76.7,16.5,0,13.32,35,0,4
10/26/24 5:00,1,6.1,413,77.5,16.5,0,13.32,36,0,4
10/26/24 6:00,1,6.1,419,74.1,16,0,13.24,33,0,4
10/26/24 7:00,1,6.1,418,74.1,15.9,0,13.24,35,0,4
10/26/24 8:00,1,6.1,418,74.3,15.9,0,13.24,35,0,4
10/26/24 9:00,1,6.4,418,71.4,15.9,0,13.18,36,0,4
10/26/24 10:00,1,6.3,418,71.7,16,0,13.18,34,0,4
10/26/24 11:00,1,6.3,418,73.1,16,0,13.18,36,0,4
10/26/24 12:00,1,6.3,419,78.1,15.5,0,12.62,33,0,4
10/26/24 13:00,1.1,5.8,418,77.1,15.5,0,12.62,34,0,4
10/26/24 14:00,1.2,5.9,418,77.3,15.5,0,12.62,36,0,4
10/26/24 15:00,1.2,5.9,417,76.6,15.6,0,12.62,33,0,4
10/26/24 16:00,1.2,5.9,419,77.6,15.6,0,12.62,34,0,4
10/26/24 17:00,1.2,6,424,80,15.1,0,11.64,34,0,4
10/26/24 18:00,1.2,6,425,78.8,15.1,0,11.64,31,0,4
10/26/24 19:00,1.2,6,424,78.6,15.2,0,11.64,34,0,4
10/26/24 20:00,1.1,6,425,77.5,15.1,0,11.86,31,0,4
10/26/24 21:00,1.1,6.1,425,74.2,15.1,0,11.86,37,0,4
10/26/24 22:00,1.1,6.1,424,74.4,15.1,0,11.86,35,0,4
10/26/24 23:00,1.1,6.1,425,78.5,14.7,0,11.86,35,0,4
10/27/24 0:00,1.1,6.1,424,78.3,14.7,0,11.86,36,0,4
10/27/24 1:00,1.1,6.1,423,80.1,14.7,0,11.86,35,0,4
10/27/24 2:00,1.1,6.1,423,79.6,14.7,0,11.86,33,0,4
10/27/24 3:00,1,6.1,423,79.4,14.7,0,11.86,36,0,4
10/27/24 4:00,1,6.1,423,80,14.7,0,11.86,34,0,4
10/27/24 5:00,1,6.1,426,76.8,14.5,0,11.96,34,0,4
10/27/24 6:00,1,6.1,428,77.3,14.4,0,11.96,35,0,4
10/27/24 7:00,1,6.1,427,77,14.5,0,11.96,35,0,4
10/27/24 8:00,1,6.1,426,77.7,14.5,0,11.9,35,0,4
10/27/24 9:00,1,6.4,425,79.6,14.5,0,11.9,32,0,4
10/27/24 10:00,1,6.3,424,79.6,14.5,0,11.9,35,0,4
10/27/24 11:00,1,6.3,428,81.7,14.3,0,11.64,35,0,4
10/27/24 12:00,1,6.3,429,81.7,14.2,0,11.64,35,0,4
10/27/24 13:00,1.1,5.8,428,81.9,14.2,0,11.64,33,0,4
10/27/24 14:00,1.2,5.9,429,81.9,14.2,0,11.64,33,0,4
10/27/24 15:00,1.2,5.9,428,81.7,14.3,0,11.64,36,0,4
10/27/24 16:00,1.2,5.9,430,82,14.3,0,11.76,35,0,4
10/27/24 17:00,1.2,6,432,79.3,14.2,1,11.56,37,0,4
10/27/24 18:00,1.2,6,432,79.7,14.2,2,11.56,32,0,4
10/27/24 19:00,1.2,6,432,79.1,14.2,2,11.42,34,0,4
10/27/24 20:00,1.1,6,432,79.2,14.2,2,11.42,35,0,4
10/27/24 21:00,1.1,6.1,432,79.6,14.2,2,11.42,34,0,4
10/27/24 22:00,1.1,6.1,431,79.7,14.2,2,11.42,34,0,4
10/27/24 23:00,1.1,6.1,423,68.6,19,177,13.86,33,0,4
10/28/24 0:00,1.1,6.1,422,68.3,19.1,179,13.86,33,0,4
10/28/24 1:00,1.1,6.1,423,66.8,19.1,179,13.86,30,0,4
10/28/24 2:00,1.1,6.1,422,68.5,19.1,182,13.86,31,0,4
10/28/24 3:00,1,6.1,422,69.1,19.1,188,13.84,33,0,4
10/28/24 4:00,1,6.1,430,61.5,24.4,326,16.1,220,0,4
10/28/24 5:00,1,6.1,431,61.7,24.4,325,16.1,218,0,4
10/28/24 6:00,1,6.1,431,60.6,24.4,328,16.36,217,0,4
10/28/24 7:00,1,6.1,432,60.1,24.4,328,16.36,216,0,4
10/28/24 8:00,1,6.1,431,60.2,24.4,329,16.36,217,0,4
10/28/24 9:00,1,6.4,430,59.8,24.4,332,16.36,215,0,4
10/28/24 10:00,1,6.3,424,49.6,27.1,536,18.7,145,0,4
10/28/24 11:00,1,6.3,424,49.6,27.2,537,18.7,145,0,4
10/28/24 12:00,1,6.3,424,50.2,27.1,538,18.7,137,0,4
10/28/24 13:00,1.1,5.8,424,50.3,27.1,538,18.7,134,0,4
10/28/24 14:00,1.2,5.9,424,50.6,27.1,539,18.7,134,0,4
10/28/24 15:00,1.2,5.9,424,50.4,27.2,540,18.72,132,0,4
10/28/24 16:00,1.2,5.9,397,48.8,29.7,532,20.82,145,1,4
10/28/24 17:00,1.2,6,397,49.5,29.6,486,20.82,146,0.5,4
10/28/24 18:00,1.2,6,397,49.5,29.6,478,21.06,145,0,4
10/28/24 19:00,1.2,6,398,49.6,29.6,483,21.06,138,0.5,4
10/28/24 20:00,1.1,6,399,49.3,29.6,502,21.06,133,1,4
10/28/24 21:00,1.1,6.1,398,49.2,29.6,533,21.06,139,0.5,4
10/28/24 22:00,1.1,6.1,386,45.8,30.6,640,21.54,196,1,4
10/28/24 23:00,1.1,6.1,387,45.6,30.6,641,21.54,196,1,4
10/29/24 0:00,1,6.1,386,45.9,30.6,638,21.54,195,0.5,4
10/29/24 1:00,1,6.1,385,46.3,30.5,638,21.54,195,0.5,4
10/29/24 2:00,0.9,6.1,386,46.3,30.5,639,21.3,198,0.5,4
10/29/24 3:00,0.9,6.1,384,44.1,31.1,699,22.92,82,0.5,4
10/29/24 4:00,0.9,6.1,384,44.1,31.1,705,22.92,80,0,4
10/29/24 5:00,0.9,6.1,384,44.1,31.1,709,22.92,81,0,4
10/29/24 6:00,0.9,6.1,383,43.8,31.2,710,22.92,81,0,4
10/29/24 7:00,0.9,6.1,383,43.9,31.2,714,22.92,83,0,4
10/29/24 8:00,0.9,6.1,383,39.7,33.1,652,24.1,170,1,4
10/29/24 9:00,1,5.9,382,39.4,33.1,653,24.1,171,0.5,4
10/29/24 10:00,0.9,6,382,39.7,33.1,653,24.1,173,0.5,4
10/29/24 11:00,1,5.9,382,39.7,33.1,653,24.1,173,0.5,4
10/29/24 12:00,1,6.1,381,39.5,33,651,24.2,175,0.5,4
10/29/24 13:00,1,6,381,39.7,33,647,24.2,173,1,4
10/29/24 14:00,1,5.9,385,42.5,30.5,397,24.14,74,1,4
10/29/24 15:00,1,6,385,42.1,30.5,403,24.14,81,1.5,4
10/29/24 16:00,1,6,383,42.6,30.5,406,23.96,69,0.5,4
10/29/24 17:00,1,6.1,383,43.4,30.5,412,23.96,95,1.5,4
10/29/24 18:00,1,6.1,382,43.6,30.4,412,23.96,109,1.5,4
10/29/24 19:00,1,6.1,382,43.6,30.5,412,23.96,79,1.5,4
10/29/24 20:00,1,6.1,388,40.3,29.9,215,23.72,269,1,4
10/29/24 21:00,1,6.1,387,40,29.9,217,23.72,1,1,4
10/29/24 22:00,1,6.1,387,40.3,30,218,23.72,3,0.5,4
10/29/24 23:00,0.9,6.1,387,39.9,30,217,23.72,28,1,4
10/30/24 0:00,0.9,6.1,388,39.6,30,218,23.72,50,1.5,4
10/30/24 1:00,0.9,6.1,388,39.6,30,218,23.82,51,1,4
10/30/24 2:00,0.9,6.1,425,58.1,23.3,278,18.76,214,1,4
10/30/24 3:00,0.9,6.1,425,58.3,23.3,278,18.76,199,1,4
10/30/24 4:00,0.9,6.1,424,58.6,23.3,281,18.6,201,1,4
10/30/24 5:00,0.9,6.1,423,58.9,23.3,281,18.6,206,0,4
10/30/24 6:00,1,5.9,423,58.6,23.2,283,18.6,206,0,4
10/30/24 7:00,0.9,6,423,58.4,23.3,283,18.6,203,0.5,4
10/30/24 8:00,1,5.9,410,56.1,26,246,19.56,277,1.5,4
10/30/24 9:00,1,6.1,410,56.8,26,246,19.56,284,1,4
10/30/24 10:00,1,6,410,56.7,25.9,241,19.56,286,0.5,4
10/30/24 11:00,1,5.9,410,56,25.9,234,19.56,278,0.5,4
10/30/24 12:00,1,6,410,56.1,25.8,233,19.56,281,1.5,4
10/30/24 13:00,1,6,410,55.4,25.8,232,20.08,278,1.5,4
10/30/24 14:00,1,6.1,402,59.7,23.4,300,20.52,329,1.5,4
10/30/24 15:00,1,6.1,401,59.7,23.4,309,20.52,325,1.5,4
10/30/24 16:00,1,6.1,401,59.6,23.4,309,20.7,324,0.5,4
10/30/24 17:00,1,6.1,400,59.4,23.4,319,20.7,260,1,4
10/30/24 18:00,1,6.1,400,58.4,23.4,323,20.7,296,1.5,4
10/30/24 19:00,1,6.1,400,58.4,23.4,328,20.7,290,2.6,4
10/30/24 20:00,0.9,6.1,400,62.5,22.3,118,20.82,326,2.1,4
10/30/24 21:00,0.9,6.1,400,62.2,22.3,119,20.82,304,1.5,4
10/30/24 22:00,0.9,6.1,399,63.1,22.3,116,20.82,319,0.5,4
10/30/24 23:00,0.9,6.1,399,64.3,22.3,121,20.82,309,2.6,4
10/31/24 0:00,0.9,6.1,399,62.7,22.3,122,20.82,290,1,4
10/31/24 1:00,0.9,6.1,400,62.8,22.2,125,20.68,294,0.5,4
10/31/24 2:00,0.9,6.1,398,61.6,22.5,208,21.06,194,1,4
10/31/24 3:00,1,5.9,398,61.6,22.5,208,21.06,187,1,4
10/31/24 4:00,0.9,6,399,61.5,22.5,208,21.12,208,1.5,4
10/31/24 5:00,1,5.9,399,61.7,22.5,203,21.12,201,1.5,4
10/31/24 6:00,1,6.1,399,61.2,22.5,206,21.12,203,1,4
10/31/24 7:00,1,6,438,63.8,22.9,93,20.94,322,1,4
10/31/24 8:00,1,5.9,438,63.5,23,93,20.94,325,0.5,4
10/31/24 9:00,1,6,438,63.5,23,97,20.94,326,0.5,4
10/31/24 10:00,1,6,438,63.4,22.9,97,20.94,326,1,4
10/31/24 11:00,1,6.1,438,63.7,22.9,106,20.94,323,1,4
10/31/24 12:00,1,6,439,63.5,22.9,107,20.78,323,1,4
10/31/24 13:00,1,5.9,425,64.9,22.1,15,19.8,252,1,4
10/31/24 14:00,1,6.1,424,65.2,22,13,19.8,252,0,4
10/31/24 15:00,1.1,6.1,423,65.7,22,14,19.8,255,0,4
10/31/24 16:00,1.1,6.1,424,65.8,22,14,19.9,255,1,4
10/31/24 17:00,1.1,6.2,424,65.9,22,17,19.9,310,1.5,4
10/31/24 18:00,1.1,6.2,424,65.7,22,17,19.9,290,1.5,4
10/31/24 19:00,1.1,6.2,456,67.2,21.2,0,19.36,229,0,4
10/31/24 20:00,1.1,6.2,456,67.6,21.1,0,19.82,228,0,4
10/31/24 21:00,1,6.2,453,68.3,21.1,0,19.82,222,0,4
10/31/24 22:00,1,6.2,454,68.7,21.1,0,19.82,222,0.5,4
10/31/24 23:00,1,6.2,455,68.6,21.2,0,19.82,228,0,4
11/1/24 0:00,1,6.2,475,82,14,0,12.58,46,0,4
11/1/24 1:00,1,6.2,474,82.1,14,0,12.58,47,0,4
11/1/24 2:00,1,6.2,475,83,13.9,0,12.58,47,0,4
11/1/24 3:00,0.9,6.2,476,83,13.9,0,12.58,49,0,4
11/1/24 4:00,0.9,6.2,478,82.2,14,0,12.58,48,0,4
11/1/24 5:00,0.9,6.2,477,82.6,14,0,12.58,49,0,4
11/1/24 6:00,0.9,6.2,481,83.7,13.9,0,12.68,46,0,4
11/1/24 7:00,0.9,6.2,481,83.9,13.8,0,12.64,47,0,4
11/1/24 8:00,0.9,6.2,481,83.6,13.8,0,12.64,47,0,4
11/1/24 9:00,1,6,481,83.5,13.9,0,12.64,48,0,4
11/1/24 10:00,0.9,6.1,479,84.2,13.9,0,12.64,47,0,4
11/1/24 11:00,0.9,6.2,479,84,13.9,0,12.64,49,0,4
11/1/24 12:00,1,6.2,491,86.3,13.7,0,12.72,47,0,4
11/1/24 13:00,1,5.9,492,86.8,13.7,0,12.72,49,0,4
11/1/24 14:00,1,6,492,86.2,13.7,0,12.72,48,0,4
11/1/24 15:00,1,6.1,492,85.5,13.7,0,12.72,47,0,4
11/1/24 16:00,1,6.1,493,85,13.7,0,12.8,49,0,4
11/1/24 17:00,1,6.2,494,86.2,13.7,0,12.8,48,0,4
11/1/24 18:00,1,6.2,474,85.7,13.9,0,13.1,46,0,4
11/1/24 19:00,1,6.2,475,86.7,13.9,0,13.1,48,0,4
11/1/24 20:00,0.9,6.2,474,85.7,13.9,0,13.1,46,0,4
11/1/24 21:00,0.9,6.2,475,85.8,13.9,0,13.1,47,0,4
11/1/24 22:00,0.9,6.2,475,85.7,13.9,0,12.96,48,0,4
11/1/24 23:00,0.9,6.2,475,85.5,13.9,0,12.96,48,0,4
11/2/24 0:00,1,6.2,473,83.9,13.8,0,12.9,49,0,4
11/2/24 1:00,1,6.2,474,83.7,13.8,0,12.9,48,0,4
11/2/24 2:00,1,6.2,476,83.4,13.8,0,12.9,47,0,4
11/2/24 3:00,0.9,6.2,477,83.5,13.8,0,12.9,46,0,4
11/2/24 4:00,0.9,6.2,477,83.1,13.8,0,12.9,51,0,4
11/2/24 5:00,0.9,6.2,485,85.6,13.9,0,12.92,60,0,4
11/2/24 6:00,0.9,6.2,485,85.7,13.9,0,12.92,55,0,4
11/2/24 7:00,0.9,6.2,486,86.5,13.9,0,12.92,61,0,4
11/2/24 8:00,0.9,6.2,488,86.2,13.9,0,12.92,62,0,4
11/2/24 9:00,1,6,485,85.9,14,0,12.92,58,0,4
11/2/24 10:00,0.9,6.1,485,84.7,14,0,12.92,59,0,4
11/2/24 11:00,0.9,6.2,478,88.8,14.2,0,13.44,59,0,4
11/2/24 12:00,1,6.2,479,88.6,14.2,0,13.26,61,0,4
11/2/24 13:00,1,5.9,478,87.2,14.2,0,13.26,60,0,4
11/2/24 14:00,1,6,476,84.9,14.2,0,13.26,60,0,4
11/2/24 15:00,1,6.1,476,85.1,14.2,0,13.26,60,0,4
11/2/24 16:00,1,6.1,477,84,14.2,0,13.26,62,0,4
11/2/24 17:00,1,6.2,468,84.9,14.4,0,13.28,24,0,4
11/2/24 18:00,1,6.2,467,84.6,14.4,0,13.28,25,0,4
11/2/24 19:00,1,6.2,469,83.8,14.4,0,13.28,21,0,4
11/2/24 20:00,0.9,6.2,467,84,14.4,0,13.28,26,0,4
11/2/24 21:00,0.9,6.2,466,84.3,14.4,0,13.28,23,0,4
11/2/24 22:00,0.9,6.2,465,84.3,14.4,0,13.28,24,0,4
11/2/24 23:00,0.9,6.2,471,87,14.7,8,13.32,252,0,4
11/3/24 0:00,1,6.2,473,87.5,14.6,8,13.32,237,1.5,4
11/3/24 1:00,1,6.2,473,84.4,14.7,8,13.32,239,2.1,4
11/3/24 2:00,1,6.2,473,85,14.6,8,13.32,240,1.5,4
11/3/24 3:00,0.9,6.2,474,84.5,14.7,8,13.32,235,1,4
11/3/24 4:00,0.9,6.2,474,84.1,14.7,8,13.32,222,1,4
11/3/24 5:00,0.9,6.2,480,81.5,15.1,0,12.76,47,0,4
11/3/24 6:00,0.9,6.2,481,81.4,15.1,0,12.74,43,0,4
11/3/24 7:00,0.9,6.2,481,81.4,15.1,0,12.74,45,0.5,4
11/3/24 8:00,0.9,6.2,480,81.7,15.1,0,12.74,39,1,4
11/3/24 9:00,1,6,479,81.9,15.1,0,12.74,47,0.5,4
11/3/24 10:00,0.9,6.1,517,85.7,15.7,45,13.14,208,0,4
11/3/24 11:00,0.9,6.2,517,85.8,15.7,39,13.14,210,0,4
11/3/24 12:00,1,6.2,517,86.8,15.8,42,13.14,210,0,4
11/3/24 13:00,1,5.9,518,85.8,15.8,42,13.14,201,0,4
11/3/24 14:00,1,6,519,86.5,15.8,41,13.5,207,0,4
11/3/24 15:00,1,6.1,549,87.9,16,30,13.22,200,1,4
11/3/24 16:00,1,6.1,548,86.5,16,28,13.22,198,1,4
11/3/24 17:00,1,6.2,549,87.4,16,29,13.22,198,0.5,4
11/3/24 18:00,1,6.2,548,87.7,16,33,13.18,192,0.5,4
11/3/24 19:00,1,6.2,547,89.1,16,34,13.18,186,1,4
11/3/24 20:00,0.9,6.2,547,89.6,16,34,13.18,186,0.5,4
11/3/24 21:00,0.9,6.2,552,85.5,17.6,126,15.64,163,0,4
11/3/24 22:00,0.9,6.2,553,85,17.6,127,15.64,153,0.5,4
11/3/24 23:00,0.9,6.2,553,84.1,17.6,128,15.64,165,0.5,4
11/4/24 0:00,1,6.1,553,84.2,17.6,131,15.64,162,0,4
11/4/24 1:00,1,6.1,553,84.9,17.6,127,15.64,155,0,4
11/4/24 2:00,0.9,6.1,538,81.6,19.8,155,15.86,37,2.1,4
11/4/24 3:00,0.9,6.1,538,81.1,19.9,155,15.86,35,1.5,4
11/4/24 4:00,0.9,6.1,539,80.3,19.9,157,15.86,35,1,4
11/4/24 5:00,0.9,6.1,540,80.2,19.9,159,15.86,30,2.1,4
11/4/24 6:00,0.9,6.1,541,80.2,19.9,162,16.26,33,1.5,4
11/4/24 7:00,0.9,6.1,543,78.6,19.9,160,16.26,35,1.5,4
11/4/24 8:00,0.9,6.1,500,75.3,22,170,16.74,17,0,4
11/4/24 9:00,1,6,500,75.3,22,170,16.74,27,0,4
11/4/24 10:00,0.9,6.1,500,74.6,22,168,17.04,23,0,4
11/4/24 11:00,1.1,6,501,74.1,22,168,17.04,30,0,4
11/4/24 12:00,1,6,501,74,22,164,17.04,19,0,4
11/4/24 13:00,1.1,5.9,489,74.3,21.3,101,17.6,11,0,4
11/4/24 14:00,1.1,6,490,74.6,21.3,101,17.6,6,0,4
11/4/24 15:00,1,6,491,74.7,21.3,103,17.6,9,0,4
11/4/24 16:00,1,6.1,491,74.5,21.3,103,17.6,9,0,4
11/4/24 17:00,1,6.2,491,74.4,21.3,105,17.6,9,0,4
11/4/24 18:00,1,6.2,490,73.6,21.3,105,17.6,9,0,4
11/4/24 19:00,1,6.2,489,76.1,20,40,16.34,91,0,4
11/4/24 20:00,1,6.2,489,75.2,19.9,41,16.34,89,0,4
11/4/24 21:00,1,6.2,490,75.7,19.9,37,16.34,90,0,4
11/4/24 22:00,1,6.2,490,75.1,19.9,37,16.34,85,0,4
11/4/24 23:00,1,6.2,491,74.8,20,38,16.34,95,0,4
11/5/24 0:00,1,6.1,491,75.1,19.9,38,16.62,92,0,4
11/5/24 1:00,1,6.1,489,78,18.6,8,15.88,94,0,4
11/5/24 2:00,0.9,6.1,489,78.4,18.6,6,15.88,97,0,4
11/5/24 3:00,0.9,6.1,489,79,18.6,6,15.88,92,0,4
11/5/24 4:00,0.9,6.1,491,78.5,18.6,6,15.96,93,0,4
11/5/24 5:00,0.9,6.1,491,78.8,18.6,6,15.96,81,0,4
11/5/24 6:00,0.9,6.1,490,78.9,18.6,6,15.96,87,0,4
11/5/24 7:00,0.9,6.1,483,81.6,17.1,0,15.3,85,0,4
11/5/24 8:00,0.9,6.1,483,79.8,17.2,0,15.3,91,0,4
11/5/24 9:00,1,6,483,78.9,17.2,0,15.3,84,0,4
11/5/24 10:00,0.9,6.1,483,78.4,17.1,0,15.3,95,0,4
11/5/24 11:00,1.1,6,483,78.6,17.1,0,15.3,83,0,4
11/5/24 12:00,1,6,483,78.2,17.1,0,15.3,88,0,4
11/5/24 13:00,1.1,5.9,486,83.5,16.3,0,14.64,83,0,4
11/5/24 14:00,1.1,6,486,83.9,16.3,0,14.64,97,0,4
11/5/24 15:00,1,6,485,83.9,16.3,0,14.64,82,0,4
11/5/24 16:00,1,6.1,485,84.3,16.3,0,14.64,80,0,4
11/5/24 17:00,1,6.2,485,83.9,16.2,0,15.76,88,0,4
11/5/24 18:00,1,6.2,485,83,16.2,0,15.76,91,0,4
11/5/24 19:00,1,6.2,488,82.8,15.9,0,14.42,79,0,4
11/5/24 20:00,1,6.2,487,83.4,15.9,0,14.42,73,0,4
11/5/24 21:00,1,6.2,487,81.7,15.9,0,13.96,84,0,4
11/5/24 22:00,1,6.2,487,82,15.9,0,13.96,79,0.5,4
11/5/24 23:00,1,6.2,488,82.3,15.8,0,13.96,79,0,4
11/6/24 0:00,1,6.1,488,81.6,15.8,0,13.96,88,0.5,4
11/6/24 1:00,1,6.1,487,85.3,15.6,0,13,107,0,4
11/6/24 2:00,0.9,6.1,488,85,15.6,0,13,94,0,4
11/6/24 3:00,0.9,6.1,490,83.5,15.6,0,13,90,0,4
11/6/24 4:00,0.9,6.1,490,83.1,15.6,0,13,93,0,4
11/6/24 5:00,0.9,6.1,490,82.9,15.6,0,13,89,0,4
11/6/24 6:00,0.9,6.1,491,82.3,15.6,0,13,98,0,4
11/6/24 7:00,0.9,6.1,482,79.4,15.6,0,15.12,341,2.1,4
11/6/24 8:00,0.9,6.1,481,79.3,15.6,0,15.12,332,1,4
11/6/24 9:00,1,6,481,78.9,15.5,0,14.84,330,1.5,4
11/6/24 10:00,0.9,6.1,479,78.7,15.5,0,14.84,292,2.1,4
11/6/24 11:00,1.1,6,478,79.9,15.5,0,14.84,321,1.5,4
11/6/24 12:00,1,6,478,79.6,15.5,0,14.84,319,2.6,4
11/6/24 13:00,1.1,5.9,476,80.7,15.4,0,15.2,332,0,4
11/6/24 14:00,1.1,6,476,80.7,15.4,0,15.2,336,0,4
11/6/24 15:00,1,6,476,80,15.4,0,14.56,336,0,4
11/6/24 16:00,1,6.1,475,80.3,15.4,0,14.56,339,0,4
11/6/24 17:00,1,6.2,475,81.4,15.4,0,14.56,334,0,4
11/6/24 18:00,1,6.2,475,81,15.4,0,14.56,345,0,4
11/6/24 19:00,1,6.2,475,80.7,15.7,0,16.06,300,0,4
11/6/24 20:00,1,6.2,474,80.8,15.7,0,16.06,295,0,4
11/6/24 21:00,1,6.2,472,81.7,15.7,0,16.06,301,0,4
11/6/24 22:00,1,6.2,470,80.9,15.7,0,16.06,297,0,4
11/6/24 23:00,1,6.2,470,81.3,15.6,0,16.06,301,0,4
11/7/24 0:00,1,6.1,473,80.7,15.8,0,15,279,0,4
11/7/24 1:00,1,6.1,474,80.6,15.8,0,15,285,0,4
11/7/24 2:00,0.9,6.1,475,80.8,15.8,0,15,269,0,4
11/7/24 3:00,0.9,6.1,475,80.5,15.9,0,14.92,274,0,4
11/7/24 4:00,0.9,6.1,474,80.9,15.8,0,14.92,279,0,4
11/7/24 5:00,0.9,6.1,469,79.1,15.8,0,14.74,276,0,4
11/7/24 6:00,0.9,6.1,470,78.9,15.8,0,14.02,279,0,4
11/7/24 7:00,0.9,6.1,472,78.7,15.8,0,14.02,274,0,4
11/7/24 8:00,0.9,6.1,472,80.8,15.8,0,14.02,285,0,4
11/7/24 9:00,1,6,473,82.1,15.8,0,14.02,274,0,4
11/7/24 10:00,0.9,6.1,472,81.9,15.8,0,14.02,34,0,4
11/7/24 11:00,1.1,6,473,81.7,15.8,0,14.02,35,0,4
11/7/24 12:00,1,6,474,82,15.8,0,14.02,33,0,4
11/7/24 13:00,1.1,5.9,474,82.2,15.8,0,14.02,31,0,4
11/7/24 14:00,1.1,6,475,83.1,15.8,0,14.02,30,0,4
11/7/24 15:00,1,6,475,82.9,15.8,0,14.02,35,0,4
11/7/24 16:00,1,6.1,477,80,15.8,0,14.68,36,0,4
11/7/24 17:00,1,6.2,478,79.8,15.8,0,14.68,28,0,4
11/7/24 18:00,1,6.2,479,79.5,15.8,0,14.68,38,0,4
11/7/24 19:00,1,6.2,480,80.7,15.8,0,14.68,26,0,4
11/7/24 20:00,1,6.2,481,81,15.8,0,15.02,26,0,4
11/7/24 21:00,1,6.2,484,85.7,15.7,0,14.26,36,0,4
11/7/24 22:00,1,6.2,484,85.7,15.7,0,14.26,36,0,4
11/7/24 23:00,1,6.2,483,85.1,15.7,0,14.26,28,0,4
11/8/24 0:00,1,6.1,482,83,15.7,0,14.8,30,0,4
11/8/24 1:00,1,6.1,482,83.2,15.7,0,14.8,30,0,4
11/8/24 2:00,0.9,6.1,482,82.6,15.7,0,14.8,32,0,4
11/8/24 3:00,0.9,6.1,484,82.2,15.7,0,15.18,33,0,4
11/8/24 4:00,0.9,6.1,484,82.1,15.7,0,14.96,37,0,4
11/8/24 5:00,0.9,6.1,484,82.1,15.7,0,14.96,35,0,4
11/8/24 6:00,0.9,6.1,485,81.9,15.7,0,14.96,28,0,4
11/8/24 7:00,0.9,6.1,484,82.2,15.7,0,14.96,29,0,4
11/8/24 8:00,0.9,6.1,484,83,15.7,0,14.96,39,0,4
11/8/24 9:00,1,6,491,84.2,15.5,9,13.72,32,0,4
11/8/24 10:00,0.9,6.1,490,84.3,15.5,10,13.72,37,0,4
11/8/24 11:00,1.1,6,489,84.2,15.5,10,13.72,29,0,4
11/8/24 12:00,1,6,489,84.1,15.5,11,13.72,31,0,4
11/8/24 13:00,1.1,5.9,489,84.2,15.5,12,13.72,30,0,4
11/8/24 14:00,1.1,6,487,85.5,15.7,29,14.1,298,0,4
11/8/24 15:00,1,6,487,86.1,15.7,29,14.1,304,0,4
11/8/24 16:00,1,6.1,487,86.7,15.7,26,14.38,305,0,4
11/8/24 17:00,1,6.2,486,86.4,15.7,18,14.38,301,0,4
11/8/24 18:00,1,6.2,486,86.3,15.7,18,14.38,302,0,4
11/8/24 19:00,1,6.2,448,71.9,19,164,16.56,299,1,4
11/8/24 20:00,1,6.2,447,71.9,19,167,16.56,311,0.5,4
11/8/24 21:00,1,6.2,448,70.5,19,163,16.56,306,0.5,4
11/8/24 22:00,1,6.2,449,70.4,19.1,165,16.56,312,1,4
11/8/24 23:00,1,6.2,449,70.7,19.1,165,16.56,308,1,4
11/9/24 0:00,1,6.1,450,70.4,19.1,167,16.56,305,1.5,4
11/9/24 1:00,1,6.1,432,61.2,23.6,340,19.7,1,1,4
11/9/24 2:00,0.9,6.1,434,60.8,23.7,337,19.7,1,2.1,4
11/9/24 3:00,0.9,6.1,434,60.6,23.7,337,19.7,19,1.5,4
11/9/24 4:00,0.9,6.1,434,61.2,23.7,336,19.28,16,1,4
11/9/24 5:00,0.9,6.1,434,61.8,23.7,335,19.28,17,0.5,4
11/9/24 6:00,0.9,6.1,433,61.7,23.7,333,19.28,28,0,4
11/9/24 7:00,0.9,6.1,427,54.4,26.3,466,20.26,11,2.1,4
11/9/24 8:00,0.9,6.1,428,54.7,26.3,464,20.26,351,1.5,4
11/9/24 9:00,1,6,428,55,26.2,464,20.58,0,2.1,4
11/9/24 10:00,0.9,6.1,429,54.9,26.3,464,20.58,349,1.5,4
11/9/24 11:00,1.1,6,429,54.3,26.3,464,20.58,336,1.5,4
11/9/24 12:00,1,6,429,54.7,26.3,464,20.58,360,1.5,4
11/9/24 13:00,1.1,5.9,427,49.1,27.6,530,20.72,43,1,4
11/9/24 14:00,1.1,6,427,49.2,27.6,527,20.72,82,1.5,4
11/9/24 15:00,1,6,428,50,27.6,525,20.72,79,1,4
11/9/24 16:00,1,6.1,428,50.6,27.6,525,20.72,86,0.5,4
11/9/24 17:00,1,6.2,427,50.7,27.6,525,20.52,89,0.5,4
11/9/24 18:00,1,6.2,427,49.4,28.6,504,22.6,2,3.1,4
11/11/24 7:00,1,6.2,427,49.2,28.7,509,22.6,37,3.6,4
11/11/24 8:00,1,6.2,426,48.3,28.7,508,22.4,54,3.1,4
11/11/24 9:00,1,6.2,426,47.8,28.7,502,22.4,38,2.6,4
11/11/24 10:00,1,6.2,425,47.9,28.7,506,22.4,36,1.5,4
11/11/24 11:00,1,6.2,424,47.8,28.8,506,22.4,34,1,4
11/11/24 12:00,1,6.1,426,48.6,28.2,388,23.46,13,0.5,4
11/11/24 13:00,1,6.1,426,48.2,28.2,384,23.46,13,0.5,4
11/11/24 14:00,0.9,6.1,426,48.1,28.3,384,23.46,24,2.1,4
11/11/24 15:00,0.9,6.1,426,49.2,28.3,384,23.46,24,1,4
11/11/24 16:00,0.9,6.1,427,49.1,28.3,386,23.46,27,1,4
11/11/24 17:00,0.9,6.1,427,49.1,28.2,381,23.5,26,1,4
11/11/24 18:00,0.9,6.1,429,53.3,27.6,268,24.02,27,1.5,4
11/11/24 19:00,0.9,6.1,427,53.3,27.7,265,24.02,11,2.1,4
11/11/24 20:00,0.9,6.1,427,53.2,27.6,265,24.12,360,1.5,4
11/11/24 21:00,1,6,426,53.4,27.6,265,24.12,360,0.5,4
11/11/24 22:00,0.9,6.1,427,53.4,27.6,268,24.12,359,0.5,4
11/11/24 23:00,1.1,6,428,57.3,25.7,82,23.7,24,1.5,4
11/12/24 0:00,1,6,428,56.9,25.7,82,23.7,20,1,4
11/12/24 1:00,1.1,5.9,428,57.1,25.6,82,23.7,19,0.5,4
11/12/24 2:00,1.1,6,428,57.2,25.6,79,23.7,66,2.1,4
11/12/24 3:00,1,6,429,56.2,25.6,78,23.7,58,1.5,4
11/12/24 4:00,1,6.1,429,56,25.7,79,23.86,56,1,4
11/12/24 5:00,1,6.2,427,58.4,23.4,3,22.56,360,1,4
11/12/24 6:00,1,6.2,427,58,23.5,3,22.56,360,1,4
11/12/24 7:00,1,6.2,427,58,23.4,3,22.56,360,1,4
11/12/24 8:00,1,6.2,427,58.1,23.4,4,22.42,360,0.5,4
11/12/24 9:00,1,6.2,428,58.7,23.4,4,22.42,360,0,4
11/12/24 10:00,1,6.2,428,58.4,23.5,4,22.42,360,0.5,4
11/12/24 11:00,1,6.2,433,64.8,21.2,0,21.84,46,0,4
11/12/24 12:00,1,6.1,432,64.7,21.2,0,21.84,44,0,4
11/12/24 13:00,1,6.1,431,63.2,21.2,0,21.84,45,0,4
11/12/24 14:00,0.9,6.1,430,63.2,21.2,0,21.84,48,0,4
11/12/24 15:00,0.9,6.1,430,62.7,21.2,0,21.84,43,0,4
11/12/24 16:00,0.9,6.1,429,62.7,21.2,0,21.84,45,0,4
11/12/24 17:00,0.9,6.1,458,70.5,19.1,0,18.6,48,0,4
11/12/24 18:00,0.9,6.1,456,70.3,19,0,18.6,46,0,4
11/12/24 19:00,0.9,6.1,455,70.4,19.1,0,18.56,49,0,4
11/12/24 20:00,0.9,6.1,454,71.5,19,0,18.56,46,0,4
11/12/24 21:00,1,6,455,71.6,19,0,18.56,44,0,4
11/12/24 22:00,0.9,6.1,451,75.2,18,0,17.6,45,0,4
11/12/24 23:00,1.1,6,452,75.6,18,0,17.56,46,0,4
11/13/24 0:00,1,6,453,75.2,18,0,17.56,47,0,4
11/13/24 1:00,1.1,5.9,452,75.5,18,0,17.56,47,0,4
11/13/24 2:00,1.1,6,453,75.6,18,0,17.56,46,0,4
11/13/24 3:00,1,6,456,77.9,17.8,0,17.46,37,1,4
11/13/24 4:00,1,6.1,455,76.9,17.8,0,17.46,32,1,4
11/13/24 5:00,1,6.2,455,77.7,17.7,0,17.46,37,1,4
11/13/24 6:00,1,6.2,455,77.9,17.8,0,17.46,33,1.5,4
11/13/24 7:00,1,6.2,455,78.3,17.7,0,17.4,32,1,4
11/13/24 8:00,1,6.2,454,77.7,17.7,0,17.4,35,1,4
11/13/24 9:00,1,6.2,462,76.5,17.1,0,16.6,38,0,4
11/13/24 10:00,1,6.2,462,79.4,17.1,0,16.6,36,0,4
11/13/24 11:00,1,6.1,463,79.2,17.1,0,17.1,37,0,4
11/13/24 12:00,1,6.1,464,78.6,17.1,0,17.1,36,0,4
11/13/24 13:00,0.9,6.1,464,80,17.2,0,17.1,34,0,4
11/13/24 14:00,0.9,6.1,464,80.5,17.1,0,17.1,31,0,4
11/13/24 15:00,0.9,6.1,448,84.4,16.4,0,15.5,36,0,4
11/13/24 16:00,0.9,6.1,448,84.2,16.4,0,15.5,32,0,4
11/13/24 17:00,0.9,6.1,448,84.3,16.4,0,15.5,34,0,4
11/13/24 18:00,0.9,6.1,449,84.6,16.4,0,15.5,38,0,4
11/13/24 19:00,0.9,6.1,449,83.9,16.4,0,15.5,35,0,4
11/13/24 20:00,1,6,461,82.3,16,0,15.56,31,0,4
11/13/24 21:00,0.9,6.1,459,83,15.9,0,15.56,37,0,4
11/13/24 22:00,1.1,6,459,83.1,15.9,0,15.56,36,0,4
11/13/24 23:00,1,6,458,83.2,15.9,0,15.56,34,0,4
11/14/24 0:00,1.1,5.9,460,83.2,16,0,15.68,35,0,4
11/14/24 1:00,1.1,6,469,83.6,15.3,0,14.76,34,0,4
11/14/24 2:00,1,6,469,84.3,15.3,0,14.76,35,0,4
11/14/24 3:00,1,6.1,469,84.7,15.2,0,14.92,38,0,4
11/14/24 4:00,1,6.2,469,84.5,15.3,0,14.92,34,0,4
11/14/24 5:00,1,6.2,471,84.8,15.3,0,14.92,36,0,4
11/14/24 6:00,1,6.2,472,85.1,15.3,0,14.92,36,0,4
11/14/24 7:00,1,6.2,463,86.2,14.8,0,14.62,38,0,4
11/14/24 8:00,1,6.2,462,86,14.8,0,14.78,38,0,4
11/14/24 9:00,1,6.2,461,85.9,14.8,0,14.78,37,0,4
11/14/24 10:00,1,6.1,462,85.7,14.8,0,14.78,36,0,4
11/14/24 11:00,1,6.1,461,85.7,14.8,0,14.78,32,0,4
11/14/24 12:00,1,6.1,460,87.7,14.8,0,14.78,34,0,4
11/14/24 13:00,0.9,6.1,444,85.1,14.5,0,14.46,37,0,4
11/14/24 14:00,0.9,6.1,443,85.3,14.5,0,14.46,38,0,4
11/14/24 15:00,0.9,6.1,443,85.3,14.5,0,14.46,34,0,4
11/14/24 16:00,0.9,6.1,442,84.6,14.4,0,14.46,36,0,4
11/14/24 17:00,0.9,6.1,441,84.2,14.4,0,14.46,34,0,4
11/14/24 18:00,0.9,6.1,439,83.7,14.5,0,14.46,33,0,4
11/14/24 19:00,0.9,6.1,451,85.3,14.1,0,14.22,32,0,4
11/14/24 20:00,1,6,450,85.1,14.2,0,14.22,38,0,4
11/14/24 21:00,0.9,6.1,453,85.6,14.2,0,14.22,33,0,4
11/14/24 22:00,1.1,6,453,89,14.2,0,14.22,34,0,4
11/14/24 23:00,1,6,452,89.3,14.2,0,14.14,35,0,4
11/15/24 0:00,1.1,5.9,451,89.4,14.1,0,14.14,37,0,4
11/15/24 1:00,1.1,6,456,88.5,13.6,0,13.56,34,0,4
11/15/24 2:00,1,6,456,88.4,13.6,0,13.54,32,0,4
11/15/24 3:00,1,6.1,456,88.6,13.6,0,13.54,35,0,4
11/15/24 4:00,1,6.2,456,88.8,13.6,0,13.54,35,0,4
11/15/24 5:00,1,6.2,456,89.5,13.6,0,13.54,36,0,4
11/15/24 6:00,1,6.2,442,91.5,13.4,0,13.5,220,0.5,4
11/15/24 7:00,1,6.2,442,91.5,13.4,0,13.5,222,0.5,4
11/15/24 8:00,1,6.2,443,91.2,13.4,0,13.5,216,1,4
11/15/24 9:00,1,6.2,442,91.5,13.4,0,13.5,216,0.5,4
11/15/24 10:00,1,6.1,442,89.9,13.4,0,13.5,221,0,4
11/15/24 11:00,1,6.1,441,88.7,13.4,0,13.6,216,0,4
11/15/24 12:00,0.9,6.1,439,92.4,13.4,0,13.56,201,1.5,4
11/15/24 13:00,0.9,6.1,440,92,13.4,0,13.56,196,1.5,4
11/15/24 14:00,0.9,6.1,441,92.6,13.4,3,13.56,197,1,4
11/15/24 15:00,0.9,6.1,442,92,13.4,3,13.54,193,0.5,4
11/15/24 16:00,0.9,6.1,442,92.5,13.3,3,13.54,199,0.5,4
11/15/24 17:00,0.9,6.1,443,91.5,13.4,3,13.54,198,0,4
11/15/24 18:00,0.9,6.1,436,88.5,14.5,20,13.84,212,1,4
11/15/24 19:00,1,6,435,88.8,14.5,19,14.28,212,1.5,4
11/15/24 20:00,0.9,6.1,434,88.9,14.5,17,14.28,212,1.5,4
11/15/24 21:00,1.1,6,435,89.4,14.5,20,14.28,208,1.5,4
11/15/24 22:00,1,6,435,88.5,14.5,20,14.28,212,1,4
11/15/24 23:00,1.1,5.9,435,88.6,14.5,22,14.28,212,0.5,4
11/16/24 0:00,1.1,6,417,76.1,18.5,162,16.84,169,1.5,4
11/16/24 1:00,1,6,417,76.2,18.5,162,16.84,169,1,4
11/16/24 2:00,1,6.1,417,75.8,18.5,164,16.84,170,1.5,4
11/16/24 3:00,1,6.2,417,74.4,18.5,168,16.84,171,1.5,4
11/16/24 4:00,1,6.2,416,73.7,18.6,169,17,181,1.5,4
11/16/24 5:00,1,6.2,418,73.5,18.6,169,17,183,2.1,4
11/16/24 6:00,1,6.2,421,67.4,20.8,340,17.36,183,1.5,4
11/16/24 7:00,1,6.2,420,66.6,20.9,338,17.36,129,1.5,4
11/16/24 8:00,1,6.2,421,67,20.8,338,17.18,104,3.6,4
11/16/24 9:00,1,6.1,421,66.5,20.9,334,17.18,151,1.5,4
11/16/24 10:00,1,6.1,421,66.7,20.9,334,17.18,139,1,4
11/16/24 11:00,0.9,6.1,421,66.1,20.9,334,17.18,151,1.5,4
11/16/24 12:00,0.9,6.1,431,59.4,24.5,461,18.94,38,3.1,4
11/16/24 13:00,0.9,6.1,432,59.2,24.5,462,18.94,46,2.6,4
11/16/24 14:00,0.9,6.1,430,59.8,24.5,465,18.94,74,3.6,4
11/16/24 15:00,0.9,6.1,430,59.3,24.5,465,18.94,107,3.1,4
11/16/24 16:00,0.9,6.1,430,59.5,24.5,463,18.94,64,4.2,4
11/16/24 17:00,0.9,6.1,431,60,24.5,465,19.18,82,4.7,4
11/16/24 18:00,1,6,431,53.3,25.6,531,20.94,82,2.1,4
11/16/24 19:00,0.9,6.1,431,52.7,25.6,531,20.94,119,3.1,4
11/16/24 20:00,1.1,6,429,52.6,25.6,531,21.16,124,3.1,4
11/16/24 21:00,1,6,428,54.4,25.6,532,21.16,114,1,4
11/16/24 22:00,1.1,5.9,428,54.4,25.6,534,21.16,124,3.1,4
11/16/24 23:00,1.1,6,428,54.2,25.6,535,21.16,108,1.5,4
11/17/24 0:00,1,6,427,54.7,27.1,499,21.32,9,0.5,4
11/17/24 1:00,1,6.1,427,54.4,27.1,498,21.32,9,1,4
11/17/24 2:00,1,6.2,428,54.2,27.1,497,21.32,10,1,4
11/17/24 3:00,1,6.2,428,53.9,27.1,494,21.32,9,0.5,4
11/17/24 4:00,1,6.2,428,54.3,27.1,494,21.32,9,0.5,4
11/17/24 5:00,1,6.2,425,53,27.6,371,23.34,103,0.5,4
11/17/24 6:00,1,6.2,425,53.1,27.5,370,23.34,103,0.5,4
11/17/24 7:00,1,6.2,424,53,27.5,373,23.24,104,0.5,4
11/17/24 8:00,1,6.2,425,53.3,27.5,376,23.24,106,1,4
11/17/24 9:00,1,6.1,423,53.3,27.5,372,23.24,175,1.5,4
11/17/24 10:00,1,6.1,423,53,27.5,368,23.24,183,2.1,4
11/17/24 11:00,0.9,6.1,428,56.9,26.2,123,22.14,0,1.5,4
11/17/24 12:00,0.9,6.1,427,56.9,26.2,124,22.14,0,1.5,4
11/17/24 13:00,0.9,6.1,427,56.6,26.2,127,22.14,0,2.1,4
11/17/24 14:00,0.9,6.1,427,56.7,26.2,127,22.14,270,1,4
11/17/24 15:00,0.9,6.1,428,56.8,26.1,128,22.14,360,1.5,4
11/17/24 16:00,0.9,6.1,427,56.4,26.1,129,22.14,360,1.5,4
11/17/24 17:00,0.9,6.1,424,60.2,24.6,28,21.72,239,2.6,4
11/17/24 18:00,1,6,425,60.2,24.5,28,21.72,213,1.5,4
11/17/24 19:00,0.9,6.1,424,60.5,24.5,26,21.72,215,1.5,4
11/17/24 20:00,1.1,6,425,60.4,24.5,27,21.32,214,2.1,4
11/17/24 21:00,1,6,425,59.5,24.5,27,21.32,181,2.6,4
11/17/24 22:00,1.1,5.9,426,60.2,24.5,25,21.32,181,2.6,4
11/17/24 23:00,1.1,6,417,65.5,22.2,7,21,197,2.6,4
11/18/24 0:00,1,6,417,65.1,22.2,7,20.94,194,2.1,4
11/18/24 1:00,1,6.1,418,65.6,22.1,7,20.94,192,2.1,4
11/18/24 2:00,1,6.2,419,66.4,22.1,6,20.94,191,1.5,4
11/18/24 3:00,1,6.2,420,66.1,22.2,9,20.94,184,1.5,4
11/18/24 4:00,1,6.2,420,65.5,22.2,9,20.94,187,1,4
11/18/24 5:00,1,6.2,421,72.3,20.1,0,19.8,301,0,4
11/18/24 6:00,1,6.2,420,72.4,20.1,0,19.8,302,0,4
11/18/24 7:00,1,6.2,419,72.1,20.1,0,19.8,302,0.5,4
11/18/24 8:00,1,6.2,419,72.2,20.1,0,19.8,304,0.5,4
11/18/24 9:00,1,6.1,419,73.5,20.1,0,19.7,303,0.5,4
11/18/24 10:00,1,6.1,419,73.9,20.1,0,19.7,301,1,4
11/18/24 11:00,0.9,6.1,421,76.6,18.8,0,19.26,194,0,4
11/18/24 12:00,0.9,6.1,422,77.1,18.8,0,19.36,190,0,4
11/18/24 13:00,0.9,6.1,421,77.3,18.8,0,19.36,192,0,4
11/18/24 14:00,0.9,6.1,421,77.7,18.7,0,19.36,191,0,4
11/18/24 15:00,0.9,6.1,419,77.4,18.7,0,19.36,193,0,4
11/18/24 16:00,0.9,6.1,426,78.7,17.8,0,17.74,51,1,4
11/18/24 17:00,0.9,6.1,425,79.3,17.8,0,17.74,51,0.5,4
11/18/24 18:00,1,6,425,79.2,17.8,0,17.74,51,0.5,4
11/18/24 19:00,0.9,6.1,426,78.8,17.8,0,17.74,48,0.5,4
11/18/24 20:00,1.1,6,426,79.3,17.8,0,17.74,54,0.5,4
11/18/24 21:00,1,6,428,78,17.8,0,17.38,51,0,4
11/18/24 22:00,1.1,5.9,443,82.7,16.8,0,16.58,51,0,4
11/18/24 23:00,1.1,6,444,82.7,16.8,0,16.58,52,0,4
11/19/24 0:00,1,6,444,81.6,16.8,0,16.58,52,0,4
11/19/24 1:00,1,6.1,444,81.6,16.8,0,16.58,49,0,4
11/19/24 2:00,1,6.2,443,81.3,16.8,0,16.3,51,0,4
11/19/24 3:00,1,6.2,442,81.3,16.8,0,16.3,47,0,4
11/19/24 4:00,1,6.2,437,82.1,16,0,15.08,25,0.5,4
11/19/24 5:00,1,6.2,435,82.3,16,0,15.08,25,0.5,4
11/19/24 6:00,1,6.2,436,82.1,16,0,15.12,27,0.5,4
11/19/24 7:00,1,6.2,437,81.6,16,0,15.12,25,0.5,4
11/19/24 8:00,1,6.2,436,82.2,16,0,15.12,29,0.5,4
11/19/24 9:00,1,6.1,435,83.5,16,0,15.12,25,0,4
11/19/24 10:00,1,6.1,443,82.2,15.5,0,15.02,29,0,4
11/19/24 11:00,0.9,6.1,442,82.2,15.4,0,15.02,25,0,4
11/19/24 12:00,0.9,6.1,443,82.3,15.4,0,15.02,27,0,4
11/19/24 13:00,0.9,6.1,444,82.2,15.5,0,15.02,25,0,4
11/19/24 14:00,0.9,6.1,444,82.9,15.4,0,15.02,27,0,4
11/19/24 15:00,0.9,6.1,444,83.3,15.4,0,15.02,27,0,4
11/19/24 16:00,0.9,6.1,453,83.9,15.4,0,15.26,24,0,4
11/19/24 17:00,0.9,6.1,453,85,15.3,0,15.26,29,0,4
11/19/24 18:00,1,6,451,84.9,15.3,0,15.26,26,0,4
11/19/24 19:00,0.9,6.1,451,84.6,15.3,0,15.26,30,0,4
11/19/24 20:00,1.1,6,450,84.8,15.3,0,15.04,26,0,4
11/19/24 21:00,1,6,452,85.3,15.4,0,15.14,26,0,4
11/19/24 22:00,1.1,5.9,451,85.5,15.4,0,15.14,26,0,4
11/19/24 23:00,1.1,6,450,85.3,15.4,0,15.14,27,0,4
11/20/24 0:00,1,6,449,84.9,15.4,0,15.12,28,0,4
11/20/24 1:00,1,6.1,448,84.4,15.4,0,15.12,26,0,4
11/20/24 2:00,1,6.2,448,83,15.4,0,15.12,28,0,4
11/20/24 3:00,1,6.2,419,82.9,15.9,0,16.24,71,0,4
11/20/24 4:00,1,6.2,420,83.5,15.9,0,16.28,72,0.5,4
11/20/24 5:00,1,6.2,421,82.6,16,0,16.28,71,0.5,4
11/20/24 6:00,1,6.2,423,82.4,16,0,16.28,71,0.5,4
11/20/24 7:00,1,6.2,424,82.5,16,0,16.28,69,0,4
11/20/24 8:00,1,6.2,424,81.6,16,0,16.28,72,1,4
11/20/24 9:00,1,6.1,423,83.6,16.1,0,15.8,71,0,4
11/20/24 10:00,1,6.1,422,84.6,16.1,0,15.8,68,0,4
11/20/24 11:00,0.9,6.1,421,85.2,16.1,0,15.8,71,0,4
11/20/24 12:00,0.9,6.1,421,84.8,16,0,15.84,72,0,4
11/20/24 13:00,0.9,6.1,421,85,16,0,15.84,71,0,4
11/20/24 14:00,0.9,6.1,427,84.9,16.1,0,15.96,129,0,4
11/20/24 15:00,0.9,6.1,427,83.9,16.1,0,15.96,129,0,4
11/20/24 16:00,0.9,6.1,426,83.7,16.2,0,16.08,129,0,4
11/20/24 17:00,0.9,6.1,425,84.2,16.1,0,16.08,132,0,4
11/20/24 18:00,1,6,426,84.2,16.1,0,16.08,130,0,4
11/20/24 19:00,0.9,6.1,425,84,16.1,0,16.08,128,0,4
11/20/24 20:00,1.1,6,421,85.2,16.2,0,16.02,110,0,4
11/20/24 21:00,1,6,421,84.9,16.1,0,16.02,111,0,4
11/20/24 22:00,1.1,5.9,421,85,16.1,0,16.02,112,0,4
11/20/24 23:00,1.1,6,422,86.9,16.1,0,16.02,112,0,4
11/21/24 0:00,1,6,422,86.4,16.2,0,15.8,112,0,4
11/21/24 1:00,1,6.1,426,89,16.3,0,15.14,84,0,4
11/21/24 2:00,1,6.2,426,88.7,16.2,0,15.14,85,0,4
11/21/24 3:00,1,6.2,426,89.3,16.2,0,15.04,79,0,4
11/21/24 4:00,1,6.2,427,88,16.2,0,15.04,88,0,4
11/21/24 5:00,1,6.2,428,88.4,16.2,0,15.04,83,0,4
11/21/24 6:00,1,6.2,432,88.9,15.9,3,14.46,78,0,4
11/21/24 7:00,1,6.2,432,89.1,15.8,3,14.46,84,0,4
11/21/24 8:00,1,6.2,431,88.2,15.9,3,14.46,81,0,4
11/21/24 9:00,1,6.1,431,88.5,15.9,3,14.46,79,0,4
11/21/24 10:00,1,6.1,431,90,15.9,3,14.46,85,0,4
11/21/24 11:00,0.9,6.1,445,91.5,16.2,40,14.6,80,0,4
11/21/24 12:00,0.9,6.1,445,91.6,16.2,38,14.6,81,0,4
11/21/24 13:00,0.9,6.1,444,91.8,16.2,38,14.6,89,0,4
11/21/24 14:00,0.9,6.1,444,92.2,16.2,32,14.6,102,0,4
11/21/24 15:00,0.9,6.1,444,92.1,16.2,33,14.6,88,0,4
11/21/24 16:00,0.9,6.1,445,92.4,16.2,33,14.56,81,0,4
11/21/24 17:00,0.9,6.1,445,89.2,18,94,16.54,83,0,4
11/21/24 18:00,1,6,446,90,17.9,94,16.54,82,0,4
11/21/24 19:00,0.9,6.1,447,90.4,17.9,97,16.54,84,0,4
11/21/24 20:00,1.1,6,447,90.1,17.9,98,16.8,84,0,4
11/21/24 21:00,1,6,448,89.9,18,98,16.8,80,0,4
11/21/24 22:00,1.1,5.9,448,89,18,109,16.8,85,0,4
11/21/24 23:00,1.1,6,429,74.5,22.3,476,18.7,187,0,4
11/22/24 0:00,1,6,429,73.6,22.4,468,18.7,174,0,4
11/22/24 1:00,1,6.1,429,73.4,22.4,459,18.7,175,0.5,4
11/22/24 2:00,1,6.2,429,73.4,22.4,443,18.7,310,2.1,4
11/22/24 3:00,1,6.2,430,74.1,22.4,427,18.7,310,1.5,4
11/22/24 4:00,1,6.2,431,74.8,22.4,427,18.7,313,2.1,4
11/22/24 5:00,1,6.2,433,77.6,21.1,159,18.68,208,1,4
11/22/24 6:00,1,6.2,433,77.5,21.1,153,18.68,203,0.5,4
11/22/24 7:00,1,6.2,434,76.4,21.1,155,18.68,201,0.5,4
11/22/24 8:00,1,6.2,434,76.2,21.1,147,18.68,206,0.5,4
11/22/24 9:00,1,6.1,435,76.4,21.1,147,18.68,197,0.5,4
11/22/24 10:00,1,6.1,434,74,21.1,149,19.14,191,2.6,4
11/22/24 11:00,0.9,6.1,430,66.3,21.9,189,19.2,149,1.5,4
11/22/24 12:00,0.9,6.1,430,66.3,21.9,194,19.2,250,1.5,4
11/22/24 13:00,0.9,6.1,429,66.4,22,198,19.2,282,2.1,4
11/22/24 14:00,0.9,6.1,429,66.7,22,198,18.84,346,1.5,4
11/22/24 15:00,0.9,6.1,428,67.5,21.9,203,18.84,281,2.6,4
11/22/24 16:00,0.9,6.1,428,68.3,21.9,203,18.84,256,3.1,4
11/22/24 17:00,0.9,6.1,432,56.6,22.7,547,19.28,360,4.2,4
11/22/24 18:00,1,6,433,56.4,22.7,550,19.28,334,2.1,4
11/22/24 19:00,0.9,6.1,433,56.2,22.7,547,19.28,98,1.5,4
11/22/24 20:00,1.1,6,434,56.2,22.7,542,19.28,85,1.5,4
11/22/24 21:00,1,6,433,55.9,22.7,542,19.28,0,0.5,4
11/22/24 22:00,1.1,5.9,434,57,22.7,539,19.28,331,3.1,4
11/22/24 23:00,1.1,6,420,46.1,23.3,394,20.06,63,0.5,4
11/23/24 0:00,1,6,420,47.4,23.3,396,20.06,50,1,4
11/23/24 1:00,1,6.1,419,47.2,23.3,396,20.06,317,2.1,4
11/23/24 2:00,1,6.2,418,47.1,23.3,394,20.06,191,1,4
11/23/24 3:00,1,6.2,419,47.2,23.3,391,19.88,152,4.2,4
11/23/24 4:00,1,6.2,419,47.4,22.8,237,18.88,307,1.5,4
11/23/24 5:00,1,6.2,419,47.4,22.8,236,18.88,303,0.5,4
11/23/24 6:00,1,6.2,418,46.6,22.8,235,18.88,305,0.5,4
11/23/24 7:00,1,6.2,418,46.5,22.8,233,18.6,306,0,4
11/23/24 8:00,1,6.2,419,47.5,22.8,233,18.6,304,1,4
11/23/24 9:00,1,6.1,419,47.9,22.8,228,18.6,309,0.5,4
11/23/24 10:00,1,6.1,411,51,21.6,74,18.2,352,1,4
11/23/24 11:00,0.9,6.1,410,50.6,21.6,73,18.2,352,0.5,4
11/23/24 12:00,0.9,6.1,410,50.1,21.6,75,18.2,344,1,4
11/23/24 13:00,0.9,6.1,413,50.8,21.6,80,18.2,318,4.7,4
11/23/24 14:00,0.9,6.1,413,51,21.5,80,18.2,297,4.2,4
11/23/24 15:00,0.9,6.1,415,50.1,21.5,76,18,300,3.6,4
11/23/24 16:00,0.9,6.1,416,60.8,18,2,15.24,356,2.1,4
11/23/24 17:00,0.9,6.1,416,61.8,18,2,15.24,324,1,4
11/23/24 18:00,1,6,418,62,17.9,0,15.24,339,2.1,4
11/23/24 19:00,0.9,6.1,418,61.7,17.9,0,15.24,266,1.5,4
11/23/24 20:00,1.1,6,419,60,17.9,0,15.38,288,1,4
11/23/24 21:00,1,6,418,60.1,17.9,8,15.38,305,2.1,4
11/23/24 22:00,1.1,5.9,425,67,16.2,0,13.78,295,2.6,4
11/23/24 23:00,1.1,6,424,67.4,16.2,0,13.78,313,2.1,4
11/24/24 0:00,1,6,424,67.3,16.1,0,13.94,327,3.1,4
11/24/24 1:00,1,6.1,424,67.2,16.2,0,13.94,345,2.1,4
11/24/24 2:00,1,6.2,424,67.8,16.1,0,13.94,286,2.1,4
11/24/24 3:00,1,6.2,423,69.1,16.1,0,13.94,310,2.1,4
11/24/24 4:00,1,6.2,432,68.3,15.4,0,13.5,186,0,4
11/24/24 5:00,1,6.2,432,68.3,15.4,0,13.5,192,0,4
11/24/24 6:00,1,6.2,433,68,15.4,0,13.5,187,1.5,4
11/24/24 7:00,1,6.2,433,68.7,15.4,0,13.5,215,2.6,4
11/24/24 8:00,1,6.2,432,68.3,15.4,0,13.5,210,1.5,4
11/24/24 9:00,1,6.1,432,68.4,15.4,0,13.5,318,2.1,4
11/24/24 10:00,1,6.1,418,63.8,14.4,0,12.82,307,1.5,4
11/24/24 11:00,0.9,6.1,419,64,14.5,0,12.82,306,1,4
11/24/24 12:00,0.9,6.1,419,64,14.5,0,12.82,299,1,4
11/24/24 13:00,0.9,6.1,420,64,14.5,0,12.82,298,1.5,4
11/24/24 14:00,0.9,6.1,420,63.4,14.5,0,12.4,304,1,4
11/24/24 15:00,0.9,6.1,421,63.1,14.5,0,12.4,217,1.5,4
11/24/24 16:00,0.9,6.1,419,60.3,13.8,0,12.62,288,1,4
11/24/24 17:00,0.9,6.1,420,60.7,13.7,0,12.24,292,1,4
11/24/24 18:00,1,6,418,59.7,13.7,0,12.24,291,1,4
11/24/24 19:00,0.9,6.1,418,59.6,13.7,0,12.24,297,1,4
11/24/24 20:00,1.1,6,418,59.6,13.7,0,12.24,330,3.1,4
11/24/24 21:00,1,6,418,64.7,13.3,0,10.88,289,0,4
11/24/24 22:00,1.1,5.9,417,64.9,13.3,0,10.88,287,0,4
11/24/24 23:00,1.1,6,416,64.7,13.3,0,10.88,290,0,4
11/25/24 0:00,1,6,417,61.7,13.3,0,10.88,288,0,4
11/25/24 1:00,1,6.1,418,62.2,13.4,0,10.88,281,0,4
11/25/24 2:00,1,6.2,418,62.4,13.3,0,10.88,283,0,4
11/25/24 3:00,1,6.2,423,63.9,13.2,0,10.64,187,1,4
11/25/24 4:00,1,6.2,423,63.7,13.2,0,10.64,285,2.1,4
11/25/24 5:00,1,6.2,422,64.6,13.2,0,10.64,278,1.5,4
11/25/24 6:00,1,6.2,421,63.5,13.3,0,10.5,268,1,4
11/25/24 7:00,1,6.2,419,62.7,13.3,0,10.5,273,1,4
11/25/24 8:00,1,6.2,420,62,13.3,0,10.5,284,0.5,4
11/25/24 9:00,1,6.1,426,62.1,14,0,10.06,300,0.5,4
11/25/24 10:00,1,6.1,426,62,14,0,10.22,295,0,4
11/25/24 11:00,0.9,6.1,425,62.1,14,0,10.22,298,0,4
11/25/24 12:00,0.9,6.1,425,62.7,14,0,10.22,297,0,4
11/25/24 13:00,0.9,6.1,425,63.7,14,0,10.22,294,0,4
11/25/24 14:00,0.9,6.1,424,62.7,14,0,10.22,296,0.5,4
11/25/24 15:00,0.9,6.1,424,57.8,15.6,0,10.54,248,0,4
11/25/24 16:00,0.9,6.1,426,58.1,15.5,0,10.54,244,0,4
11/25/24 17:00,0.9,6.1,425,58.4,15.6,0,10.54,246,0,4
11/25/24 18:00,1,6,425,57.6,15.6,0,10.54,246,0,4
11/25/24 19:00,0.9,6.1,425,57.4,15.6,0,10.54,242,0,4
11/25/24 20:00,1.1,6,427,60,15.9,0,9.2,62,0.5,4
11/25/24 21:00,1,6,428,59.6,15.9,0,9.2,63,0,4
11/25/24 22:00,1.1,5.9,429,59.6,15.9,0,9.1,66,0,4
11/25/24 23:00,1.1,6,428,59.3,15.9,0,9.1,63,0,4
11/26/24 0:00,1,6,428,59.2,15.8,0,9.1,63,0,4
11/26/24 1:00,1,6.1,435,62.8,15.6,0,7.74,50,0.5,4
11/26/24 2:00,1,6.2,434,63,15.6,0,7.74,50,1,4
11/26/24 3:00,1,6.2,434,63.1,15.6,0,7.74,48,1,4
11/26/24 4:00,1,6.2,434,63.7,15.6,0,7.74,51,1,4
11/26/24 5:00,1,6.2,434,63.5,15.5,0,7.74,51,1,4
11/26/24 6:00,1,6.2,435,61.6,15.6,0,7.82,72,0,4
11/26/24 7:00,1,6.2,435,62.4,15.6,0,7.82,72,0,4
11/26/24 8:00,1,6.1,434,62.4,15.6,0,7.82,69,0,4
11/26/24 9:00,1,6.1,433,62.5,15.6,0,7.82,72,0,4
11/26/24 10:00,0.9,6.1,434,62.4,15.6,0,7.68,72,0,4
11/26/24 11:00,0.9,6.1,435,62.8,15.6,0,7.68,69,0,4
11/26/24 12:00,0.9,6.1,438,64.1,15.4,0,7,66,0,4
11/26/24 13:00,0.9,6.1,438,64.4,15.4,0,7,73,0,4
11/26/24 14:00,0.9,6.1,437,64.7,15.4,0,6.58,73,0,4
11/26/24 15:00,0.9,6.1,437,65.6,15.4,0,6.58,69,0,4
11/26/24 16:00,0.9,6.1,435,65.7,15.4,0,6.58,68,0.5,4
11/26/24 17:00,1,6,435,64.4,15.4,0,6.58,69,0.5,4
11/26/24 18:00,0.9,6.1,440,64.3,15,0,6.72,70,0.5,4
11/26/24 19:00,1.1,6,440,64,15.1,0,6.6,67,0.5,4
11/26/24 20:00,1,6,439,64.5,15,0,6.6,67,0,4
11/26/24 21:00,1.1,5.9,438,64.7,15,0,6.6,69,0.5,4
11/26/24 22:00,1.1,6,438,64.8,15,0,6.6,67,0.5,4
11/26/24 23:00,1,6,437,65.3,15,0,6.6,72,0.5,4
11/27/24 0:00,1,6.1,449,63.1,15.2,4,7.1,72,0,4
11/27/24 1:00,1,6.2,449,62.2,15.2,4,7.1,73,0,4
11/27/24 2:00,1,6.2,448,61.9,15.2,4,7.1,76,0,4
11/27/24 3:00,1,6.2,447,61.8,15.2,4,6.82,71,0,4
11/27/24 4:00,1,6.2,446,61.8,15.2,4,6.82,72,0.5,4
11/27/24 5:00,1,6.2,448,63.7,15.7,55,8.58,74,0,4
11/27/24 6:00,1,6.2,448,63,15.7,52,8.56,67,0,4
11/27/24 7:00,1,6.1,447,62.4,15.7,52,8.56,73,0,4
11/27/24 8:00,1,6.1,446,62.5,15.7,49,8.56,72,0,4
11/27/24 9:00,0.9,6.1,445,62.5,15.7,46,8.56,68,0.5,4
11/27/24 10:00,0.9,6.1,445,62.5,15.7,45,8.56,69,1,4
11/27/24 11:00,0.9,6.1,442,60.4,17.6,77,9.1,75,0,4
11/27/24 12:00,0.9,6.1,442,60.4,17.6,71,9.1,72,0,4
11/27/24 13:00,0.9,6.1,442,60.5,17.6,78,9.1,70,0,4
11/27/24 14:00,0.9,6.1,442,62.1,17.6,75,9.1,73,0,4
11/27/24 15:00,0.9,6.1,441,62.4,17.6,77,9.1,71,0,4
11/27/24 16:00,1,6,442,64.5,17.6,78,9.58,72,0,4
11/27/24 17:00,0.9,6.1,438,54.1,21,334,11.52,311,0,4
11/27/24 18:00,1.1,6,439,54.5,21,335,11.52,278,0,4
11/27/24 19:00,1,6,440,54.7,21,337,11.82,200,0,4
11/27/24 20:00,1.1,5.9,440,54.7,21,335,11.82,297,0,4
11/27/24 21:00,1.1,6,440,55.1,20.9,329,11.82,215,0,4
11/27/24 22:00,1,6,436,49.2,20.4,445,12.5,194,1.5,4
11/27/24 23:00,1,6.1,437,48.7,20.4,449,12.72,202,1.5,4
11/28/24 0:00,1,6.2,435,47.8,20.4,452,12.72,199,1.5,4
11/28/24 1:00,1,6.2,434,49.1,20.4,454,12.72,198,2.1,4
11/28/24 2:00,1,6.2,433,48.8,20.5,454,12.72,207,1.5,4
11/28/24 3:00,1,6.2,432,49,20.5,454,12.72,242,1.5,4
11/28/24 4:00,1,6.2,583,47.7,22.5,503,13.24,277,2.6,4
11/28/24 5:00,1,6.2,577,48.3,22.5,505,13.24,344,2.1,4
11/28/24 6:00,1,6.1,575,46.9,22.5,505,13.24,345,1,4
11/28/24 7:00,1,6.1,571,46.9,22.5,506,13.24,338,1,4
11/28/24 8:00,0.9,6.1,568,47.7,22.5,507,13.12,187,1.5,4
11/28/24 9:00,0.9,6.1,565,47.4,22.6,511,13.12,196,1.5,4
11/28/24 10:00,0.9,6.1,430,48.5,23.2,478,14.18,298,3.1,4
11/28/24 11:00,0.9,6.1,429,48.1,23.2,480,14.18,294,2.6,4
11/28/24 12:00,0.9,6.1,429,49.3,23.1,479,14.06,294,2.6,4
11/28/24 13:00,0.9,6.1,429,49.6,23.1,477,14.06,298,1.5,4
11/28/24 14:00,0.9,6.1,428,49.8,23.1,475,14.06,331,1.5,4
11/28/24 15:00,1,6,429,50,23.1,475,14.06,236,2.1,4
11/28/24 16:00,0.9,6.1,423,50.5,22,386,13.7,245,1,4
11/28/24 17:00,1.1,6,423,50.3,22.1,386,13.7,183,1.5,4
11/28/24 18:00,1,6,422,50.2,22.1,386,13.7,176,1.5,4
11/28/24 19:00,1.1,5.9,421,49.9,22.1,386,13.7,182,2.1,4
11/28/24 20:00,1.1,6,421,50,22.1,384,13.7,215,1.5,4
11/28/24 21:00,1,6,421,50,22.1,383,13.64,228,1.5,4
11/28/24 22:00,1,6.1,414,50.6,20.2,214,13.86,295,3.6,4
11/28/24 23:00,1,6.2,414,50.2,20.2,211,13.86,288,3.1,4
11/29/24 0:00,1,6.2,414,49.8,20.2,206,13.82,297,3.1,4
11/29/24 1:00,1,6.2,416,50.1,20.2,206,13.82,284,3.1,4
11/29/24 2:00,1,6.2,417,50.3,20.2,204,13.82,255,3.1,4
11/29/24 3:00,1,6.2,417,50.4,20.1,203,13.82,306,2.6,4
11/29/24 4:00,1,6.2,427,51.6,17.6,66,12.88,262,2.1,4
11/29/24 5:00,1,6.1,427,51.6,17.6,66,12.88,283,2.6,4
11/29/24 6:00,1,6.1,426,52.8,17.6,66,12.88,206,2.1,4
11/29/24 7:00,0.9,6.1,425,51.9,17.6,64,12.88,72,2.1,4
11/29/24 8:00,0.9,6.1,424,52.3,17.5,64,12.88,304,1,4
11/29/24 9:00,0.9,6.1,424,51.9,17.5,62,12.88,322,3.6,4
11/29/24 10:00,0.9,6.1,413,58.7,15.7,0,12.36,316,2.1,4
11/29/24 11:00,0.9,6.1,414,56.9,15.7,0,12.36,323,2.6,4
11/29/24 12:00,0.9,6.1,414,56.9,15.6,0,12.36,309,2.1,4
11/29/24 13:00,0.9,6.1,416,57,15.6,0,12.36,272,1,4
11/29/24 14:00,1,6,415,56.3,15.6,0,12.24,253,0.5,4
11/29/24 15:00,0.9,6.1,414,57.6,15.6,0,12.24,254,0.5,4
11/29/24 16:00,1.1,6,420,57.8,13.7,0,11.22,126,1,4
11/29/24 17:00,1,6,419,55.7,13.7,0,11.22,308,1.5,4
11/29/24 18:00,1.1,5.9,419,55.5,13.7,0,11.28,304,1,4
11/29/24 19:00,1.1,6,418,55.6,13.7,0,11.28,290,1,4
11/29/24 20:00,1,6,416,56,13.7,0,11.28,286,1,4
11/29/24 21:00,1,6.1,416,56.5,13.6,0,11.28,292,1.5,4
11/29/24 22:00,1,6.2,418,53.6,12.7,0,10.58,221,2.1,4
11/29/24 23:00,1,6.2,417,53.3,12.7,0,10.58,283,2.1,4
11/30/24 0:00,1,6.2,417,54.3,12.7,0,10.58,234,1,4
11/30/24 1:00,1,6.2,417,54.5,12.7,0,10.58,235,1,4
11/30/24 2:00,1,6.2,419,54.5,12.7,0,10.58,182,0.5,4
11/30/24 3:00,1,6.2,418,54.4,12.7,0,10.6,188,1.5,4
11/30/24 4:00,1,6.1,425,46.9,12.5,0,10.28,21,1,4
11/30/24 5:00,1,6.1,426,47.6,12.4,0,10.28,12,1,4
11/30/24 6:00,0.9,6.1,426,48.4,12.4,0,10.28,326,1.5,4
11/30/24 7:00,0.9,6.1,427,48.6,12.5,0,10.28,230,3.1,4
11/30/24 8:00,0.9,6.1,428,48.6,12.5,0,10.14,7,2.6,4
11/30/24 9:00,0.9,6.1,428,48.3,12.5,0,10.14,7,1,4
11/30/24 10:00,0.9,6.1,427,50.4,15,0,9.46,285,2.6,4
11/30/24 11:00,0.9,6.1,426,50.5,14.9,0,9.46,276,2.1,4
11/30/24 12:00,0.9,6.1,426,50.5,14.9,0,9.38,291,1.5,4
11/30/24 13:00,1,6,427,50.5,14.9,0,9.38,332,1.5,4
11/30/24 14:00,0.9,6.1,428,50.5,14.8,0,9.38,332,1,4
11/30/24 15:00,1.1,6,428,49.8,14.9,0,9.38,330,0.5,4
11/30/24 16:00,1,6,429,47.5,15.2,0,8.88,222,1.5,4
11/30/24 17:00,1.1,5.9,429,47.3,15.2,0,8.88,231,1.5,4
11/30/24 18:00,1.1,6,429,49.3,15.2,0,8.88,284,1.5,4
11/30/24 19:00,1,6,429,49.9,15.2,0,8.88,277,1.5,4
11/30/24 20:00,1,6.1,429,49.2,15.2,0,8.88,275,1,4
11/30/24 21:00,1,6.2,428,48.9,15.3,0,8.88,276,0.5,4
11/30/24 22:00,1,6.2,429,53.9,15.2,0,8.24,65,0.5,4
11/30/24 23:00,1,6.2,430,53.8,15.1,0,8.24,71,1.5,4
12/1/24 0:00,1,6.2,460,82.9,11.8,0,4.62,104,0,4
12/1/24 1:00,1,6.2,460,83.1,11.8,0,4.62,108,0,4
12/1/24 2:00,1,6.2,459,83.2,11.8,0,4.62,95,0,4
12/1/24 3:00,0.9,6.2,459,83.3,11.8,0,4.62,107,0,4
12/1/24 4:00,0.9,6.2,460,82.9,11.8,0,4.62,111,0,4
12/1/24 5:00,0.9,6.2,461,83,11.7,0,4.6,116,0,4
12/1/24 6:00,0.9,6.2,466,83.7,11.1,0,4.42,105,0,4
12/1/24 7:00,0.9,6.2,466,84.1,11.1,0,4.42,108,0,4
12/1/24 8:00,0.9,6.2,466,83.9,11.1,0,4.42,105,0,4
12/1/24 9:00,1,6,467,83.6,11.1,0,4.42,101,0,4
12/1/24 10:00,0.9,6.1,468,85.2,11.1,0,4.64,104,0,4
12/1/24 11:00,0.9,6.2,468,84.9,11.1,0,4.64,108,0,4
12/1/24 12:00,1,6.2,474,80.4,10.4,0,3.32,109,0,4
12/1/24 13:00,1,5.9,474,80.7,10.4,0,3.88,110,0,4
12/1/24 14:00,1,6,473,81.5,10.5,0,3.88,102,0,4
12/1/24 15:00,1,6.1,474,82,10.4,0,3.88,103,0,4
12/1/24 16:00,1,6.1,473,82.9,10.4,0,3.88,104,0,4
12/1/24 17:00,1,6.2,474,83.1,10.4,0,3.88,113,0,4
12/1/24 18:00,1,6.2,480,83.1,10,0,4.1,103,0,4
12/1/24 19:00,1,6.2,479,83.1,10,0,4.1,111,0,4
12/1/24 20:00,0.9,6.2,479,83.6,10,0,4.1,115,0,4
12/1/24 21:00,0.9,6.2,479,82.9,10,0,4.1,112,0,4
12/1/24 22:00,0.9,6.2,479,81.4,10,0,4.08,97,0,4
12/1/24 23:00,0.9,6.2,478,80.7,10,0,4.08,101,0,4
12/2/24 0:00,1,6.2,488,76.6,9.8,0,1.54,106,0,4
12/2/24 1:00,1,6.2,487,79.5,9.8,0,1.54,112,0,4
12/2/24 2:00,1,6.2,488,80.1,9.7,0,2.24,100,0,4
12/2/24 3:00,0.9,6.2,487,79.5,9.7,0,2.24,102,0,4
12/2/24 4:00,0.9,6.2,486,80.3,9.7,0,2.24,112,0,4
12/2/24 5:00,0.9,6.2,486,79.9,9.7,0,2.24,110,0,4
12/2/24 6:00,0.9,6.2,489,79.4,9.4,0,2.6,106,0,4
12/2/24 7:00,0.9,6.2,488,79,9.4,0,2.6,106,0,4
12/2/24 8:00,0.9,6.2,487,77.9,9.4,0,2.6,105,0,4
12/2/24 9:00,1,6,487,77.3,9.5,0,2.6,113,0,4
12/2/24 10:00,0.9,6.1,487,77.6,9.5,0,2.6,100,0,4
12/2/24 11:00,0.9,6.2,487,77.5,9.5,0,2.6,108,0,4
12/2/24 12:00,1,6.2,491,78.1,9.2,0,-0.19,112,0,4
12/2/24 13:00,1,5.9,490,78.5,9.2,0,-0.19,105,0,4
12/2/24 14:00,1,6,491,76.4,9.2,0,1.2,107,0,4
12/2/24 15:00,1,6.1,491,75.3,9.2,0,1.2,104,0,4
12/2/24 16:00,1,6.1,490,74.4,9.2,0,1.2,104,0,4
12/2/24 17:00,1,6.2,490,74.3,9.2,0,1.2,105,0,4
12/2/24 18:00,1,6.2,492,77.3,9.2,0,2,110,0,4
12/2/24 19:00,1,6.2,492,77.1,9.2,0,2,102,0,4
12/2/24 20:00,0.9,6.2,493,76.6,9.2,0,2,104,0,4
12/2/24 21:00,0.9,6.2,494,78.4,9.2,0,2,94,0,4
12/2/24 22:00,0.9,6.2,493,78.5,9.2,0,2,110,0,4
12/2/24 23:00,0.9,6.2,494,77.9,9.2,0,2,109,0,4
12/3/24 0:00,1,6.2,496,82.9,9.6,4,3.02,118,0,4
12/3/24 1:00,1,6.2,497,81.5,9.6,3,3.02,104,0,4
12/3/24 2:00,1,6.2,499,81.2,9.6,3,3.02,110,0,4
12/3/24 3:00,0.9,6.2,500,81.7,9.6,4,3.3,103,0,4
12/3/24 4:00,0.9,6.2,500,82.1,9.6,5,3.3,98,0,4
12/3/24 5:00,0.9,6.2,500,80.4,9.6,5,3.3,106,0,4
12/3/24 6:00,0.9,6.2,495,79.1,11.1,94,3.44,111,0,4
12/3/24 7:00,0.9,6.2,494,79.3,11.1,91,3.32,110,0,4
12/3/24 8:00,0.9,6.2,495,80,11.1,86,3.32,98,0,4
12/3/24 9:00,1,6,495,82.1,11.1,83,3.32,109,0,4
12/3/24 10:00,0.9,6.1,494,79.8,11.1,83,3.32,115,0,4
12/3/24 11:00,0.9,6.2,495,79.9,11.1,85,3.32,110,0,4
12/3/24 12:00,1,6.2,495,81.3,13.5,189,7.2,161,0,4
12/3/24 13:00,1,5.9,495,81.4,13.5,187,7.2,164,0,4
12/3/24 14:00,1,6,493,83.1,13.4,191,7.2,162,0,4
12/3/24 15:00,1,6.1,493,83.1,13.4,198,7.2,153,0,4
12/3/24 16:00,1,6.1,494,83.2,13.4,198,6.8,165,0,4
12/3/24 17:00,1,6.2,494,83,13.5,198,6.8,166,0,4
12/3/24 18:00,1,6.2,460,76.7,16.6,235,9.56,135,0.5,4
12/3/24 19:00,1,6.2,459,77.1,16.6,230,9.18,145,0,4
12/3/24 20:00,0.9,6.2,459,76.4,16.6,230,9.18,144,1,4
12/3/24 21:00,0.9,6.2,459,77.1,16.6,230,9.18,154,1,4
12/3/24 22:00,0.9,6.2,459,77,16.6,228,9.18,156,0.5,4
12/3/24 23:00,0.9,6.2,434,80.6,18.4,248,10.64,69,1,4
12/4/24 0:00,1,6.1,435,80.8,18.4,249,10.92,82,1,4
12/4/24 1:00,1,6.1,436,80.6,18.4,249,10.92,77,1,4
12/4/24 2:00,0.9,6.1,434,80.7,18.4,251,10.92,70,1,4
12/4/24 3:00,0.9,6.1,433,80.4,18.5,256,10.92,92,1,4
12/4/24 4:00,0.9,6.1,433,80.4,18.5,257,10.92,86,0.5,4
12/4/24 5:00,0.9,6.1,414,81.2,19.4,370,11.58,158,1,4
12/4/24 6:00,0.9,6.1,416,81.3,19.4,371,11.58,166,0.5,4
12/4/24 7:00,0.9,6.1,417,81.1,19.4,370,11.58,162,0,4
12/4/24 8:00,0.9,6.1,417,80.7,19.4,370,11.58,165,0,4
12/4/24 9:00,1,6,417,80.7,19.4,368,12.06,146,0.5,4
12/4/24 10:00,0.9,6.1,417,80.6,19.4,362,12.06,158,0,4
12/4/24 11:00,1.1,6,419,79.4,18.8,161,12.82,124,2.1,4
12/4/24 12:00,1,6,418,79.3,18.8,161,12.82,91,2.6,4
12/4/24 13:00,1.1,5.9,418,79.9,18.8,162,12.82,143,2.1,4
12/4/24 14:00,1.1,6,418,79.1,18.8,156,12.82,222,0.5,4
12/4/24 15:00,1,6,418,82.1,18.8,154,12.82,144,1,4
12/4/24 16:00,1,6.1,419,82.6,17.8,88,11.96,68,1.5,4
12/4/24 17:00,1,6.2,420,82.1,17.8,89,11.96,93,2.6,4
12/4/24 18:00,1,6.2,419,82.4,17.8,92,11.96,111,4.2,4
12/4/24 19:00,1,6.2,419,82.7,17.8,92,11.96,125,3.1,4
12/4/24 20:00,1,6.2,419,82.1,17.8,93,11.58,129,2.1,4
12/4/24 21:00,1,6.2,419,82.7,17.8,98,11.58,133,1.5,4
12/4/24 22:00,1,6.2,413,84.7,16.7,10,11.8,101,0,4
12/4/24 23:00,1,6.2,413,84.8,16.7,12,11.8,102,0,4
12/5/24 0:00,1,6.1,414,84.8,16.7,13,12.22,97,0.5,4
12/5/24 1:00,1,6.1,413,84.4,16.7,12,12.22,95,0,4
12/5/24 2:00,0.9,6.1,411,84.4,16.7,12,12.22,94,0,4
12/5/24 3:00,0.9,6.1,411,84.6,16.7,14,12.22,95,0,4
12/5/24 4:00,0.9,6.1,419,85.8,15.3,6,11.7,92,0.5,4
12/5/24 5:00,0.9,6.1,420,85.4,15.3,6,11.7,86,0.5,4
12/5/24 6:00,0.9,6.1,420,85.5,15.2,6,11.7,90,1,4
12/5/24 7:00,0.9,6.1,420,86,15.2,6,11.7,85,1,4
12/5/24 8:00,0.9,6.1,420,85.7,15.2,6,11.7,63,1.5,4
12/5/24 9:00,1,6,425,88.1,13.8,0,10.94,81,0,4
12/5/24 10:00,0.9,6.1,425,88.5,13.8,0,10.94,78,0,4
12/5/24 11:00,1.1,6,425,87.6,13.8,0,10.94,81,0,4
12/5/24 12:00,1,6,427,88.3,13.9,0,10.94,76,0,4
12/5/24 13:00,1.1,5.9,427,88.3,13.9,0,10.94,78,0,4
12/5/24 14:00,1.1,6,428,85.4,13.9,0,10.94,79,0,4
12/5/24 15:00,1,6,434,90.3,13.5,0,10.7,95,1,4
12/5/24 16:00,1,6.1,433,90.6,13.5,0,10.34,83,1,4
12/5/24 17:00,1,6.2,431,93.1,13.4,0,10.34,86,1,4
12/5/24 18:00,1,6.2,431,92.5,13.5,0,10.34,89,0.5,4
12/5/24 19:00,1,6.2,433,92.5,13.5,0,10.34,104,0.5,4
12/5/24 20:00,1,6.2,433,91.9,13.5,0,10.34,102,1,4
12/5/24 21:00,1,6.2,434,90.6,13.5,0,10.02,91,0,4
12/5/24 22:00,1,6.2,435,90.2,13.5,0,10.02,93,0,4
12/5/24 23:00,1,6.2,434,89.2,13.6,0,10.02,85,0,4
12/6/24 0:00,1,6.1,433,89.5,13.5,0,10.02,100,0,4
12/6/24 1:00,1,6.1,435,90.3,13.5,0,10.02,92,0,4
12/6/24 2:00,0.9,6.1,435,90.4,13.5,0,10.52,105,0,4
12/6/24 3:00,0.9,6.1,435,92.4,13.5,0,10.26,213,0,4
12/6/24 4:00,0.9,6.1,435,92.6,13.4,0,10.26,199,0,4
12/6/24 5:00,0.9,6.1,437,92.6,13.4,0,10.26,212,0.5,4
12/6/24 6:00,0.9,6.1,437,91.5,13.5,0,9.92,200,0.5,4
12/6/24 7:00,0.9,6.1,436,91.8,13.5,0,9.92,205,1,4
12/6/24 8:00,0.9,6.1,435,90.4,13.5,0,9.92,204,0.5,4
12/6/24 9:00,1,6,435,89.4,13.3,0,9.6,93,0,4
12/6/24 10:00,0.9,6.1,438,87.1,13.3,0,9.6,91,0.5,4
12/6/24 11:00,1.1,6,441,85.6,13.3,0,9.6,94,0.5,4
12/6/24 12:00,1,6,439,86.4,13.3,0,9.6,93,0.5,4
12/6/24 13:00,1.1,5.9,442,87.4,13.3,0,9.6,96,0.5,4
12/6/24 14:00,1.1,6,443,87.3,13.3,0,9.6,87,0.5,4
12/6/24 15:00,1,6,441,89.6,13.2,0,9.86,117,1,4
12/6/24 16:00,1,6.1,440,89,13.3,0,9.86,114,1,4
12/6/24 17:00,1,6.2,440,89.2,13.3,0,9.86,110,1,4
12/6/24 18:00,1,6.2,441,89.6,13.2,0,9.32,102,1,4
12/6/24 19:00,1,6.2,441,89.5,13.2,0,9.32,116,1,4
12/6/24 20:00,1,6.2,444,91.3,12.6,0,9.46,93,0,4
12/6/24 21:00,1,6.2,444,91.6,12.6,0,9.46,94,0,4
12/6/24 22:00,1,6.2,444,91.9,12.6,0,9.46,90,0,4
12/6/24 23:00,1,6.2,444,91.9,12.7,0,9.46,97,1,4
12/7/24 0:00,1,6.1,444,92.7,12.6,0,9.46,92,0.5,4
12/7/24 1:00,1,6.1,443,92.8,12.6,0,9.46,92,1,4
12/7/24 2:00,0.9,6.1,443,87.1,12.1,0,9.46,124,1.5,4
12/7/24 3:00,0.9,6.1,444,87.8,12,0,9.46,120,1,4
12/7/24 4:00,0.9,6.1,444,88.8,12,0,9.46,115,1,4
12/7/24 5:00,0.9,6.1,443,88.5,12.1,0,9.46,123,1,4
12/7/24 6:00,0.9,6.1,443,87.8,12.1,0,9.46,117,1,4
12/7/24 7:00,0.9,6.1,445,87.1,12,0,9.46,123,1,4
12/7/24 8:00,0.9,6.1,439,87.7,11.7,0,8.7,94,0,4
12/7/24 9:00,1,6,440,86.9,11.8,0,8.7,85,0,4
12/7/24 10:00,0.9,6.1,440,86.8,11.8,0,8.7,88,1,4
12/7/24 11:00,1.1,6,439,86.9,11.8,0,8.54,97,2.6,4
12/7/24 12:00,1,6,440,86.8,11.8,0,8.54,89,1.5,4
12/7/24 13:00,1.1,5.9,440,87.3,11.8,0,8.54,89,1,4
12/7/24 14:00,1.1,6,434,89.9,11.6,0,9.5,94,2.1,4
12/7/24 15:00,1,6,435,89.4,11.6,0,9.4,82,1.5,4
12/7/24 16:00,1,6.1,436,88.5,11.6,0,9.4,75,1.5,4
12/7/24 17:00,1,6.2,437,87.9,11.6,0,9.4,108,1.5,4
12/7/24 18:00,1,6.2,438,85.5,11.6,0,9.4,113,1.5,4
12/7/24 19:00,1,6.2,437,86,11.6,0,9.4,108,1,4
12/7/24 20:00,1,6.2,431,86.3,11.4,0,9.2,85,0,4
12/7/24 21:00,1,6.2,430,87.6,11.4,0,8.74,81,0,4
12/7/24 22:00,1,6.2,430,86.9,11.4,0,8.74,88,0.5,4
12/7/24 23:00,1,6.2,430,87.1,11.4,0,8.74,96,0.5,4
12/8/24 0:00,1,6.1,430,86.9,11.4,0,8.74,88,0.5,4
12/8/24 1:00,1,6.1,431,86.2,11.4,0,8.74,87,0.5,4
12/8/24 2:00,0.9,6.1,433,85.4,11.3,0,9.46,89,1,4
12/8/24 3:00,0.9,6.1,433,85.6,11.2,0,9.46,91,1.5,4
12/8/24 4:00,0.9,6.1,433,84.7,11.2,0,9.46,107,1,4
12/8/24 5:00,0.9,6.1,433,85.4,11.3,0,9.46,103,1,4
12/8/24 6:00,0.9,6.1,433,83.5,11.3,0,9.96,99,1,4
12/8/24 7:00,0.9,6.1,433,83.9,11.3,0,9.96,105,0.5,4
12/8/24 8:00,0.9,6.1,426,88.9,11.3,0,8.62,100,0.5,4
12/8/24 9:00,1,6,427,88.7,11.3,0,8.62,116,0.5,4
12/8/24 10:00,0.9,6.1,428,87.6,11.3,0,8.14,101,0,4
12/8/24 11:00,1.1,6,429,86,11.2,0,8.14,118,0,4
12/8/24 12:00,1,6,430,85.9,11.2,0,8.14,101,0,4
12/8/24 13:00,1.1,5.9,430,84.7,11.3,0,8.14,105,0,4
12/8/24 14:00,1.1,6,430,84.6,11.2,0,8.34,47,1,4
12/8/24 15:00,1,6,431,84.4,11.2,0,8.34,41,1,4
12/8/24 16:00,1,6.1,431,85,11.2,0,8.34,83,1.5,4
12/8/24 17:00,1,6.2,431,85.1,11.2,0,8.34,92,1.5,4
12/8/24 18:00,1,6.2,431,85.1,11.2,0,8.34,85,1,4
12/8/24 19:00,1,6.2,431,85,11.2,0,8.34,81,0.5,4
12/8/24 20:00,1,6.2,435,85.8,11.4,6,9.44,31,1.5,4
12/8/24 21:00,1,6.2,434,86.5,11.3,5,9.44,31,1,4
12/8/24 22:00,1,6.2,434,86.9,11.3,5,9.44,28,1,4
12/8/24 23:00,1,6.2,435,86.8,11.3,5,9.7,26,1.5,4
12/9/24 0:00,1,6.1,433,86.3,11.4,6,9.7,29,1,4
12/9/24 1:00,1,6.1,430,86.3,11.4,6,9.7,31,0.5,4
12/9/24 2:00,0.9,6.1,427,80.5,13,89,10.44,220,0,4
12/9/24 3:00,0.9,6.1,427,80.3,13,87,10.14,223,0.5,4
12/9/24 4:00,0.9,6.1,428,79.9,13,85,10.14,216,0.5,4
12/9/24 5:00,0.9,6.1,427,77.6,13.1,81,10.14,224,0.5,4
12/9/24 6:00,0.9,6.1,427,78.7,13,81,10.14,215,0,4
12/9/24 7:00,0.9,6.1,426,79.3,13,77,10.14,209,0.5,4
12/9/24 8:00,0.9,6.1,434,83.8,17.3,220,11.06,27,2.1,4
12/9/24 9:00,1,6,442,83.9,17.3,223,11.06,28,1.5,4
12/9/24 10:00,0.9,6.1,446,82.6,17.4,222,11.06,22,0.5,4
12/9/24 11:00,1.1,6,453,82.6,17.4,220,11.06,81,2.1,4
12/9/24 12:00,1,6,459,82.3,17.4,220,11.06,77,1.5,4
12/9/24 13:00,1.1,5.9,1260,80.5,18.8,273,13.16,70,1,4
12/9/24 14:00,1.1,6,1260,80.7,18.8,273,13.16,73,0.5,4
12/9/24 15:00,1,6,1264,80.4,18.8,273,13.16,78,0.5,4
12/9/24 16:00,1,6.1,1267,80.5,18.8,270,13.16,78,0,4
12/9/24 17:00,1,6.2,1272,80.7,18.8,270,13.12,75,0,4
12/9/24 18:00,1,6.2,1275,80.6,18.8,262,13.12,77,0,4
12/9/24 19:00,1,6.2,582,75.6,21,277,14.92,79,0,4
12/9/24 20:00,1,6.2,582,75.4,21,282,15.24,74,0,4
12/9/24 21:00,1,6.2,581,76,21,276,15.24,82,0,4
12/9/24 22:00,1,6.2,581,75.9,21,281,15.24,78,0,4
12/9/24 23:00,1,6.2,579,77.1,21,281,15.24,82,1,4
12/10/24 0:00,1,6.1,470,75.7,20.5,369,15.7,193,3.6,4
12/10/24 1:00,1,6.1,471,74.6,20.5,369,15.7,237,2.1,4
12/10/24 2:00,0.9,6.1,472,74.1,20.5,367,15.7,278,1.5,4
12/10/24 3:00,0.9,6.1,473,74.7,20.4,362,15.7,239,2.6,4
12/10/24 4:00,0.9,6.1,471,75.4,20.5,359,15.7,236,3.1,4
12/10/24 5:00,0.9,6.1,471,74.5,20.5,357,15.44,207,2.1,4
12/10/24 6:00,0.9,6.1,424,70.4,20.4,229,15.9,242,1.5,4
12/10/24 7:00,0.9,6.1,423,70.6,20.5,228,15.9,245,1,4
12/10/24 8:00,0.9,6.1,422,70.5,20.5,230,15.9,183,2.1,4
12/10/24 9:00,1,6,422,70.9,20.5,225,15.8,220,4.2,4
12/10/24 10:00,0.9,6.1,424,71.2,20.5,225,15.8,201,2.1,4
12/10/24 11:00,1.1,6,425,70,20.5,226,15.8,289,1.5,4
12/10/24 12:00,1,6,689,71,20.1,32,13.3,302,2.1,4
12/10/24 13:00,1.1,5.9,710,71.9,20,28,13.6,291,1,4
12/10/24 14:00,1.1,6,732,71.9,20,23,13.6,293,0.5,4
12/10/24 15:00,1,6,751,72.3,20,17,13.6,316,1,4
12/10/24 16:00,1,6.1,777,72.5,20,16,13.6,55,2.1,4
12/10/24 17:00,1,6.2,594,79,17.6,9,10.28,224,1,4
12/10/24 18:00,1,6.2,593,79.5,17.6,9,10.28,195,2.1,4
12/10/24 19:00,1,6.2,594,79.2,17.6,8,10.28,198,1.5,4
12/10/24 20:00,1,6.2,593,78.8,17.6,8,10.28,186,1,4
12/10/24 21:00,1,6.2,594,78.7,17.7,8,10.28,194,1,4
12/10/24 22:00,1,6.2,594,78.5,17.6,9,10.68,195,1,4
12/10/24 23:00,1,6.2,548,84.5,16.5,0,11.14,330,0.5,4
12/11/24 0:00,1,6.1,549,84.7,16.4,1,11.14,317,0.5,4
12/11/24 1:00,1,6.1,548,83.2,16.5,1,11.14,270,0.5,4
12/11/24 2:00,0.9,6.1,548,83.2,16.5,1,11.14,306,0.5,4
12/11/24 3:00,0.9,6.1,548,83.8,16.5,1,10.7,289,1,4
12/11/24 4:00,0.9,6.1,548,82.9,16.5,1,10.7,289,1.5,4
12/11/24 5:00,0.9,6.1,527,80.1,15.5,0,9.66,275,1.5,4
12/11/24 6:00,0.9,6.1,530,79.4,15.5,0,8.64,290,1.5,4
12/11/24 7:00,0.9,6.1,530,81.3,15.4,0,8.64,309,1,4
12/11/24 8:00,0.9,6.1,531,82.4,15.3,0,8.64,247,1.5,4
12/11/24 9:00,1,6,531,82.6,15.4,0,8.64,223,0.5,4
12/11/24 10:00,0.9,6.1,531,82.7,15.4,0,8.64,233,1,4
12/11/24 11:00,1.1,6,519,84.6,14.3,0,8.16,244,0,4
12/11/24 12:00,1,6,518,84,14.3,0,8.16,237,1,4
12/11/24 13:00,1.1,5.9,517,84.5,14.3,0,8.16,240,0.5,4
12/11/24 14:00,1.1,6,518,84.8,14.3,0,8.64,259,1,4
12/11/24 15:00,1,6,517,84.8,14.3,0,8.64,274,1,4
12/11/24 16:00,1,6.1,511,81.6,13.6,0,9.1,223,1.5,4
12/11/24 17:00,1,6.2,512,81.4,13.6,0,9.14,216,1.5,4
12/11/24 18:00,1,6.2,510,82.5,13.5,0,9.14,217,0.5,4
12/11/24 19:00,1,6.2,510,82.5,13.6,0,9.14,302,2.6,4
12/11/24 20:00,1,6.2,510,82.2,13.6,0,9.14,304,2.1,4
12/11/24 21:00,1,6.2,496,80.4,13.4,0,8.08,227,1,4
12/11/24 22:00,1,6.2,494,80.1,13.4,0,8.08,231,1,4
12/11/24 23:00,1,6.1,494,79.7,13.4,0,8.08,226,0.5,4
12/12/24 0:00,1,6.1,493,80,13.4,0,8.08,240,0.5,4
12/12/24 1:00,0.9,6.1,493,80.6,13.3,0,8.08,221,1,4
12/12/24 2:00,0.9,6.1,493,81,13.3,0,8.08,228,0.5,4
12/12/24 3:00,0.9,6.1,477,79.1,13.6,0,4.66,243,0,4
12/12/24 4:00,0.9,6.1,478,82.3,13.6,0,4.66,17,1,4
12/12/24 5:00,0.9,6.1,479,82.9,13.6,0,4.66,28,1,4
12/12/24 6:00,0.9,6.1,480,82.8,13.6,0,4.64,22,0,4
12/12/24 7:00,0.9,6.1,481,84,13.6,0,4.64,162,1.5,4
12/12/24 8:00,1,6,482,83.5,13.5,0,4.64,180,2.6,4
12/12/24 9:00,0.9,6.1,471,78.9,13.2,0,6.06,305,0,4
12/12/24 10:00,1.1,6,471,78.7,13.1,0,5.34,305,0.5,4
12/12/24 11:00,1,6,471,77.9,13.2,0,5.34,311,1,4
12/12/24 12:00,1.1,5.9,471,78.2,13.2,0,5.34,267,1.5,4
12/12/24 13:00,1.1,6,472,79.6,13.2,0,5.34,256,2.6,4
12/12/24 14:00,1,6,470,79.1,13.2,0,5.34,259,2.1,4
12/12/24 15:00,1,6.1,454,75.2,12.9,0,4.08,272,4.2,4
12/12/24 16:00,1,6.2,454,74.2,13,0,4.08,310,2.1,4
12/12/24 17:00,1,6.2,452,74.5,13,0,4.08,266,2.1,4
12/12/24 18:00,1,6.2,454,74.2,13,0,4.08,269,1.5,4
12/12/24 19:00,1,6.2,454,74.2,13,0,4.28,300,1.5,4
12/12/24 20:00,1,6.2,454,75,13,0,4.28,256,2.1,4
12/12/24 21:00,1,6.2,446,71.5,12.9,0,3.16,283,0.5,4
12/12/24 22:00,1,6.1,446,72.5,12.8,0,3.24,287,1,4
12/12/24 23:00,1,6.1,447,73.7,12.8,0,3.24,288,1,4
12/13/24 0:00,1,6.1,447,73.6,12.8,0,3.24,283,0.5,4
12/13/24 1:00,0.9,6.1,448,73.1,12.8,0,3.24,276,1,4
12/13/24 2:00,0.9,6.1,449,73.2,12.9,0,3.24,275,0.5,4
12/13/24 3:00,0.9,6.1,439,72.9,12.9,0,0.54,233,0.5,4
12/13/24 4:00,0.9,6.1,440,72.4,12.9,0,0.54,311,2.1,4
12/13/24 5:00,0.9,6.1,441,72.3,12.9,0,0.54,308,2.1,4
12/13/24 6:00,0.9,6.1,441,72.9,12.9,0,0.54,322,2.1,4
12/13/24 7:00,0.9,6.1,441,73.6,12.9,0,0.54,232,1.5,4
12/13/24 8:00,1,6,441,73.4,12.9,0,0.62,221,0.5,4
12/13/24 9:00,0.9,6.1,441,71.2,12.9,0,2.44,280,0,4
12/13/24 10:00,1.1,6,441,71.3,12.9,0,2.44,291,0,4
12/13/24 11:00,1,6,441,71.4,12.9,0,2.44,288,0,4
12/13/24 12:00,1.1,5.9,441,71.1,12.9,0,2.44,286,0,4
12/13/24 13:00,1.1,6,441,70.7,12.9,0,2.44,288,0,4
12/13/24 14:00,1,6,439,73,13,0,1.44,272,2.1,4
12/13/24 15:00,1,6.1,438,72.5,13,0,1.44,286,1.5,4
12/13/24 16:00,1,6.2,438,73.3,13,0,1.44,286,1.5,4
12/13/24 17:00,1,6.2,437,73.2,13,0,1.44,291,0.5,4
12/13/24 18:00,1,6.2,438,73.8,13.1,0,1.44,277,0.5,4
12/13/24 19:00,1,6.2,440,71.5,13.2,0,-0.01,293,1.5,4
12/13/24 20:00,1,6.2,439,70.6,13.3,0,-0.01,289,1.5,4
12/13/24 21:00,1,6.2,439,69.8,13.2,0,0,243,1,4
12/13/24 22:00,1,6.1,439,69.6,13.2,0,0,304,1.5,4
12/13/24 23:00,1,6.1,439,69.8,13.2,0,0,298,1,4
12/14/24 0:00,0.9,6.1,440,71.4,13.5,0,1.54,263,0.5,4
12/14/24 1:00,0.9,6.1,438,71.3,13.5,0,1.56,244,1.5,4
12/14/24 2:00,0.9,6.1,438,72,13.5,0,1.56,253,0.5,4
12/14/24 3:00,0.9,6.1,438,72,13.5,0,1.56,248,1,4
12/14/24 4:00,0.9,6.1,440,71.4,13.5,0,1.56,242,1,4
12/14/24 5:00,0.9,6.1,439,70.9,13.5,0,1.56,251,1,4
12/14/24 6:00,0.9,6.1,432,69.1,13.5,0,-0.87,36,1,4
12/14/24 7:00,1,6,431,67.7,13.6,0,-0.87,32,0.5,4
12/14/24 8:00,0.9,6.1,430,68.7,13.6,0,-0.87,314,2.1,4
12/14/24 9:00,1.1,6,431,68.1,13.6,0,-0.87,300,2.1,4
12/14/24 10:00,1,6,434,69,13.6,0,-0.87,304,1.5,4
12/14/24 11:00,1.1,5.9,436,68.8,13.6,0,-0.45,296,1.5,4
12/14/24 12:00,1.1,6,434,66.7,13.7,5,-0.55,286,0.5,4
12/14/24 13:00,1,6,433,67.2,13.7,5,-0.55,292,0.5,4
12/14/24 14:00,1,6.1,435,67.7,13.6,5,-0.55,289,0.5,4
12/14/24 15:00,1,6.2,436,68.2,13.7,16,-0.37,286,0.5,4
12/14/24 16:00,1,6.2,437,67.8,13.7,16,-0.37,282,1,4
12/14/24 17:00,1,6.2,437,68.7,13.7,16,-0.37,286,1,4
12/14/24 18:00,1,6.2,432,68.8,14.9,41,-0.53,322,1,4
12/14/24 19:00,1,6.2,431,69.5,14.9,43,-0.53,312,1,4
12/14/24 20:00,1,6.2,430,69.4,14.9,43,-0.53,317,0.5,4
12/14/24 21:00,1,6.1,430,69.3,14.9,44,-0.53,316,0,4
12/14/24 22:00,1,6.1,430,68.5,15,42,-0.53,320,0,4
12/14/24 23:00,0.9,6.1,431,68.3,15,45,-0.53,317,0.5,4
12/15/24 0:00,0.9,6.1,428,68.4,15.9,180,-0.43,360,1.5,4
12/15/24 1:00,0.9,6.1,427,67.9,15.9,172,-0.43,22,2.1,4
12/15/24 2:00,0.9,6.1,428,67.9,15.9,166,-0.43,360,2.1,4
12/15/24 3:00,0.9,6.1,428,67.8,15.9,165,-0.43,360,0.5,4
12/15/24 4:00,0.9,6.1,428,67.2,15.9,166,-0.43,360,1,4
12/15/24 5:00,0.9,6.1,427,67.3,15.9,166,-0.43,308,1.5,4
12/15/24 6:00,1,6,411,66.8,19.8,285,1.28,301,1.5,4
12/15/24 7:00,0.9,6.1,410,67,19.7,291,1.28,287,1,4
12/15/24 8:00,1.1,6,410,66.8,19.7,291,1.28,313,1.5,4
12/15/24 9:00,1,6,410,66.8,19.7,295,1.94,291,2.1,4
12/15/24 10:00,1.1,5.9,409,66.8,19.7,300,1.94,303,1,4
12/15/24 11:00,1.1,6,409,66.9,19.8,312,1.94,296,1.5,4
12/15/24 12:00,1,6,405,62.8,19.4,369,2.3,360,1.5,4
12/15/24 13:00,1,6.1,405,62,19.5,371,2.3,360,2.1,4
12/15/24 14:00,1,6.2,407,61.8,19.5,372,1.9,360,1.5,4
12/15/24 15:00,1,6.2,407,61.5,19.5,372,1.9,360,1,4
12/15/24 16:00,1,6.2,407,62,19.5,376,1.9,0,1.5,4
12/15/24 17:00,1,6.2,408,62.7,19.4,375,1.9,360,1,4
12/15/24 18:00,1,6.2,411,59.5,20.2,349,3.9,260,5.2,4
12/15/24 19:00,1,6.2,412,59.8,20.2,350,3.9,311,1.5,4
12/15/24 20:00,1,6.2,412,59.4,20.2,350,3.9,313,1,4
12/15/24 21:00,1,6.1,413,59.2,20.2,350,3.9,281,3.1,4
12/15/24 22:00,1,6.1,412,59.2,20.3,351,3.9,283,1.5,4
12/15/24 23:00,0.9,6.1,411,54.6,20.4,271,4.36,263,4.2,4
12/16/24 0:00,0.9,6.1,411,55.1,20.4,272,4.36,303,2.1,4
12/16/24 1:00,0.9,6.1,410,55.2,20.4,272,4.36,308,2.1,4
12/16/24 2:00,0.9,6.1,411,55.5,20.4,272,4.28,328,2.6,4
12/16/24 3:00,0.9,6.1,411,56,20.4,275,4.28,326,1,4
12/16/24 4:00,0.9,6.1,412,56.2,20.4,274,4.28,342,1.5,4
12/16/24 5:00,0.9,6.1,409,56.2,19.3,155,3.66,266,2.6,4
12/16/24 6:00,1,6,410,56.4,19.2,153,3.96,227,1.5,4
12/16/24 7:00,0.9,6.1,409,56.6,19.2,154,3.96,270,1,4
12/16/24 8:00,1.1,6,410,56.6,19.2,154,3.96,293,2.1,4
12/16/24 9:00,1,6,410,56.6,19.2,156,3.96,288,2.1,4
12/16/24 10:00,1.1,5.9,410,56.9,19.2,156,3.96,285,1.5,4
12/16/24 11:00,1.1,6,413,58.7,18.2,22,4.18,302,1,4
12/16/24 12:00,1,6,413,58.5,18.2,26,4.18,245,1,4
12/16/24 13:00,1,6.1,411,58.5,18.2,27,4.18,240,1,4
12/16/24 14:00,1,6.2,411,59.1,18.2,27,4.6,253,1,4
12/16/24 15:00,1,6.2,411,59.5,18.1,26,4.6,263,1.5,4
12/16/24 16:00,1,6.2,414,91.4,16.1,0,3.5,270,0.5,4
12/16/24 17:00,1,6.2,413,91.9,16,0,3.5,263,1,4
12/16/24 18:00,1,6.2,412,93.1,16,0,3.04,269,0.5,4
12/16/24 19:00,1,6.2,411,93.2,16,0,3.04,266,1,4
12/16/24 20:00,1,6.2,411,93.5,16.1,0,3.04,260,0.5,4
12/16/24 21:00,1,6.1,412,94.5,16,0,3.04,266,1,4
12/16/24 22:00,1,6.1,418,95.3,14.2,0,1.78,308,0,4
12/16/24 23:00,0.9,6.1,418,95.5,14.3,0,1.78,309,0,4
12/17/24 0:00,0.9,6.1,418,95.4,14.3,0,1.78,310,0,4
12/17/24 1:00,0.9,6.1,419,96.2,14.2,0,1.78,308,0,4
12/17/24 2:00,0.9,6.1,420,95.7,14.2,0,1.78,304,0,4
12/17/24 3:00,0.9,6.1,420,95.5,14.2,0,1.94,304,0,4
12/17/24 4:00,0.9,6.1,426,98.9,14.4,0,1.76,196,0.5,4
12/17/24 5:00,0.9,6.1,426,98.7,14.4,0,1.76,199,0.5,4
12/17/24 6:00,1,6,426,97.9,14.4,0,1.76,204,0.5,4
12/17/24 7:00,0.9,6.1,425,97.5,14.4,0,1.26,204,0.5,4
12/17/24 8:00,1.1,6,425,99.2,14.4,0,1.26,205,0,4
12/17/24 9:00,1,6,437,94.9,14,0,1.62,78,0,4
12/17/24 10:00,1.1,5.9,437,94.4,14.1,0,1.06,80,0,4
12/17/24 11:00,1.1,6,437,93.1,14,0,1.06,85,0,4
12/17/24 12:00,1,6,437,93.4,14,0,1.06,85,0,4
12/17/24 13:00,1,6.1,437,93.8,14,0,1.06,79,0,4
12/17/24 14:00,1,6.2,437,93.4,14,0,1.06,78,0,4
12/17/24 15:00,1,6.2,438,99.9,14.6,0,0.8,83,0,4
12/17/24 16:00,1,6.2,439,99.9,14.5,0,0.8,88,0,4
12/17/24 17:00,1,6.2,439,99.9,14.5,0,0.8,86,0,4
12/17/24 18:00,1,6.2,439,99.9,14.5,0,0.8,85,0,4
12/17/24 19:00,1,6.2,440,99.9,14.5,0,0.8,80,0,4
12/17/24 20:00,1,6.2,441,98.6,14.6,0,0.48,82,0,4
12/17/24 21:00,1,6.1,440,97.2,14.7,0,0,83,0,4
12/17/24 22:00,1,6.1,440,97.1,14.7,0,0,88,0,4
12/17/24 23:00,0.9,6.1,441,98.5,14.7,0,0,89,0,4
12/18/24 0:00,0.9,6.1,442,98.4,14.7,0,-0.09,87,0,4
12/18/24 1:00,0.9,6.1,443,98.3,14.7,0,-0.09,79,0,4
12/18/24 2:00,0.9,6.1,444,98.2,14.6,0,-0.09,79,0,4
12/18/24 3:00,0.9,6.1,445,94.4,14.5,0,0.72,116,0.5,4
12/18/24 4:00,0.9,6.1,445,94.7,14.5,0,0.66,122,1,4
12/18/24 5:00,0.9,6.1,445,94.7,14.5,0,0.66,123,1,4
12/18/24 6:00,1,6,444,97.2,14.5,0,0.66,126,1,4
12/18/24 7:00,0.9,6.1,445,96,14.5,0,0.66,120,0.5,4
12/18/24 8:00,1.1,6,444,99.9,14.6,0,1.5,120,1,4
12/18/24 9:00,1,6,443,99.9,14.6,0,1.5,118,0.5,4
12/18/24 10:00,1.1,5.9,442,99.9,14.6,0,1.5,118,0,4
12/18/24 11:00,1.1,6,443,99.9,14.5,0,1.5,118,0,4
12/18/24 12:00,1,6,445,99.9,14.5,0,1.5,117,0,4
12/18/24 13:00,1,6.1,434,99.8,14.4,0,2.14,130,0,4
12/18/24 14:00,1,6.2,435,99.7,14.4,0,2.14,128,0,4
12/18/24 15:00,1,6.2,434,99.1,14.4,0,2.06,140,0,4
12/18/24 16:00,1,6.2,434,98.2,14.4,0,2.06,136,0,4
12/18/24 17:00,1,6.2,434,98.4,14.5,0,2.06,135,0,4
12/18/24 18:00,1,6.2,434,98.5,14.5,0,0.7,108,0.5,4
12/18/24 19:00,1,6.2,433,98.1,14.5,0,0.7,106,0,4
12/18/24 20:00,1,6.2,432,97.9,14.5,0,0.7,105,0.5,4
12/18/24 21:00,1,6.1,431,99.7,14.5,0,0.7,104,0.5,4
12/18/24 22:00,1,6.1,431,99.1,14.5,0,0.7,107,0.5,4
12/18/24 23:00,0.9,6.1,430,99.9,14.4,0,0.7,110,0.5,4
12/19/24 0:00,0.9,6.1,428,95,14.2,0,1.82,102,1,4
12/19/24 1:00,0.9,6.1,428,95,14.2,0,1.82,107,0.5,4
12/19/24 2:00,0.9,6.1,428,99.1,14.2,0,1.82,105,1,4
12/19/24 3:00,0.9,6.1,429,98.8,14.2,0,0.94,111,0.5,4
12/19/24 4:00,0.9,6.1,429,99.6,14.2,0,0.94,104,1,4
12/19/24 5:00,0.9,6.1,428,99.3,14.1,0,2.06,107,0,4
12/19/24 6:00,1,6,428,99.3,14.1,0,2.06,104,0,4
12/19/24 7:00,0.9,6.1,427,97.7,14.1,0,2.06,105,0,4
12/19/24 8:00,1.1,6,427,97.2,14.1,0,2.06,108,0,4
12/19/24 9:00,1,6,428,96,14.1,0,2.06,101,0,4
12/19/24 10:00,1.1,5.9,427,96.1,14.1,0,2.06,108,0,4
12/19/24 11:00,1.1,6,431,97.4,14.6,0,0.92,55,0,4
12/19/24 12:00,1,6,430,98.3,14.5,0,0.92,61,0,4
12/19/24 13:00,1,6.1,431,98.4,14.5,0,0.92,52,0,4
12/19/24 14:00,1,6.2,431,98.3,14.6,0,0.92,55,0,4
12/19/24 15:00,1,6.2,430,98.3,14.6,0,0.78,50,0,4
12/19/24 16:00,1,6.2,430,96.9,14.6,0,0.78,55,0,4
12/19/24 17:00,1,6.2,434,98.9,14.5,0,0.84,53,0,4
12/19/24 18:00,1,6.2,434,98.4,14.5,0,0.84,53,0,4
12/19/24 19:00,1,6.2,433,98.6,14.5,0,0.82,52,0,4
12/19/24 20:00,1,6.2,432,97.3,14.5,0,0.82,55,0,4
12/19/24 21:00,1,6.1,433,99,14.5,0,0.82,50,0,4
12/19/24 22:00,1,6.1,433,99,14.5,0,0.82,51,0,4
12/19/24 23:00,0.9,6.1,444,97.5,14,0,-0.83,53,0.5,4
12/20/24 0:00,0.9,6.1,445,99.9,14,0,-0.83,47,0,4
12/20/24 1:00,0.9,6.1,446,99.9,14,0,-0.83,54,1,4
12/20/24 2:00,0.9,6.1,445,99.9,14,0,-0.83,57,1.5,4
12/20/24 3:00,0.9,6.1,446,99.9,14,0,-1.01,58,0.5,4
12/20/24 4:00,0.9,6.1,445,99.9,14,0,-1.01,51,0.5,4
12/20/24 5:00,0.9,6.1,452,96,14,4,-0.81,58,0.5,4
12/20/24 6:00,1,6,452,97.2,14,3,-0.81,52,0.5,4
12/20/24 7:00,0.9,6.1,453,97.6,14,3,-0.79,55,0.5,4
12/20/24 8:00,1.1,6,454,97.8,14,5,-0.79,50,0.5,4
12/20/24 9:00,1,6,454,97.4,14,5,-0.79,56,0.5,4
12/20/24 10:00,1.1,5.9,449,93.5,15.1,63,2.7,60,0,4
12/20/24 11:00,1.1,6,449,93.1,15.2,63,2.7,56,0,4
12/20/24 12:00,1,6,449,93.2,15.2,62,2.7,55,0,4
12/20/24 13:00,1,6.1,449,93.3,15.2,61,2.7,59,0,4
12/20/24 14:00,1,6.2,449,92.5,15.2,63,2.7,63,0,4
12/20/24 15:00,1,6.2,437,94.8,19.2,202,3.88,117,0,4
12/20/24 16:00,1,6.2,436,95.7,19.3,202,3.88,106,0,4
12/20/24 17:00,1,6.2,436,95.4,19.3,201,3.88,107,0,4
12/20/24 18:00,1,6.2,436,95.9,19.3,203,3.88,106,0,4
12/20/24 19:00,1,6.2,436,95.5,19.4,204,4.68,115,0,4
12/20/24 20:00,1,6.2,438,95.7,19.4,206,4.68,114,0,4
12/20/24 21:00,1,6.1,423,99.9,22.6,316,5.82,49,0.5,4
12/20/24 22:00,1,6.1,423,99.9,22.6,317,5.82,43,1,4
12/20/24 23:00,0.9,6.1,424,99.9,22.6,317,6.08,45,1,4
12/21/24 0:00,0.9,6.1,425,98.2,22.6,318,6.08,46,1,4
12/21/24 1:00,0.9,6.1,425,98.3,22.6,318,6.08,47,0.5,4
12/21/24 2:00,0.9,6.1,423,98.3,22.6,319,6.08,43,0.5,4
12/21/24 3:00,0.9,6.1,421,97.9,21.8,347,5.92,289,0,4
12/21/24 4:00,0.9,6.1,421,98.6,21.8,349,5.92,286,0.5,4
12/21/24 5:00,0.9,6.1,419,97.3,21.7,351,5.92,289,0,4
12/21/24 6:00,1,6,419,97.1,21.8,351,5.92,288,1,4
12/21/24 7:00,0.9,6.1,419,97.2,21.8,349,5.92,266,2.1,4
12/21/24 8:00,1.1,6,419,97.8,21.8,350,5.5,315,2.1,4
12/21/24 9:00,1,6,417,99.3,22,325,5.46,266,1.5,4
12/21/24 10:00,1.1,5.9,417,98.7,22,330,5.46,267,1.5,4
12/21/24 11:00,1.1,6,417,98.8,22,335,5.46,245,1.5,4
12/21/24 12:00,1,6,416,98.7,22,337,5.82,327,1.5,4
12/21/24 13:00,1,6.1,416,98.8,22,337,5.82,331,1,4
12/21/24 14:00,1,6.2,412,98.5,21.9,262,5.88,306,0.5,4
12/21/24 15:00,1,6.2,412,98.8,21.9,262,5.8,305,1.5,4
12/21/24 16:00,1,6.2,412,99.8,21.9,262,5.8,311,0.5,4
12/21/24 17:00,1,6.2,413,99.4,21.9,262,5.8,307,1,4
12/21/24 18:00,1,6.2,412,99,21.9,259,5.8,314,1,4
12/21/24 19:00,1,6.2,411,99.1,21.9,259,5.8,314,1.5,4
12/21/24 20:00,1,6.2,412,97.5,21,147,6.14,272,1,4
12/21/24 21:00,1,6.1,413,97.3,21,147,6.14,275,1,4
12/21/24 22:00,1,6.1,412,95.9,21,146,6.14,269,1,4
12/21/24 23:00,0.9,6.1,412,96.6,21,146,6.08,270,1,4
12/22/24 0:00,0.9,6.1,410,96.5,21,145,6.08,270,0.5,4
12/22/24 1:00,0.9,6.1,421,94,19.4,26,6.52,6,1,4
12/22/24 2:00,0.9,6.1,421,94.5,19.4,25,6.52,318,2.1,4
12/22/24 3:00,0.9,6.1,421,95.9,19.4,25,6.52,298,3.1,4
12/22/24 4:00,0.9,6.1,421,95.3,19.4,23,6.48,289,1.5,4
12/22/24 5:00,0.9,6.1,421,97.1,19.4,22,6.48,260,2.1,4
12/22/24 6:00,1,6,422,98,19.3,23,6.48,216,1.5,4
12/22/24 7:00,0.9,6.1,428,93.5,17.1,0,5.36,287,1,4
12/22/24 8:00,1.1,6,431,93.7,17.1,0,5.24,290,1,4
12/22/24 9:00,1,6,430,93.2,17.1,0,5.24,290,1.5,4
12/22/24 10:00,1.1,5.9,433,96.1,17.1,0,5.24,289,1.5,4
12/22/24 11:00,1.1,6,433,96.5,17,0,5.24,293,1,4
12/22/24 12:00,1,6,431,97,17.1,0,5.24,293,0.5,4
12/22/24 13:00,1,6.1,438,98.7,15.8,0,4.48,277,0,4
12/22/24 14:00,1,6.2,438,98.6,15.8,0,4.48,273,0,4
12/22/24 15:00,1,6.2,439,98.9,15.7,0,4.48,277,0,4
12/22/24 16:00,1,6.2,438,98.6,15.8,0,4.48,274,0,4
12/22/24 17:00,1,6.2,437,98.8,15.7,0,4.58,275,0,4
12/22/24 18:00,1,6.2,437,98.4,15.8,0,4.58,275,0,4
12/22/24 19:00,1,6.2,455,94.3,15.1,0,1.94,69,0,4
12/22/24 20:00,1,6.2,455,94.1,15,0,1.88,71,0,4
12/22/24 21:00,1,6.1,454,93.5,15,0,1.88,69,0,4
12/22/24 22:00,1,6.1,454,93.5,15,0,1.88,69,0,4
12/22/24 23:00,0.9,6.1,453,93,15,0,1.88,71,0,4
12/23/24 0:00,0.9,6.1,464,99.9,14.6,0,2.62,68,0,4
12/23/24 1:00,0.9,6.1,463,99.9,14.6,0,2.62,68,0,4
12/23/24 2:00,0.9,6.1,463,99.9,14.5,0,2.62,69,0,4
12/23/24 3:00,0.9,6.1,464,99.9,14.6,0,2.62,68,0,4
12/23/24 4:00,0.9,6.1,463,99.1,14.6,0,2.62,67,0,4
12/23/24 5:00,0.9,6.1,461,99.2,14.6,0,2.74,70,0,4
12/23/24 6:00,1,6,465,98.7,14.1,0,2.12,68,0,4
12/23/24 7:00,0.9,6.1,465,99.3,14.2,0,2.12,68,0,4
12/23/24 8:00,1.1,6,465,98.7,14.2,0,2.12,68,0,4
12/23/24 9:00,1,6,464,99,14.2,0,2.04,68,0,4
12/23/24 10:00,1.1,5.9,465,99.3,14.1,0,2.04,69,0,4
12/23/24 11:00,1.1,6,466,98.2,14.2,0,2.04,69,0,4
12/23/24 12:00,1,6,467,97.4,14.1,0,2.24,66,0,4
12/23/24 13:00,1,6.1,468,98.5,14.1,0,2.24,68,0,4
12/23/24 14:00,1,6.2,467,96.8,14.1,0,2.24,68,0,4
12/23/24 15:00,1,6.2,467,97,14,0,2.24,67,0,4
12/23/24 16:00,1,6.2,467,97.3,14,0,2.24,68,0,4
12/23/24 17:00,1,6.2,468,96.9,14,0,2.62,70,0,4
12/23/24 18:00,1,6.2,471,93,14.6,0,1.42,70,0,4
12/23/24 19:00,1,6.2,470,93.5,14.6,0,1.42,67,0,4
12/23/24 20:00,1,6.2,471,93.3,14.6,0,1.42,65,0,4
12/23/24 21:00,1,6.1,471,95.4,14.7,0,1.24,68,0,4
12/23/24 22:00,1,6.1,471,95.7,14.7,0,1.24,67,0,4
12/23/24 23:00,0.9,6.1,471,95.6,14.6,0,1.24,69,0,4
12/24/24 0:00,0.9,6.1,461,95.1,14.2,0,-0.63,67,0,4
12/24/24 1:00,0.9,6.1,462,95.5,14.2,0,-0.63,67,0,4
12/24/24 2:00,0.9,6.1,462,95.6,14.2,0,-0.63,68,0,4
12/24/24 3:00,0.9,6.1,463,93.4,14.2,0,-0.63,67,0,4
12/24/24 4:00,0.9,6.1,462,93.4,14.2,0,-0.63,70,0,4
12/24/24 5:00,0.9,6.1,462,93.4,14.2,0,-0.57,69,0,4
12/24/24 6:00,1,6,463,98.2,14.2,0,-0.07,66,0,4
12/24/24 7:00,0.9,6.1,464,99.9,14.2,0,-0.07,69,0,4
12/24/24 8:00,1.1,6,464,99.9,14.2,0,-0.07,68,0,4
12/24/24 9:00,1,6,464,99.9,14.2,0,-0.07,68,0,4
12/24/24 10:00,1.1,5.9,464,99.9,14.2,0,0,67,0,4
12/24/24 11:00,1.1,6,457,98.3,14.5,0,0.32,69,0,4
12/24/24 12:00,1,6,457,98,14.5,0,0.32,66,0,4
12/24/24 13:00,1,6.1,456,97.8,14.5,0,0.56,66,0,4
12/24/24 14:00,1,6.2,456,97.9,14.5,0,0.56,67,0,4
12/24/24 15:00,1,6.2,455,98.1,14.5,0,0.56,65,0,4
12/24/24 16:00,1,6.2,455,98.4,14.5,0,0.56,66,0,4
12/24/24 17:00,1,6.2,458,94.6,14.7,0,0.88,68,0,4
12/24/24 18:00,1,6.2,458,95.5,14.7,0,0.88,71,0,4
12/24/24 19:00,1,6.2,459,96.4,14.7,0,0.88,69,0,4
12/24/24 20:00,1,6.1,459,97.9,14.7,0,0.88,68,0,4
12/24/24 21:00,1,6.1,459,97.6,14.7,0,0.88,67,0,4
12/24/24 22:00,0.9,6.1,458,98.9,14.7,0,0.88,68,0,4
12/24/24 23:00,0.9,6.1,463,95.7,14.5,0,0.86,68,0,4
12/25/24 0:00,0.9,6.1,463,96.3,14.5,0,0.86,66,0,4
12/25/24 1:00,0.9,6.1,462,95.9,14.5,0,0.86,68,0,4
12/25/24 2:00,0.9,6.1,463,95.4,14.6,0,0.86,66,0,4
12/25/24 3:00,0.9,6.1,464,94.5,14.6,0,0.54,66,0,4
12/25/24 4:00,0.9,6.1,474,95.5,14.1,0,0.04,70,0,4
12/25/24 5:00,1,6,471,96.2,14.1,0,0.04,67,0,4
12/25/24 6:00,0.9,6.1,472,94.3,14.1,0,0.06,68,0,4
12/25/24 7:00,1.1,6,472,94.3,14.1,0,0.06,67,0,4
12/25/24 8:00,1,6,471,94.2,14.1,0,0.06,67,0,4
12/25/24 9:00,1.1,5.9,471,93.7,14.1,0,0.06,68,0,4
12/25/24 10:00,1.1,6,476,99.9,14.2,0,-0.39,67,0,4
12/25/24 11:00,1,6,476,99.9,14.2,0,-0.39,68,0,4
12/25/24 12:00,1,6.1,476,99.7,14.2,0,-0.39,68,0,4
12/25/24 13:00,1,6.2,476,99.6,14.2,0,-0.39,69,0,4
12/25/24 14:00,1,6.2,477,99.4,14.2,0,-0.39,66,0,4
12/25/24 15:00,1,6.2,477,99.5,14.2,0,-0.31,66,0,4
12/25/24 16:00,1,6.2,468,98.5,14.2,0,-0.91,67,0,4
12/25/24 17:00,1,6.2,469,96.7,14.2,0,-0.91,68,0,4
12/25/24 18:00,1,6.2,467,97,14.2,0,-0.91,66,0,4
12/25/24 19:00,1,6.1,467,97,14.2,0,-0.91,67,0,4
12/25/24 20:00,1,6.1,467,97,14.2,0,-0.91,66,0,4
12/25/24 21:00,0.9,6.1,468,96.4,14.2,0,-0.91,66,0,4
12/25/24 22:00,0.9,6.1,485,98.3,14.2,6,-0.03,67,0,4
12/25/24 23:00,0.9,6.1,484,98.1,14.2,8,-0.03,67,0,4
12/26/24 0:00,0.9,6.1,484,97.2,14.2,7,-0.17,69,0,4
12/26/24 1:00,0.9,6.1,483,97.5,14.2,8,-0.17,67,0,4
12/26/24 2:00,0.9,6.1,482,97.7,14.2,7,-0.17,67,0,4
12/26/24 3:00,0.9,6.1,482,97.9,14.2,7,-0.17,67,0,4
12/26/24 4:00,1,6,495,96.8,14.5,57,1.54,70,0,4
12/26/24 5:00,0.9,6.1,495,96.7,14.4,59,1.54,66,0,4
12/26/24 6:00,1.1,6,495,94.6,14.5,63,1.54,69,0,4
12/26/24 7:00,1,6,493,94.5,14.5,63,1.54,69,0,4
12/26/24 8:00,1.1,5.9,493,94.4,14.5,64,1.54,64,0,4
12/26/24 9:00,1.1,6,479,96.8,18.8,130,4,196,0,4
12/26/24 10:00,1,6,479,97,18.8,130,4,196,0,4
12/26/24 11:00,1,6.1,479,97.1,18.8,134,4,196,0,4
12/26/24 12:00,1,6.2,482,97.2,18.9,136,3.94,196,0,4
12/26/24 13:00,1,6.2,480,97.3,18.8,138,3.94,195,0,4
12/26/24 14:00,1,6.2,455,98.2,20.6,199,6.14,27,0,4
12/26/24 15:00,1,6.2,455,97.3,20.5,199,6.14,27,0,4
12/26/24 16:00,1,6.2,455,96.1,20.5,196,6,29,0,4
12/26/24 17:00,1,6.2,455,95.5,20.6,197,6,28,0,4
12/26/24 18:00,1,6.1,453,95.5,20.6,201,6,28,0,4
12/26/24 19:00,1,6.1,452,95.5,20.6,228,6,26,0,4
12/26/24 20:00,0.9,6.1,445,99.9,20.7,341,6.24,74,0.5,4
12/26/24 21:00,0.9,6.1,445,99.9,20.7,343,6.24,71,0.5,4
12/26/24 22:00,0.9,6.1,445,99.9,20.7,341,6.24,72,0.5,4
12/26/24 23:00,0.9,6.1,446,99.9,20.7,341,6.24,73,0.5,4
12/27/24 0:00,0.9,6.1,446,99.9,20.7,341,6.24,70,0,4
12/27/24 1:00,0.9,6.1,447,99.9,20.7,342,6.24,73,0,4
12/27/24 2:00,0.9,6.1,436,99.9,20.5,137,6.48,332,2.6,4
12/27/24 3:00,1,6,436,99.9,20.4,137,6.48,360,2.6,4
12/27/24 4:00,0.9,6.1,435,99.9,20.5,133,6.48,360,1,4
12/27/24 5:00,1.1,6,436,98.4,20.5,131,6.4,31,1,4
12/27/24 6:00,1,6,435,98.4,20.4,127,6.4,31,0.5,4
12/27/24 7:00,1.1,5.9,416,95.9,15.6,56,6.48,247,1,4
12/27/24 8:00,1.1,6,416,96.5,15.6,58,6.48,249,0.5,4
12/27/24 9:00,1,6,416,97.7,15.6,59,6.44,183,2.1,4
12/27/24 10:00,1,6.1,415,97.9,15.6,62,6.44,177,1.5,4
12/27/24 11:00,1,6.2,416,97.5,15.6,62,6.44,207,1,4
12/27/24 12:00,1,6.2,415,97.2,15.7,60,6.44,280,1.5,4
12/27/24 13:00,1,6.2,420,98.8,20,214,7.8,345,1,4
12/27/24 14:00,1,6.2,419,99,20,198,7.78,345,0.5,4
12/27/24 15:00,1,6.2,418,98.2,20,184,7.78,345,1,4
12/27/24 16:00,1,6.2,417,98.4,20,184,7.78,345,1,4
12/27/24 17:00,1,6.1,417,98.4,20,173,7.78,345,1,4
12/27/24 18:00,1,6.1,417,98.2,20,162,7.78,345,0.5,4
12/27/24 19:00,0.9,6.1,423,99.9,18.9,41,7.12,198,2.6,4
12/27/24 20:00,0.9,6.1,421,99.9,18.9,41,7.12,196,2.1,4
12/27/24 21:00,0.9,6.1,422,99.9,18.9,41,7.12,194,1.5,4
12/27/24 22:00,0.9,6.1,423,99.9,18.9,41,7.12,197,2.1,4
12/27/24 23:00,0.9,6.1,424,98.6,18.9,43,7.12,188,2.1,4
12/28/24 0:00,0.9,6.1,424,98.7,18.9,44,7.1,185,3.6,4
12/28/24 1:00,0.9,6.1,426,99.9,17.5,0,6.94,240,0.5,4
12/28/24 2:00,1,6,425,99.9,17.5,0,6.94,199,1,4
12/28/24 3:00,0.9,6.1,425,99.9,17.5,0,6.94,289,1,4
12/28/24 4:00,1.1,6,423,99.9,17.6,0,7,288,1,4
12/28/24 5:00,1,6,422,99.9,17.6,0,7,360,1,4
12/28/24 6:00,1.1,5.9,421,99.9,17.6,0,7,360,1.5,4
12/28/24 7:00,1.1,6,425,97.8,16.1,0,4,325,1,4
12/28/24 8:00,1,6,425,98,16,0,4.36,305,1.5,4
12/28/24 9:00,1,6.1,425,97.6,16,0,4.36,300,2.1,4
12/28/24 10:00,1,6.2,425,95.7,16,0,4.36,296,1,4
12/28/24 11:00,1,6.2,426,98,16,0,4.36,300,1,4
12/28/24 12:00,1,6.2,430,98.7,16,0,6.02,189,0,4
12/28/24 13:00,1,6.2,431,98.3,16,0,6.02,194,0.5,4
12/28/24 14:00,1,6.2,431,97.6,16,0,6.02,177,1.5,4
12/28/24 15:00,1,6.2,431,98.7,16,0,6.02,193,1,4
12/28/24 16:00,1,6.1,431,99.7,15.9,0,6.02,190,0.5,4
12/28/24 17:00,1,6.1,430,99.3,16,0,6.24,185,1,4
12/28/24 18:00,0.9,6.1,432,96.9,15.8,0,4.6,298,1.5,4
12/28/24 19:00,0.9,6.1,432,97.3,15.8,0,4.6,316,2.1,4
12/28/24 20:00,0.9,6.1,432,97.5,15.8,0,4.38,266,3.1,4
12/28/24 21:00,0.9,6.1,432,97.7,15.8,0,4.38,265,2.1,4
12/28/24 22:00,0.9,6.1,432,97,15.9,0,4.38,76,3.1,4
12/28/24 23:00,0.9,6.1,432,97.8,15.5,0,5.5,213,0.5,4
12/29/24 0:00,0.9,6.1,431,97.4,15.5,0,5.5,213,1,4
12/29/24 1:00,0.9,6.1,431,97.7,15.5,0,5.5,215,0.5,4
12/29/24 2:00,1,6,430,96,15.5,0,5.5,207,1,4
12/29/24 3:00,0.9,6.1,430,96.6,15.5,0,5.5,228,0.5,4
12/29/24 4:00,1.1,6,430,97.2,15.4,0,3.92,326,1,4
12/29/24 5:00,1,6,431,97.9,15.3,0,3.92,323,0.5,4
12/29/24 6:00,1.1,5.9,431,98.3,15.3,0,3.92,322,1,4
12/29/24 7:00,1.1,6,431,97.9,15.4,0,2.78,319,1,4
12/29/24 8:00,1,6,432,98.1,15.4,0,2.78,333,0.5,4
12/29/24 9:00,1,6.1,432,98.7,15.4,0,2.78,320,1,4
12/29/24 10:00,1,6.2,432,99.4,15,0,3.98,360,0,4
12/29/24 11:00,1,6.2,433,98.8,15,0,3.92,350,0,4
12/29/24 12:00,1,6.2,433,97.5,15,0,3.92,358,0,4
12/29/24 13:00,1,6.2,433,97,15.1,0,3.92,357,0,4
12/29/24 14:00,1,6.2,433,97,15.1,0,3.92,355,0,4
12/29/24 15:00,1,6.2,434,96.8,15.1,0,3.92,357,0,4
12/29/24 16:00,1,6.1,436,94.9,15.2,0,3.34,39,0,4
12/29/24 17:00,1,6.1,435,95.2,15.2,0,3.34,33,0,4
12/29/24 18:00,0.9,6.1,435,95.8,15.2,0,3.34,29,0,4
12/29/24 19:00,0.9,6.1,436,95.5,15.2,0,3.34,31,0,4
12/29/24 20:00,0.9,6.1,437,95.8,15.2,0,3.62,29,0,4
12/29/24 21:00,0.9,6.1,438,95.9,15.2,0,3.62,41,0,4
12/29/24 22:00,0.9,6.1,435,94.3,15.1,0,4.4,304,0.5,4
12/29/24 23:00,0.9,6.1,434,95.2,15.1,0,4.6,303,0.5,4
12/30/24 0:00,0.9,6.1,434,94.5,15.1,0,4.6,312,1,4
12/30/24 1:00,0.9,6.1,435,95,15.1,0,4.6,299,1,4
12/30/24 2:00,1,6,435,95.6,15.1,0,4.6,307,1,4
12/30/24 3:00,0.9,6.1,435,94.9,15.1,0,4.6,297,1,4
12/30/24 4:00,1.1,6,434,96,15.1,0,4.12,334,0.5,4
12/30/24 5:00,1,6,434,95.5,15,0,4.12,329,1,4
12/30/24 6:00,1.1,5.9,435,95.3,15.1,0,4.12,335,1,4
12/30/24 7:00,1.1,6,435,95.5,15,0,4.12,332,0.5,4
12/30/24 8:00,1,6,434,95.4,15,0,4.44,331,0.5,4
12/30/24 9:00,1,6.1,433,96.1,14.9,0,4.44,331,0.5,4
12/30/24 10:00,1,6.2,437,99.8,14,0,1.9,20,0,4
12/30/24 11:00,1,6.2,436,98.9,14,0,1.9,27,0,4
12/30/24 12:00,1,6.2,435,98.4,14,0,2.8,23,0,4
12/30/24 13:00,1,6.2,436,97.9,14,0,2.8,20,0,4
12/30/24 14:00,1,6.2,435,97.7,14,0,2.8,22,0,4
12/30/24 15:00,1,6.2,434,97.7,14,0,2.8,16,1,4
12/30/24 16:00,1,6.1,437,93.8,14.1,0,1.02,287,0,4
12/30/24 17:00,1,6.1,438,93.3,14.1,0,1.02,285,0,4
12/30/24 18:00,0.9,6.1,438,95.1,14.1,0,1.02,300,0,4
12/30/24 19:00,0.9,6.1,438,95.6,14.1,0,1.02,296,0,4
12/30/24 20:00,0.9,6.1,437,95.4,14.1,0,1.02,290,0,4
12/30/24 21:00,0.9,6.1,435,95.4,14.1,0,1.08,289,0,4
12/30/24 22:00,0.9,6.1,440,96.5,13.7,0,-0.05,32,0,4
12/30/24 23:00,0.9,6.1,438,95.7,13.7,0,-0.05,37,0,4
12/31/24 0:00,0.9,6.1,439,94,13.7,0,-0.01,33,0,4
12/31/24 1:00,0.9,6.1,436,94.1,13.7,0,-0.01,29,0,4
12/31/24 2:00,1,6,437,94.4,13.7,0,-0.01,39,0,4
12/31/24 3:00,0.9,6.1,438,97.4,13.5,0,-0.03,37,0,4
12/31/24 4:00,1.1,6,439,97.1,13.5,0,-0.03,28,0,4
12/31/24 5:00,1,6,439,97,13.5,0,-0.03,35,0,4
12/31/24 6:00,1.1,5.9,440,98.1,13.5,0,-0.03,34,0,4
12/31/24 7:00,1.1,6,441,97.9,13.5,0,-0.03,42,0,4
12/31/24 8:00,1,6,442,95.9,13.5,0,-0.03,38,0,4
12/31/24 9:00,1,6.1,441,96.9,13.4,0,-1.19,39,0,4
12/31/24 10:00,1,6.2,440,97.6,13.4,0,-1.19,37,0,4
12/31/24 11:00,1,6.2,439,97.7,13.4,0,-1.19,36,0,4
12/31/24 12:00,1,6.2,439,97.5,13.4,0,-1.39,28,0,4
12/31/24 13:00,1,6.2,438,97.3,13.4,0,-1.39,35,0,4
12/31/24 14:00,1,6.2,438,97.5,13.4,0,-1.39,30,0,4
12/31/24 15:00,1,6.2,443,99.7,13.6,23,-0.69,28,0,4
12/31/24 16:00,1,6.1,442,99.8,13.6,24,-0.69,33,0,4
12/31/24 17:00,1,6.1,443,99.7,13.6,24,-0.59,34,0,4
12/31/24 18:00,0.9,6.1,443,99.3,13.6,24,-0.59,32,0,4
12/31/24 19:00,0.9,6.1,443,99,13.5,16,-0.59,34,0,4
12/31/24 20:00,0.9,6.1,443,99.1,13.5,15,-0.59,37,0,4
12/31/24 21:00,0.9,6.1,445,97.5,15,41,2.7,34,0,4
12/31/24 22:00,0.9,6.1,444,96.7,15,41,2.7,29,0,4
12/31/24 23:00,0.9,6.1,445,96.5,15.1,45,2.7,34,0,4
1/1/25 0:00,0.9,6.2,458,95.9,14.2,0,-2.93,65,0,4
1/1/25 1:00,0.8,6.2,457,96.6,14.2,0,-2.93,64,0,4
1/1/25 2:00,0.8,6.2,458,96.4,14.2,0,-2.97,70,0,4
1/1/25 3:00,0.8,6.2,456,96.3,14.2,0,-2.97,64,0,4
1/1/25 4:00,0.8,6.2,458,96.6,14.2,0,-2.97,68,0,4
1/1/25 5:00,0.8,6.2,457,97.6,14.2,0,-2.97,63,0,4
1/1/25 6:00,0.8,6.2,463,97.8,14,0,-3.41,70,0,4
1/1/25 7:00,0.8,6.2,462,96.9,14,0,-3.41,64,0,4
1/1/25 8:00,0.8,6.2,462,96.6,14,0,-3.41,69,0,4
1/1/25 9:00,0.8,6.2,462,97,13.9,0,-3.41,63,0,4
1/1/25 10:00,1.1,6.1,463,96.9,14,0,-3.41,66,0,4
1/1/25 11:00,0.9,6.2,469,98,13.8,0,-2.63,65,0,4
1/1/25 12:00,0.7,6,468,98.6,13.8,0,-2.63,65,0,4
1/1/25 13:00,1.1,6.3,467,98.8,13.7,0,-2.63,62,0,4
1/1/25 14:00,0.9,6.2,468,99.9,13.7,0,-2.63,64,0,4
1/1/25 15:00,0.8,6.2,467,98.9,13.7,0,-2.75,65,0,4
1/1/25 16:00,0.7,6.3,467,99.1,13.8,0,-2.75,64,0,4
1/1/25 17:00,0.7,6.3,470,99.3,13.9,0,-3.13,67,0,4
1/1/25 18:00,0.7,6.3,470,99.7,13.9,0,-2.87,64,0,4
1/1/25 19:00,0.7,6.3,470,99.5,14,0,-2.87,65,0,4
1/1/25 20:00,0.7,6.3,470,96.7,14,0,-2.87,68,0,4
1/1/25 21:00,0.7,6.3,469,97,13.9,0,-2.87,66,0,4
1/1/25 22:00,0.7,6.2,476,99,13.9,0,-3.33,64,0,4
1/1/25 23:00,0.7,6.3,476,99.6,13.9,0,-3.33,67,0,4
1/2/25 0:00,0.7,6.3,475,99.9,13.9,0,-3.33,65,0,4
1/2/25 1:00,0.7,6.3,476,99.9,13.9,0,-3.33,68,0,4
1/2/25 2:00,0.7,6.3,475,99.9,13.9,0,-3.33,69,0,4
1/2/25 3:00,0.7,6.3,475,99.2,13.9,0,-3.21,66,0,4
1/2/25 4:00,0.7,6.3,475,97.5,13.7,0,-1.71,177,0,4
1/2/25 5:00,0.7,6.3,477,97.2,13.7,0,-1.71,183,0,4
1/2/25 6:00,0.7,6.3,476,97.3,13.7,0,-1.71,186,0,4
1/2/25 7:00,0.6,6.3,476,96.1,13.7,0,-1.71,185,0,4
1/2/25 8:00,0.6,6.3,477,96.1,13.7,0,-1.87,177,0,4
1/2/25 9:00,0.6,6.3,476,97.6,13.7,0,-1.87,183,0,4
1/2/25 10:00,1.1,6.2,474,97.8,13.8,0,-0.81,102,0.5,4
1/2/25 11:00,0.9,6.2,475,98,13.8,0,-0.81,97,0.5,4
1/2/25 12:00,0.7,6.1,476,97.9,13.8,0,-1.15,100,1,4
1/2/25 13:00,1.2,6.2,475,97.5,13.8,0,-1.15,99,0.5,4
1/2/25 14:00,1,6.2,474,97.8,13.8,0,-1.15,99,0.5,4
1/2/25 15:00,0.9,6,474,98,13.9,0,-1.15,101,0.5,4
1/2/25 16:00,0.8,6,466,98.2,13.8,0,-0.89,103,0.5,4
1/2/25 17:00,0.7,6.1,467,98.1,13.8,0,-0.89,107,0,4
1/2/25 18:00,0.7,6.1,468,97.8,13.8,0,-0.89,105,0,4
1/2/25 19:00,0.7,6.1,469,97.7,13.8,0,-0.89,108,0.5,4
1/2/25 20:00,0.7,6.1,469,97.6,13.8,0,-0.89,105,0.5,4
1/2/25 21:00,0.7,6.1,468,97.6,13.8,0,-1.01,108,0.5,4
1/2/25 22:00,0.7,6.1,461,99,13.7,0,-1.19,97,0,4
1/2/25 23:00,0.6,6.1,461,97.2,13.7,0,-1.19,94,0,4
1/3/25 0:00,0.6,6.1,461,97.4,13.7,0,-1.41,94,0,4
1/3/25 1:00,0.6,6.1,462,96.7,13.7,0,-1.41,94,0,4
1/3/25 2:00,0.6,6.1,464,96.3,13.7,0,-1.41,95,0,4
1/3/25 3:00,0.6,6.1,461,99.3,14.6,44,-0.39,106,0,4
1/3/25 4:00,0.6,6.1,461,99.4,14.6,44,-0.37,103,0,4
1/3/25 5:00,0.6,6.1,461,99.4,14.6,43,-0.37,101,0,4
1/3/25 6:00,0.6,6.1,461,99.4,14.5,43,-0.37,103,0,4
1/3/25 7:00,0.6,6.1,461,99.3,14.5,43,-0.37,103,0,4
1/3/25 8:00,0.6,6.1,461,98.6,14.6,43,-0.37,106,0,4
1/3/25 9:00,0.6,6.1,440,99.9,18.5,164,2.04,93,2.1,4
1/3/25 10:00,1.1,6.2,440,99.9,18.4,164,2.04,89,2.1,4
1/3/25 11:00,0.9,6.2,440,99.9,18.4,165,2.04,88,1.5,4
1/3/25 12:00,1.2,6,440,99.9,18.4,171,2.04,85,1.5,4
1/3/25 13:00,0.7,6,440,99.9,18.5,171,2.04,113,1.5,4
1/3/25 14:00,1.2,6.2,411,96.9,22.9,269,3.96,103,1,4
1/3/25 15:00,1,6.3,411,96.4,23,268,3.96,106,1.5,4
1/3/25 16:00,0.9,6.3,411,94.5,22.9,268,3.96,106,1.5,4
1/3/25 17:00,0.9,6.3,412,95.4,22.9,268,3.96,104,1.5,4
1/3/25 18:00,0.9,6.3,413,94.1,22.9,268,3.98,104,1,4
1/3/25 19:00,0.9,6.3,409,98.2,26.3,327,6.62,201,0,4
1/3/25 20:00,0.9,6.3,409,98.3,26.3,327,6.62,206,0.5,4
1/3/25 21:00,0.9,6.3,410,98.4,26.3,328,6.86,201,1,4
1/3/25 22:00,0.9,6.3,409,99.6,26.2,326,6.86,197,1,4
1/3/25 23:00,0.9,6.3,409,99.3,26.3,326,6.86,201,1,4
1/4/25 0:00,0.8,6.3,408,98.9,26.3,326,6.86,206,1,4
1/4/25 1:00,0.8,6.3,405,97.5,28,309,7.42,199,1.5,4
1/4/25 2:00,0.8,6.3,405,97.2,27.9,309,7.42,194,1.5,4
1/4/25 3:00,0.8,6.3,405,97.1,27.9,308,7.42,192,2.6,4
1/4/25 4:00,0.8,6.3,405,96.9,28,306,7.42,193,1.5,4
1/4/25 5:00,0.8,6.3,405,96.8,28,305,7.68,194,1.5,4
1/4/25 6:00,0.8,6.3,408,98.7,27.9,261,8.12,335,3.6,4
1/4/25 7:00,0.8,6.3,407,98.7,27.9,261,8.12,344,2.1,4
1/4/25 8:00,0.8,6.3,407,97.2,27.9,259,8.12,325,2.6,4
1/4/25 9:00,0.8,6.3,408,98.4,28,256,8,308,2.1,4
1/4/25 10:00,1,6.1,408,98.7,27.9,252,8,295,2.1,4
1/4/25 11:00,0.8,6.2,408,97.7,27.9,252,8,256,2.1,4
1/4/25 12:00,0.8,6.3,412,99,26.7,179,8.48,206,2.6,4
1/4/25 13:00,1.1,6.2,412,96.9,26.8,178,8.48,209,2.1,4
1/4/25 14:00,0.9,6.2,412,97,26.8,178,8.48,185,2.6,4
1/4/25 15:00,0.8,6.2,411,97,26.8,177,8.48,188,2.6,4
1/4/25 16:00,0.8,6.1,412,97.3,26.8,177,8.48,291,1,4
1/4/25 17:00,0.7,6.2,413,97.4,26.8,178,8.48,336,1.5,4
1/4/25 18:00,0.7,6.2,415,99.9,23.6,50,8.48,233,1.5,4
1/4/25 19:00,0.7,6.2,415,99.9,23.5,47,8.48,250,2.6,4
1/4/25 20:00,0.6,6.2,415,99.9,23.5,48,8.48,268,2.1,4
1/4/25 21:00,0.6,6.2,416,99.9,23.5,46,8.44,202,3.1,4
1/4/25 22:00,0.6,6.2,416,99.9,23.5,47,8.44,224,3.6,4
1/4/25 23:00,0.6,6.2,417,99.9,23.5,47,8.44,264,2.1,4
1/5/25 0:00,0.6,6.2,415,99.9,18.8,0,7.5,279,1.5,4
1/5/25 1:00,0.6,6.2,415,99.9,18.8,1,7.58,281,1,4
1/5/25 2:00,0.6,6.2,414,99.9,18.8,1,7.58,280,1,4
1/5/25 3:00,0.6,6.2,415,99.9,18.7,1,7.58,281,0.5,4
1/5/25 4:00,0.6,6.2,413,99.9,18.7,1,7.58,281,1,4
1/5/25 5:00,0.6,6.2,412,99.9,18.7,1,7.58,278,0.5,4
1/5/25 6:00,0.6,6.2,418,95.5,16.2,0,6.48,293,0.5,4
1/5/25 7:00,0.6,6.2,419,98.4,16.2,0,6.48,297,0.5,4
1/5/25 8:00,0.6,6.2,419,97.6,16.2,0,6.48,294,0.5,4
1/5/25 9:00,0.6,6.2,419,98.1,16.2,0,6.48,296,0,4
1/5/25 10:00,1.1,6.2,418,99.3,16.2,0,6.48,296,0,4
1/5/25 11:00,0.8,6.2,419,99.9,16.2,0,6.48,294,0,4
1/5/25 12:00,0.8,6.3,433,96.4,17.7,0,5.66,285,0.5,4
1/5/25 13:00,0.7,6,432,97.9,17.7,0,5.66,290,0.5,4
1/5/25 14:00,0.6,6,431,97.9,17.7,0,5.66,285,0,4
1/5/25 15:00,0.5,6,430,97.9,17.7,0,5.3,287,0,4
1/5/25 16:00,1.1,6.2,431,97.3,17.7,0,5.3,285,0,4
1/5/25 17:00,0.9,6.2,439,97.4,17.1,0,3.02,46,1,4
1/5/25 18:00,0.9,6.2,439,97.3,17.1,0,2.76,44,0.5,4
1/5/25 19:00,0.8,6.2,439,98,17.1,0,2.76,45,0.5,4
1/5/25 20:00,0.8,6.2,440,98.2,17.1,0,2.76,43,1,4
1/5/25 21:00,0.8,6.2,440,98.9,17.1,0,2.76,43,0.5,4
1/5/25 22:00,0.8,6.2,439,99.1,17.1,0,2.76,41,1,4
1/5/25 23:00,0.8,6.2,447,98.2,16.5,0,2.1,47,0,4
1/6/25 0:00,0.8,6.2,449,98.3,16.5,0,2.1,46,0,4
1/6/25 1:00,0.8,6.2,449,94.8,16.5,0,2.1,43,0,4
1/6/25 2:00,0.8,6.2,449,94.4,16.5,0,2.1,45,0,4
1/6/25 3:00,0.8,6.2,449,95.6,16.5,0,2.26,48,0,4
1/6/25 4:00,0.8,6.2,448,95.4,16.5,0,2.26,46,0,4
1/6/25 5:00,0.8,6.2,451,99.5,16.2,0,1.14,46,0,4
1/6/25 6:00,0.7,6.2,452,98.4,16.2,0,1.14,46,0,4
1/6/25 7:00,0.7,6.2,451,99.6,16.2,0,1.14,46,0,4
1/6/25 8:00,0.7,6.2,452,99.9,16.2,0,1.14,46,0,4
1/6/25 9:00,0.7,6.2,453,99.6,16.2,0,1.14,46,0,4
1/6/25 10:00,1.1,6.2,453,99.7,16.2,0,1.14,45,0,4
1/6/25 11:00,0.8,6.1,462,98.1,15.9,0,1.38,50,0,4
1/6/25 12:00,0.7,6.1,463,99.9,15.9,0,1.38,49,0,4
1/6/25 13:00,0.9,6.2,461,99.9,16,0,1.38,50,0,4
1/6/25 14:00,1,6.2,461,99.4,16,0,1.54,48,0,4
1/6/25 15:00,1.1,6.2,460,99.1,16,0,1.54,47,0,4
1/6/25 16:00,1.1,6.3,460,99.4,15.9,0,1.54,49,0,4
1/6/25 17:00,0.9,6.3,467,99,15.7,0,0.46,50,0,4
1/6/25 18:00,0.9,6.3,469,99.4,15.7,0,0.46,48,0,4
1/6/25 19:00,0.9,6.3,469,99.5,15.7,0,0.56,47,0,4
1/6/25 20:00,0.8,6.3,468,99.9,15.7,0,0.56,49,0,4
1/6/25 21:00,0.8,6.3,469,99.9,15.7,0,0.56,48,0,4
1/6/25 22:00,0.8,6.3,470,99.9,15.7,0,0.56,49,0,4
1/6/25 23:00,0.8,6.3,471,96.2,15.3,0,-0.33,48,0,4
1/7/25 0:00,0.8,6.3,471,95.9,15.3,0,-0.33,47,0,4
1/7/25 1:00,0.8,6.3,472,94.5,15.3,0,-0.33,48,0,4
1/7/25 2:00,0.8,6.3,473,94.5,15.3,0,-0.33,48,0,4
1/7/25 3:00,0.8,6.3,475,97.4,15.3,0,-0.33,48,0,4
1/7/25 4:00,0.8,6.3,479,99.9,14.9,0,-0.79,51,0,4
1/7/25 5:00,0.8,6.3,479,97.5,15,0,-0.79,50,0,4
1/7/25 6:00,0.8,6.3,479,97,15,0,-0.79,48,0,4
1/7/25 7:00,0.8,6.3,479,96.7,15,0,-0.79,48,0,4
1/7/25 8:00,0.8,6.3,480,99.4,15,0,-1.23,52,0,4
1/7/25 9:00,0.8,6.3,479,99.2,15,0,-1.23,50,0,4
1/7/25 10:00,1.1,6.2,481,98.4,14.6,0,-1.13,47,0,4
1/7/25 11:00,0.9,6.3,480,99,14.5,0,-1.13,48,0,4
1/7/25 12:00,0.6,5.9,480,98.6,14.5,0,-1.13,54,0,4
1/7/25 13:00,1.2,6.2,480,98.3,14.5,0,-1.43,49,0,4
1/7/25 14:00,0.9,6.2,480,93.6,14.6,0,-1.43,47,0,4
1/7/25 15:00,1.2,6.2,479,93.5,14.6,0,-1.43,50,0,4
1/7/25 16:00,1,6.2,480,98.4,14.3,0,-1.59,46,0,4
1/7/25 17:00,0.9,6.2,480,99.2,14.3,0,-1.59,47,0,4
1/7/25 18:00,0.8,6.3,479,99.5,14.2,0,-1.69,46,0,4
1/7/25 19:00,0.8,6.2,478,98.7,14.2,0,-1.69,49,0,4
1/7/25 20:00,0.8,6.2,478,98.5,14.3,0,-1.69,49,0,4
1/7/25 21:00,0.8,6.2,479,98.4,14.3,0,-1.69,47,0,4
1/7/25 22:00,0.8,6.3,483,96.5,14,0,-1.73,52,0,4
1/7/25 23:00,0.8,6.2,483,97.2,14,0,-1.73,51,0,4
1/8/25 0:00,0.8,6.3,482,96.9,14,0,-1.73,51,0,4
1/8/25 1:00,0.8,6.3,481,97,14,0,-1.73,51,0,4
1/8/25 2:00,0.8,6.3,481,97.5,14,0,-1.73,52,0,4
1/8/25 3:00,0.8,6.3,482,97.7,14.1,0,-1.73,52,0,4
1/8/25 4:00,0.8,6.3,489,99.5,13.8,0,-2.83,52,0,4
1/8/25 5:00,0.8,6.2,489,98.9,13.8,0,-2.83,52,0,4
1/8/25 6:00,0.8,6.3,489,99.9,13.8,0,-2.83,52,0,4
1/8/25 7:00,0.8,6.2,488,99.3,13.8,0,-2.69,50,0,4
1/8/25 8:00,0.8,6.2,487,99.5,13.7,0,-2.69,51,0,4
1/8/25 9:00,0.7,6.3,485,98.5,13.5,0,-2.77,53,0,4
1/8/25 10:00,1.1,6.2,487,98.9,13.5,0,-2.77,54,0,4
1/8/25 11:00,0.8,6.3,485,99.4,13.5,0,-2.77,52,0,4
1/8/25 12:00,1.1,6.2,486,99,13.5,0,-2.77,52,0,4
1/8/25 13:00,0.9,6.2,487,98.9,13.5,0,-2.77,52,0,4
1/8/25 14:00,1.1,6.2,489,98.2,13.4,0,-2.43,51,0,4
1/8/25 15:00,1.2,6.2,488,98.5,13.4,0,-2.43,51,0,4
1/8/25 16:00,1,6.3,489,98.4,13.4,0,-2.43,52,0,4
1/8/25 17:00,0.9,6.3,488,98.3,13.4,0,-2.43,54,0,4
1/8/25 18:00,0.9,6.3,488,98.2,13.4,0,-2.43,52,0,4
1/8/25 19:00,0.9,6.3,488,97.9,13.4,0,-2.43,53,0,4
1/8/25 20:00,0.9,6.3,491,96.4,14,89,-1.77,52,0,4
1/8/25 21:00,0.8,6.3,492,96.1,14,90,-1.77,51,0,4
1/8/25 22:00,0.8,6.3,492,95.2,14,92,-1.77,50,0,4
1/8/25 23:00,0.8,6.3,493,94.9,14,91,-1.77,52,0,4
1/9/25 0:00,0.8,6.3,493,95.9,14.1,89,-1.71,51,0,4
1/9/25 1:00,0.8,6.3,491,96.3,14.1,89,-1.71,52,0,4
1/9/25 2:00,0.8,6.3,795,95.5,18.4,165,1.14,53,0,4
1/9/25 3:00,0.8,6.3,801,95.9,18.3,165,1.14,50,0,4
1/9/25 4:00,0.8,6.3,804,95.9,18.3,168,1.4,49,0,4
1/9/25 5:00,0.8,6.3,802,94.7,18.4,168,1.4,50,0,4
1/9/25 6:00,0.8,6.3,794,97,18.3,168,1.4,52,0,4
1/9/25 7:00,0.8,6.3,630,99.4,22.9,278,1.78,215,1.5,4
1/9/25 8:00,0.8,6.3,629,99.4,22.9,278,1.86,216,1.5,4
1/9/25 9:00,0.8,6.3,628,99.3,23,277,1.86,215,1.5,4
1/9/25 10:00,1.1,6.2,627,99.1,23,277,1.86,214,1,4
1/9/25 11:00,1.2,6.1,626,98,23,276,1.86,216,1,4
1/9/25 12:00,1,6.2,626,99.4,23,277,1.86,215,1,4
1/9/25 13:00,1.2,6.2,510,98.5,26.2,336,3.66,36,0.5,4
1/9/25 14:00,1.1,6.2,511,98.5,26.2,334,3.66,36,0,4
1/9/25 15:00,1.1,6.2,512,97.8,26.3,333,3.66,36,0,4
1/9/25 16:00,1,6.2,513,97.7,26.3,333,3.66,35,0.5,4
1/9/25 17:00,0.9,6.3,514,97.8,26.2,332,3.8,33,0.5,4
1/9/25 18:00,0.9,6.3,458,99,25,326,4.14,263,2.1,4
1/9/25 19:00,0.9,6.3,458,98.9,25,327,4.14,308,3.1,4
1/9/25 20:00,0.9,6.3,457,98.7,25,325,3.8,322,2.1,4
1/9/25 21:00,0.8,6.3,457,99.1,25,325,3.8,307,1.5,4
1/9/25 22:00,0.8,6.3,459,99.5,25,324,3.8,296,2.1,4
1/9/25 23:00,0.8,6.3,458,99.9,24.8,325,3.8,269,2.6,4
1/10/25 0:00,0.8,6.3,433,99.9,19.9,258,5.68,298,1.5,4
1/10/25 1:00,0.8,6.3,433,99.9,19.9,256,5.68,263,2.1,4
1/10/25 2:00,0.8,6.3,432,99.9,19.9,257,5.68,280,1.5,4
1/10/25 3:00,0.8,6.3,431,99.9,19.9,258,5.68,360,2.1,4
1/10/25 4:00,0.8,6.3,431,99.9,19.8,258,5.74,360,1.5,4
1/10/25 5:00,0.8,6.3,472,92.2,21.4,159,5.34,319,1,4
1/10/25 6:00,0.8,6.3,473,91.9,21.4,159,5.34,318,1,4
1/10/25 7:00,0.8,6.3,473,92.4,21.4,158,5.34,275,2.6,4
1/10/25 8:00,0.8,6.3,474,92.4,21.4,157,5.34,283,2.1,4
1/10/25 9:00,0.8,6.3,474,92.6,21.4,159,5.2,285,1,4
1/10/25 10:00,1,6.2,473,92.9,21.5,159,5.2,282,1.5,4
1/10/25 11:00,1.1,6.1,448,99.9,21,43,4.9,283,1.5,4
1/10/25 12:00,0.9,6.2,449,99.9,21,44,4.82,315,2.6,4
1/10/25 13:00,1.1,6.2,447,99.9,21,47,4.82,329,2.6,4
1/10/25 14:00,1.2,6.2,448,99.9,21,47,4.82,295,1.5,4
1/10/25 15:00,1.2,6.2,448,99.9,21.1,45,4.82,211,2.6,4
1/10/25 16:00,1,6.2,447,99.9,21,45,4.82,205,1,4
1/10/25 17:00,0.9,6.2,437,96.9,16.9,0,4.24,182,1,4
1/10/25 18:00,0.9,6.2,438,96.7,16.9,0,4.24,186,1,4
1/10/25 19:00,0.9,6.3,439,96.6,16.9,0,4.24,183,1,4
1/10/25 20:00,0.8,6.3,438,96.9,16.9,0,4.24,187,1.5,4
1/10/25 21:00,0.8,6.3,438,96.1,16.9,0,4.24,270,0.5,4
1/10/25 22:00,0.8,6.3,441,98.2,13.7,0,2.74,279,1,4
1/10/25 23:00,0.8,6.3,441,98.6,13.6,0,2.74,279,1,4
1/11/25 0:00,0.8,6.3,443,98.6,13.6,0,2.74,279,1,4
1/11/25 1:00,0.8,6.3,442,98.7,13.6,0,2.84,278,1,4
1/11/25 2:00,0.8,6.3,441,98.3,13.6,0,2.84,279,1,4
1/11/25 3:00,0.8,6.3,442,99.3,13.6,0,2.84,282,0.5,4
1/11/25 4:00,0.8,6.3,445,99.9,12.5,0,1.94,291,0,4
1/11/25 5:00,0.7,6.3,445,99.9,12.5,0,1.94,293,0,4
1/11/25 6:00,0.7,6.3,446,99.3,12.6,0,1.84,294,0,4
1/11/25 7:00,0.7,6.3,446,98.1,12.5,0,1.84,296,0,4
1/11/25 8:00,0.7,6.3,447,98,12.6,0,1.84,292,0,4
1/11/25 9:00,0.7,6.3,446,99.9,12.5,0,1.84,294,0,4
1/11/25 10:00,1.1,6.2,454,99.9,11.6,0,-0.05,52,0.5,4
1/11/25 11:00,1.1,6.1,453,99.9,11.6,0,-0.05,51,0,4
1/11/25 12:00,1,6.2,453,99.6,11.6,0,-0.05,51,0.5,4
1/11/25 13:00,1.1,6.2,452,98.3,11.6,0,-0.05,51,1,4
1/11/25 14:00,0.9,6.3,451,98.3,11.6,0,-0.05,52,1,4
1/11/25 15:00,1.1,6.2,451,99.1,11.5,0,-0.05,47,0.5,4
1/11/25 16:00,0.9,6.3,455,99.9,10.8,0,-0.61,50,0,4
1/11/25 17:00,0.8,6.3,455,99.9,10.8,0,-0.61,50,0,4
1/11/25 18:00,0.8,6.3,456,99.9,10.8,0,-0.61,50,0,4
1/11/25 19:00,0.8,6.3,458,99.9,10.8,0,-0.61,50,0,4
1/11/25 20:00,0.8,6.3,459,99.6,10.8,0,-0.77,52,0,4
1/11/25 21:00,0.8,6.3,459,99.4,10.8,0,-0.77,50,0,4
1/11/25 22:00,0.8,6.3,458,95.7,10.3,0,-1.17,49,0,4
1/11/25 23:00,0.7,6.3,458,95.5,10.3,0,-1.17,50,0,4
1/12/25 0:00,0.7,6.3,458,95.7,10.3,0,-1.17,50,0,4
1/12/25 1:00,0.7,6.3,458,95.9,10.3,0,-1.15,51,0,4
1/12/25 2:00,0.7,6.3,461,96.5,10.2,0,-1.15,50,0,4
1/12/25 3:00,0.7,6.3,462,96,10.3,0,-1.15,48,0,4
1/12/25 4:00,0.7,6.3,465,99.9,10,0,-2.15,49,0,4
1/12/25 5:00,0.7,6.3,466,99.9,10,0,-2.15,49,0,4
1/12/25 6:00,0.7,6.3,466,99.9,9.9,0,-2.15,48,0,4
1/12/25 7:00,0.7,6.3,466,99.9,9.9,0,-2.15,49,0,4
1/12/25 8:00,0.7,6.3,466,99.9,10,0,-2.15,52,0,4
1/12/25 9:00,0.7,6.3,465,99.9,10,0,-1.93,51,0,4
1/12/25 10:00,1.1,6.3,465,98.1,9.9,0,-2.77,50,0,4
1/12/25 11:00,1.1,6.2,466,97,9.9,0,-2.77,49,0,4
1/12/25 12:00,1.2,6.2,467,97.4,9.9,0,-2.77,48,0,4
1/12/25 13:00,0.9,6.2,467,98.5,9.9,0,-2.77,50,0,4
1/12/25 14:00,1.1,6.2,467,99.1,9.9,0,-2.59,50,0,4
1/12/25 15:00,1.2,6.2,467,98.7,9.9,0,-2.59,51,0,4
1/12/25 16:00,0.9,6.3,465,97.4,9.5,0,-0.17,300,3.6,4
1/12/25 17:00,0.9,6.3,464,99,9.5,0,-0.19,315,3.1,4
1/12/25 18:00,0.8,6.3,463,99.1,9.5,0,-0.19,285,2.1,4
1/12/25 19:00,0.8,6.3,462,99.1,9.5,0,-0.19,326,1.5,4
1/12/25 20:00,0.8,6.3,462,99.2,9.5,0,-0.19,339,1.5,4
1/12/25 21:00,0.8,6.3,461,97.7,9.1,0,-1.75,222,1.5,4
1/12/25 22:00,0.8,6.3,461,97.5,9.2,0,-1.75,219,0.5,4
1/12/25 23:00,0.8,6.3,461,96.5,9.1,0,-1.75,244,4.7,4
1/13/25 0:00,0.8,6.3,461,96.7,9.1,0,-1.75,259,1.5,4
1/13/25 1:00,0.8,6.3,461,95.2,9.1,0,-1.75,162,1.5,4
1/13/25 2:00,0.7,6.3,462,95.6,9.1,0,-1.89,277,3.6,4
1/13/25 3:00,0.7,6.3,454,96,8.5,0,-2.35,31,3.6,4
1/13/25 4:00,0.7,6.3,456,95.8,8.5,0,-2.35,24,3.1,4
1/13/25 5:00,0.7,6.3,456,95.5,8.5,0,-2.35,23,2.1,4
1/13/25 6:00,0.7,6.3,455,95.2,8.5,0,-2.59,22,1,4
1/13/25 7:00,0.7,6.3,454,97.1,8.5,0,-2.59,21,1.5,4
1/13/25 8:00,0.7,6.3,454,96.9,8.5,0,-2.59,268,1,4
1/13/25 9:00,0.7,6.3,455,97.6,8.2,0,-2.69,289,0,4
1/13/25 10:00,1.1,6.3,457,98.1,8.2,0,-2.67,292,0,4
1/13/25 11:00,1.1,6.2,457,97.5,8.2,0,-2.67,292,0,4
1/13/25 12:00,1.2,6.2,457,95.1,8.2,0,-2.67,294,0,4
1/13/25 13:00,1.1,6.1,457,96,8.2,0,-2.67,294,0,4
1/13/25 14:00,1,6.2,456,96.1,8.2,0,-2.67,290,0,4
1/13/25 15:00,1.1,6.2,453,97,8.1,0,-3.17,274,1,4
1/13/25 16:00,0.9,6.3,454,96.2,8,0,-3.17,272,1.5,4
1/13/25 17:00,0.9,6.3,455,96.8,8,0,-3.17,274,1,4
1/13/25 18:00,0.8,6.3,455,96.5,8,0,-3.17,273,1,4
1/13/25 19:00,0.8,6.3,456,96.8,8,0,-3.11,271,1.5,4
1/13/25 20:00,0.8,6.3,456,97.9,8,0,-3.11,272,1.5,4
1/13/25 21:00,0.8,6.3,457,99.9,7.7,0,-4.47,262,0,4
1/13/25 22:00,0.8,6.3,456,99.8,7.7,0,-4.47,260,0,4
1/13/25 23:00,0.8,6.3,456,98.8,7.6,0,-4.47,264,0,4
1/14/25 0:00,0.7,6.3,456,99.4,7.7,0,-4.63,305,0,4
1/14/25 1:00,0.7,6.3,457,99,7.7,0,-4.63,312,0,4
1/14/25 2:00,0.7,6.3,457,99.3,7.7,0,-4.63,319,0,4
1/14/25 3:00,0.7,6.3,462,93.5,7.3,0,-5.01,8,0,4
1/14/25 4:00,0.7,6.3,462,94.1,7.2,0,-5.11,8,0,4
1/14/25 5:00,0.7,6.3,462,96.1,7.3,0,-5.11,7,0,4
1/14/25 6:00,0.7,6.3,460,97.1,7.3,0,-5.11,8,0,4
1/14/25 7:00,0.7,6.3,460,96.8,7.3,0,-5.11,5,0,4
1/14/25 8:00,0.7,6.3,461,97.3,7.3,0,-5.11,8,0,4
1/14/25 9:00,0.7,6.3,462,98.6,7.2,0,-4.87,7,0,4
1/14/25 10:00,1.1,6.3,463,99.9,7.2,0,-4.87,7,0,4
1/14/25 11:00,0.8,6.3,462,99.9,7.1,0,-4.87,8,0,4
1/14/25 12:00,1.2,6.2,463,99.9,7.2,0,-4.87,8,0,4
1/14/25 13:00,1.1,6.3,463,99.9,7.2,0,-5.27,3,0,4
1/14/25 14:00,1.2,6.3,462,99.9,7.2,0,-5.27,6,0,4
1/14/25 15:00,0.9,6.3,463,94.1,8.6,39,-3.19,39,0,4
1/14/25 16:00,1.1,6.3,463,93.8,8.6,36,-3.19,39,0,4
1/14/25 17:00,0.9,6.3,463,93.8,8.6,36,-3.19,39,0,4
1/14/25 18:00,0.8,6.3,462,93.5,8.6,36,-2.93,40,0,4
1/14/25 19:00,0.8,6.3,462,95.1,8.6,36,-2.93,39,0,4
1/14/25 20:00,0.8,6.3,435,99.9,19.2,173,-1.11,304,2.6,4
1/14/25 21:00,0.8,6.3,435,99.9,19.2,173,-1.11,301,1.5,4
1/14/25 22:00,0.7,6.3,434,97.7,19.2,175,-1.11,304,1.5,4
1/14/25 23:00,0.9,6.2,434,97,19.2,176,-1.11,312,1.5,4
1/15/25 0:00,0.8,6.2,433,96.8,19.2,176,-1.11,313,1,4
1/15/25 1:00,0.8,6.2,433,97.1,19.2,176,-1.11,311,1,4
1/15/25 2:00,0.8,6.2,419,95.5,21.1,286,-0.57,277,1.5,4
1/15/25 3:00,0.8,6.2,419,97.5,21.1,289,-0.57,277,1.5,4
1/15/25 4:00,0.8,6.2,418,97.2,21.1,287,-0.57,277,0.5,4
1/15/25 5:00,0.8,6.2,418,98.2,21.1,287,-0.57,277,0.5,4
1/15/25 6:00,0.8,6.2,419,98.5,21.1,287,-0.57,277,0,4
1/15/25 7:00,0.8,6.2,418,98,21.1,286,-0.75,278,0.5,4
1/15/25 8:00,0.8,6.2,419,99.9,20.1,344,0.44,36,1.5,4
1/15/25 9:00,1.1,6.1,418,99.9,20.1,346,0.44,39,1.5,4
1/15/25 10:00,0.9,6.2,418,99.9,20,348,0.44,39,1,4
1/15/25 11:00,0.7,6,419,99.9,20,348,0.78,38,1,4
1/15/25 12:00,1.1,6.3,418,99.9,19.9,350,0.78,38,1,4
1/15/25 13:00,0.9,6.2,418,99.9,19.8,352,0.78,308,1,4
1/15/25 14:00,0.8,6.2,413,99.9,18.3,338,2.04,285,1.5,4
1/15/25 15:00,0.7,6.3,413,99.9,18.3,339,2.04,281,2.6,4
1/15/25 16:00,0.7,6.3,412,99.9,18.3,342,1.96,306,2.6,4
1/15/25 17:00,0.7,6.3,412,99.9,18.3,344,1.96,304,2.1,4
1/15/25 18:00,0.7,6.3,412,99.9,18.2,344,1.96,305,1.5,4
1/15/25 19:00,0.7,6.3,412,99.9,18.2,345,1.96,314,1.5,4
1/15/25 20:00,0.7,6.3,698,96.9,23.6,262,2.66,214,1.5,4
1/15/25 21:00,0.7,6.2,697,98.1,23.6,257,2.66,288,1.5,4
1/15/25 22:00,0.7,6.3,697,98.8,23.5,252,2.66,315,1.5,4
1/15/25 23:00,0.7,6.3,693,98.5,23.6,249,2.66,313,1,4
1/16/25 0:00,0.7,6.3,692,97.6,23.6,246,2.66,312,0.5,4
1/16/25 1:00,0.7,6.3,690,97.2,23.6,246,2.66,312,0.5,4
1/16/25 2:00,0.7,6.3,432,99.9,20,133,1.82,315,2.1,4
1/16/25 3:00,0.7,6.3,432,99.9,20,133,1.82,285,2.6,4
1/16/25 4:00,0.7,6.3,432,99.9,19.9,133,1.88,354,3.1,4
1/16/25 5:00,0.7,6.3,430,99.7,19.9,133,1.88,332,2.6,4
1/16/25 6:00,0.6,6.3,429,99.9,19.9,136,1.88,341,3.1,4
1/16/25 7:00,0.6,6.3,976,99.9,18.9,79,2.56,165,1,4
1/16/25 8:00,0.6,6.3,976,99.9,18.9,80,2.56,179,1.5,4
1/16/25 9:00,1.1,6.2,975,99.8,18.9,79,2.4,183,1,4
1/16/25 10:00,0.9,6.2,974,99.9,18.9,79,2.4,293,1,4
1/16/25 11:00,0.7,6.1,973,99.9,18.9,78,2.4,291,1.5,4
1/16/25 12:00,1.2,6.2,611,98.2,15.7,0,1.16,209,0.5,4
1/16/25 13:00,1,6.2,610,97.9,15.7,0,1.28,212,0.5,4
1/16/25 14:00,0.9,6,608,97.1,15.8,0,1.28,213,1,4
1/16/25 15:00,0.8,6,606,97.3,15.8,0,1.28,212,0.5,4
1/16/25 16:00,0.7,6.1,605,97,15.9,0,1.28,209,0.5,4
1/16/25 17:00,0.7,6.1,604,97.1,15.9,0,1.28,211,0.5,4
1/16/25 18:00,0.7,6.1,504,99.9,14.4,0,-0.59,206,2.1,4
1/16/25 19:00,0.7,6.1,505,99.9,14.4,0,-0.59,204,2.1,4
1/16/25 20:00,0.7,6.1,506,99.9,14.3,0,-0.59,180,2.6,4
1/16/25 21:00,0.7,6.1,508,99.7,14.3,0,-0.59,204,2.1,4
1/16/25 22:00,0.6,6.1,508,98.8,14.3,0,-0.59,208,2.1,4
1/16/25 23:00,0.6,6.1,507,98.9,14.4,0,-0.97,211,1.5,4
1/17/25 0:00,0.6,6.1,483,99.9,12.1,0,-1.11,167,0,4
1/17/25 1:00,0.6,6.1,483,99.9,12.1,0,-1.11,168,0,4
1/17/25 2:00,0.6,6.1,483,99.9,12.1,0,-1.15,166,0,4
1/17/25 3:00,0.6,6.1,482,99.9,12.1,0,-1.15,164,0,4
1/17/25 4:00,0.6,6.1,481,99.8,12.1,0,-1.15,163,0,4
1/17/25 5:00,0.6,6.1,480,99.6,12.1,0,-1.15,166,0,4
1/17/25 6:00,0.6,6.1,470,99.9,11.1,0,-1.59,54,1.5,4
1/17/25 7:00,0.6,6.1,470,99.9,11.1,0,-1.59,58,1,4
1/17/25 8:00,0.6,6.1,471,99.9,11.1,0,-1.59,54,1,4
1/17/25 9:00,1.1,6.2,471,99.9,11.2,0,-1.59,58,0.5,4
1/17/25 10:00,0.9,6.2,472,99.9,11.2,0,-1.59,55,0.5,4
1/17/25 11:00,1.2,6,473,99.9,11.1,0,-1.59,55,0.5,4
1/17/25 12:00,0.7,6,466,99.9,10.8,0,-0.95,55,0,4
1/17/25 13:00,1.2,6.2,467,99.9,10.9,0,-0.95,55,0,4
1/17/25 14:00,1,6.3,467,99.9,10.9,0,-0.95,56,0,4
1/17/25 15:00,0.9,6.3,468,99.9,10.9,0,-0.95,56,0,4
1/17/25 16:00,0.9,6.3,468,98.4,10.9,0,-1.11,58,0,4
1/17/25 17:00,0.9,6.3,469,98.5,10.9,0,-1.11,58,0,4
1/17/25 18:00,0.9,6.3,468,99.9,10.3,0,-1.79,53,0,4
1/17/25 19:00,0.9,6.3,467,99.7,10.3,0,-2.03,56,0,4
1/17/25 20:00,0.9,6.3,468,99.6,10.4,0,-2.03,55,0,4
1/17/25 21:00,0.9,6.3,468,99.4,10.4,0,-2.03,56,0,4
1/17/25 22:00,0.9,6.3,467,99.9,10.4,0,-2.03,58,0,4
1/17/25 23:00,0.8,6.3,470,99.9,10.3,0,-0.55,275,1.5,4
1/18/25 0:00,0.8,6.3,469,99.9,10.3,0,-0.55,259,1.5,4
1/18/25 1:00,0.8,6.3,469,99.9,10.3,0,-0.55,284,2.1,4
1/18/25 2:00,0.8,6.3,468,99.9,10.3,0,-0.55,287,1.5,4
1/18/25 3:00,0.8,6.3,468,99.9,10.3,0,-0.55,286,1,4
1/18/25 4:00,0.8,6.3,462,98.6,10.1,0,-0.15,280,0.5,4
1/18/25 5:00,0.8,6.3,463,97.7,10.2,0,-0.15,248,2.6,4
1/18/25 6:00,0.8,6.3,462,97.5,10.1,0,-0.15,284,1,4
1/18/25 7:00,0.8,6.3,463,98.4,10.1,0,-0.55,286,0.5,4
1/18/25 8:00,0.8,6.3,461,94.9,10.1,0,-0.55,277,2.1,4
1/18/25 9:00,1,6.1,460,99.8,9.7,0,-0.91,9,2.1,4
1/18/25 10:00,0.8,6.2,459,99.9,9.7,0,-0.91,9,1,4
1/18/25 11:00,0.8,6.3,460,99.9,9.7,0,-0.65,3,1,4
1/18/25 12:00,1.1,6.2,460,99.9,9.7,0,-0.65,284,2.6,4
1/18/25 13:00,0.9,6.2,460,98.1,9.7,0,-0.65,253,1.5,4
1/18/25 14:00,0.8,6.2,454,97.3,9,0,-1.33,299,0.5,4
1/18/25 15:00,0.8,6.1,454,98.7,8.9,0,-1.43,298,0,4
1/18/25 16:00,0.7,6.2,455,99.7,9,0,-1.43,298,0.5,4
1/18/25 17:00,0.7,6.2,454,99.1,9,0,-1.43,301,1,4
1/18/25 18:00,0.7,6.2,455,99.2,9,0,-1.43,299,1,4
1/18/25 19:00,0.6,6.2,455,98.3,8.5,0,-1.73,298,0,4
1/18/25 20:00,0.6,6.2,455,98.2,8.5,0,-1.73,299,0.5,4
1/18/25 21:00,0.6,6.2,455,98,8.5,0,-1.73,298,0,4
1/18/25 22:00,0.6,6.2,455,98,8.5,0,-1.73,297,0.5,4
1/18/25 23:00,0.6,6.2,455,98.7,8.5,0,-1.63,298,0,4
1/19/25 0:00,0.6,6.2,455,99.4,8.5,0,-1.63,298,0,4
1/19/25 1:00,0.6,6.2,457,93.3,8.3,0,-2.69,273,1,4
1/19/25 2:00,0.6,6.2,456,93.2,8.3,0,-2.69,270,0.5,4
1/19/25 3:00,0.6,6.2,455,93,8.2,0,-2.49,274,0.5,4
1/19/25 4:00,0.6,6.2,456,94.8,8.2,0,-2.49,272,0.5,4
1/19/25 5:00,0.6,6.2,456,92.4,8.2,0,-2.49,275,0,4
1/19/25 6:00,0.6,6.2,459,97.9,8,0,-3.01,272,1,4
1/19/25 7:00,0.6,6.2,460,98.1,8,0,-3.01,269,1,4
1/19/25 8:00,0.6,6.2,461,99,8,0,-3.01,272,1,4
1/19/25 9:00,1.1,6.2,461,98.7,8,0,-3.01,272,0.5,4
1/19/25 10:00,0.8,6.2,461,97.2,8,0,-3.01,269,0.5,4
1/19/25 11:00,0.8,6.3,460,95.8,8,0,-3.01,270,0.5,4
1/19/25 12:00,0.7,6,461,97,7.5,0,-4.63,285,1,4
1/19/25 13:00,0.6,6,461,96.8,7.5,0,-4.63,209,0.5,4
1/19/25 14:00,0.5,6,462,96.5,7.5,0,-4.63,297,0.5,4
1/19/25 15:00,1.1,6.2,462,96.1,7.5,0,-4.71,207,0.5,4
1/19/25 16:00,0.9,6.2,462,97,7.5,0,-4.71,268,0,4
1/19/25 17:00,0.9,6.2,460,98.2,7.5,0,-4.71,295,0.5,4
1/19/25 18:00,0.8,6.2,461,94.9,7.3,0,-4.55,208,0,4
1/19/25 19:00,0.8,6.2,462,95.7,7.3,0,-4.75,205,0,4
1/19/25 20:00,0.8,6.2,461,96.6,7.3,0,-4.75,254,0,4
1/19/25 21:00,0.8,6.2,461,99.5,7.3,0,-4.75,223,0,4
1/19/25 22:00,0.8,6.2,460,99.4,7.2,0,-4.75,209,0,4
1/19/25 23:00,0.8,6.2,459,97.8,7.1,4,-5.39,270,0,4
1/20/25 0:00,0.8,6.2,459,96.6,7.2,0,-5.39,298,0,4
1/20/25 1:00,0.8,6.2,460,97.3,7.2,0,-5.39,242,0,4
1/20/25 2:00,0.8,6.2,459,96.9,7.2,0,-5.39,208,0,4
1/20/25 3:00,0.8,6.2,459,96.7,7.2,0,-5.39,292,0,4
1/20/25 4:00,0.8,6.2,461,97.3,7.2,0,-5.39,290,0,4
1/20/25 5:00,0.7,6.2,457,95.5,8.7,35,-3.21,259,0,4
1/20/25 6:00,0.7,6.2,458,94.9,8.7,35,-3.21,300,0,4
1/20/25 7:00,0.7,6.2,457,94.8,8.7,34,-3.21,211,0,4
1/20/25 8:00,0.7,6.2,457,95.4,8.7,35,-3.21,236,0,4
1/20/25 9:00,1.1,6.2,458,94.5,8.7,36,-3.43,218,0,4
1/20/25 10:00,0.8,6.1,458,94.4,8.7,36,-3.43,251,0,4
1/20/25 11:00,0.7,6.1,432,94.8,21.3,178,-0.97,97,1,4
1/20/25 12:00,0.9,6.2,432,95.4,21.3,178,-0.97,98,1,4
1/20/25 13:00,1,6.2,433,96,21.3,179,-1.25,93,1,4
1/20/25 14:00,1.1,6.2,433,96,21.3,183,-1.25,92,1,4
1/20/25 15:00,1.1,6.3,433,96.6,21.3,183,-1.25,97,0.5,4
1/20/25 16:00,0.9,6.3,433,97.3,21.2,183,-1.25,100,0.5,4
1/20/25 17:00,0.9,6.3,416,99.2,22.4,284,0.72,115,0,4
1/20/25 18:00,0.9,6.3,417,99.4,22.4,290,0.72,118,0,4
1/20/25 19:00,0.8,6.3,418,99.4,22.5,294,0.72,114,0.5,4
1/20/25 20:00,0.8,6.3,419,99.2,22.4,294,0.72,116,0.5,4
1/20/25 21:00,0.8,6.3,419,98.5,22.4,297,0.72,115,0.5,4
1/20/25 22:00,0.8,6.3,419,97.7,22.5,295,0.72,120,0.5,4
1/20/25 23:00,0.8,6.3,426,98.2,24.4,357,2.3,233,1,4
1/21/25 0:00,0.8,6.3,423,98,24.4,357,2.3,234,0.5,4
1/21/25 1:00,0.8,6.3,422,97.6,24.4,359,2.3,232,0.5,4
1/21/25 2:00,0.8,6.3,420,98.1,24.4,356,2.3,229,0.5,4
1/21/25 3:00,0.8,6.3,420,98.5,24.5,356,2.3,231,0.5,4
1/21/25 4:00,0.8,6.3,419,98.3,24.5,357,2.46,234,0.5,4
1/21/25 5:00,0.8,6.3,428,94.1,24.9,335,2.98,331,0.5,4
1/21/25 6:00,0.8,6.3,428,95.5,24.8,336,2.98,331,0,4
1/21/25 7:00,0.8,6.3,428,95.6,24.7,337,2.98,332,0.5,4
1/21/25 8:00,0.8,6.3,428,95.9,24.7,337,3.16,331,1,4
1/21/25 9:00,1.1,6.2,429,94.6,24.8,336,3.16,333,1,4
1/21/25 10:00,0.9,6.3,429,95.6,24.8,335,3.16,329,1,4
1/21/25 11:00,0.6,5.9,424,99.1,24.5,316,5.14,53,1.5,4
1/21/25 12:00,1.2,6.2,423,98.1,24.5,304,5.14,53,1,4
1/21/25 13:00,0.9,6.2,424,98.2,24.5,301,5.14,52,0.5,4
1/21/25 14:00,1.2,6.2,424,98.2,24.5,298,5.14,53,0.5,4
1/21/25 15:00,1,6.2,424,98.1,24.6,297,5.14,53,0,4
1/21/25 16:00,0.9,6.2,424,98.2,24.5,287,5.14,52,0,4
1/21/25 17:00,0.8,6.3,419,98.6,21.4,153,4.74,93,1,4
1/21/25 18:00,0.8,6.2,418,99.2,21.4,151,4.74,93,1.5,4
1/21/25 19:00,0.8,6.2,418,99.5,21.4,148,4.74,91,1.5,4
1/21/25 20:00,0.8,6.2,416,99.9,21.3,142,4.74,92,1,4
1/21/25 21:00,0.8,6.3,416,99,21.3,142,4.76,90,1,4
1/21/25 22:00,0.8,6.2,416,99.9,21.3,134,4.76,88,1,4
1/21/25 23:00,0.8,6.3,410,99.9,18.5,52,3.62,204,0.5,4
1/22/25 0:00,0.8,6.3,410,99.4,18.6,53,3.62,203,0.5,4
1/22/25 1:00,0.8,6.3,410,99.1,18.6,54,3.62,220,0.5,4
1/22/25 2:00,0.8,6.3,410,99.3,18.6,54,3.62,219,1,4
1/22/25 3:00,0.8,6.3,410,99.7,18.6,55,3.62,219,1,4
1/22/25 4:00,0.8,6.2,410,99.4,18.6,56,3.62,218,0.5,4
1/22/25 5:00,0.8,6.3,410,99.9,17.1,4,4.02,268,0,4
1/22/25 6:00,0.8,6.2,410,99.9,17.1,3,4.02,269,0,4
1/22/25 7:00,0.8,6.2,411,99.9,17.1,3,4.02,267,0,4
1/22/25 8:00,0.7,6.3,410,99.9,17.1,3,4.02,267,0,4
1/22/25 9:00,1.1,6.2,411,99.9,17,1,4.02,267,0,4
1/22/25 10:00,0.8,6.3,421,99.5,13.7,0,2.2,21,1.5,4
1/22/25 11:00,1.1,6.2,422,99.7,13.7,0,2.2,24,1,4
1/22/25 12:00,0.9,6.2,422,99.7,13.7,0,2.2,22,1,4
1/22/25 13:00,1.1,6.2,421,99.8,13.7,0,2.2,34,2.1,4
1/22/25 14:00,1.2,6.2,421,99.9,13.6,0,1.98,35,1.5,4
1/22/25 15:00,1,6.3,421,99.9,13.6,0,1.98,34,1,4
1/22/25 16:00,0.9,6.3,434,99.5,12.1,0,-0.01,34,1,4
1/22/25 17:00,0.9,6.3,434,99.9,12.1,0,-0.01,34,0.5,4
1/22/25 18:00,0.9,6.3,434,98.1,12.1,0,0.04,34,1,4
1/22/25 19:00,0.9,6.3,435,98.6,12.1,0,0.04,35,1,4
1/22/25 20:00,0.8,6.3,435,98.1,12,0,0.04,35,1,4
1/22/25 21:00,0.8,6.3,435,98,12,0,0.04,38,1.5,4
1/22/25 22:00,0.8,6.3,445,98.5,10.9,0,-0.95,37,0,4
1/22/25 23:00,0.8,6.3,444,97.3,11,0,-0.87,36,0,4
1/23/25 0:00,0.8,6.3,445,97,11,0,-0.87,38,0,4
1/23/25 1:00,0.8,6.3,445,97,11,0,-0.87,41,0.5,4
1/23/25 2:00,0.8,6.3,444,96.8,11,0,-0.87,39,0,4
1/23/25 3:00,0.8,6.3,444,97,11,0,-0.87,37,0,4
1/23/25 4:00,0.8,6.3,454,97.5,10.5,0,-0.51,40,0,4
1/23/25 5:00,0.8,6.3,453,97.6,10.5,0,-0.51,36,0,4
1/23/25 6:00,0.8,6.3,453,97,10.5,0,-0.51,37,0,4
1/23/25 7:00,0.8,6.3,454,96.9,10.5,0,-0.51,43,0,4
1/23/25 8:00,0.8,6.3,454,97.8,10.5,0,-0.63,38,0,4
1/23/25 9:00,1.1,6.2,462,99.7,10,0,-0.69,40,0,4
1/23/25 10:00,1.2,6.1,462,99.6,10,0,-0.69,39,0,4
1/23/25 11:00,1,6.2,462,98,10,0,-0.77,33,0,4
1/23/25 12:00,1.2,6.2,460,98.6,10,0,-0.77,37,0,4
1/23/25 13:00,1.1,6.2,461,99,10,0,-0.77,38,0,4
1/23/25 14:00,1.1,6.2,461,99.9,10,0,-0.77,40,0,4
1/23/25 15:00,1,6.2,467,98,9.8,0,-0.89,42,0,4
1/23/25 16:00,0.9,6.3,468,99.9,9.8,0,-0.89,39,0,4
1/23/25 17:00,0.9,6.3,470,99.9,9.8,0,-0.89,37,0,4
1/23/25 18:00,0.9,6.3,471,98.9,9.8,0,-0.89,40,0,4
1/23/25 19:00,0.9,6.3,472,99.9,9.8,0,-0.89,39,0,4
1/23/25 20:00,0.8,6.3,475,96.6,9.6,0,-1.17,40,0,4
1/23/25 21:00,0.8,6.3,475,97.3,9.6,0,-1.27,38,0,4
1/23/25 22:00,0.8,6.3,475,96.3,9.6,0,-1.27,37,0,4
1/23/25 23:00,0.8,6.3,475,96.4,9.6,0,-1.27,40,0,4
1/24/25 0:00,0.8,6.3,475,96.2,9.6,0,-1.27,39,0,4
1/24/25 1:00,0.8,6.3,475,96.3,9.6,0,-1.27,38,0,4
1/24/25 2:00,0.8,6.3,472,99,9.6,0,-0.57,38,0,4
1/24/25 3:00,0.8,6.3,472,98.8,9.6,0,-0.57,38,0,4
1/24/25 4:00,0.8,6.3,471,98.1,9.6,0,-0.57,36,0,4
1/24/25 5:00,0.8,6.3,472,99.1,9.6,0,-0.57,39,0,4
1/24/25 6:00,0.8,6.3,472,99.1,9.6,0,-0.57,39,0,4
1/24/25 7:00,0.8,6.3,473,99.6,9.6,0,-0.45,37,0,4
1/24/25 8:00,0.8,6.3,472,95.9,9.7,0,-0.25,132,0,4
1/24/25 9:00,1,6.2,471,95.6,9.7,0,-0.25,131,0,4
1/24/25 10:00,1.1,6.1,472,95,9.7,0,-0.25,126,0,4
1/24/25 11:00,0.9,6.2,472,95.1,9.7,0,-0.11,131,0,4
1/24/25 12:00,1.1,6.2,473,96.4,9.6,0,-0.11,133,0,4
1/24/25 13:00,1.2,6.2,473,97.6,9.7,0,-0.11,133,0,4
1/24/25 14:00,1.2,6.2,462,95.8,10.3,0,0.72,60,1,4
1/24/25 15:00,1,6.2,461,96,10.3,0,1.1,83,1.5,4
1/24/25 16:00,0.9,6.2,462,96.1,10.3,0,1.1,92,1.5,4
1/24/25 17:00,0.9,6.2,463,99,10.3,0,1.1,93,1.5,4
1/24/25 18:00,0.9,6.3,465,98.8,10.3,0,1.1,90,0.5,4
1/24/25 19:00,0.8,6.3,462,99.9,10.2,0,0.3,121,0.5,4
1/24/25 20:00,0.8,6.3,465,99.9,10.2,0,0.3,121,1,4
1/24/25 21:00,0.8,6.3,464,99.9,10.2,0,0.3,123,1,4
1/24/25 22:00,0.8,6.3,465,99.9,10.2,0,0.3,121,0.5,4
1/24/25 23:00,0.8,6.3,465,99.9,10.2,0,0.3,123,2.6,4
1/25/25 0:00,0.8,6.3,455,98.3,10.4,0,0.6,80,1.5,4
1/25/25 1:00,0.8,6.3,454,99,10.4,0,0.6,84,1.5,4
1/25/25 2:00,0.8,6.3,454,99.9,10.3,0,0.6,77,1.5,4
1/25/25 3:00,0.8,6.3,453,99.8,10.3,0,0.92,91,2.1,4
1/25/25 4:00,0.7,6.3,454,99.7,10.4,0,0.92,119,2.6,4
1/25/25 5:00,0.7,6.3,456,99.6,10.4,0,0.92,126,2.1,4
1/25/25 6:00,0.7,6.3,452,96.6,10.3,0,-0.01,89,0,4
1/25/25 7:00,0.7,6.3,449,94.8,10.3,0,-0.01,87,0,4
1/25/25 8:00,0.7,6.3,452,95.2,10.3,0,0,91,0.5,4
1/25/25 9:00,1.1,6.2,453,95.6,10.3,0,0,88,0.5,4
1/25/25 10:00,1.1,6.1,454,95.2,10.3,0,0,88,0.5,4
1/25/25 11:00,1,6.2,454,96.8,10.3,0,0,91,1,4
1/25/25 12:00,1.1,6.2,451,98.8,10.5,0,0.82,58,1.5,4
1/25/25 13:00,0.9,6.3,450,98.6,10.5,0,1,56,1.5,4
1/25/25 14:00,1.1,6.2,450,98.6,10.5,0,1,53,2.1,4
1/25/25 15:00,0.9,6.3,450,99.8,10.5,0,1,50,1.5,4
1/25/25 16:00,0.8,6.3,449,99.7,10.5,0,1,68,2.1,4
1/25/25 17:00,0.8,6.3,449,98.3,10.5,0,1,84,3.1,4
1/25/25 18:00,0.8,6.3,444,99,10.6,0,1.58,131,2.6,4
1/25/25 19:00,0.8,6.3,443,99.7,10.6,0,1.58,145,1.5,4
1/25/25 20:00,0.8,6.3,443,99.1,10.6,0,1.58,216,1,4
1/25/25 21:00,0.8,6.3,444,99.7,10.6,0,1.58,107,2.1,4
1/25/25 22:00,0.7,6.3,443,99.7,10.6,0,1.58,130,2.6,4
1/25/25 23:00,0.7,6.3,443,99.9,10.6,0,1.54,110,2.1,4
1/26/25 0:00,0.7,6.3,440,99.9,10.7,2,1.58,23,1,4
1/26/25 1:00,0.7,6.3,439,99.9,10.7,2,1.58,22,1.5,4
1/26/25 2:00,0.7,6.3,441,99.9,10.7,3,1.58,24,1.5,4
1/26/25 3:00,0.7,6.3,441,99.9,10.7,2,1.66,25,1.5,4
1/26/25 4:00,0.7,6.3,441,97.8,10.7,1,1.66,23,1,4
1/26/25 5:00,0.7,6.3,441,97.1,10.7,1,1.66,23,1,4
1/26/25 6:00,0.7,6.3,428,96.5,18.3,18,1.28,38,1,4
1/26/25 7:00,0.7,6.3,428,95.7,18.3,20,1.54,40,1.5,4
1/26/25 8:00,0.7,6.3,428,96.7,18.3,27,1.54,54,1.5,4
1/26/25 9:00,1.1,6.3,429,95.7,18.3,30,1.54,42,2.1,4
1/26/25 10:00,1.1,6.2,430,96.2,18.3,33,1.54,42,1.5,4
1/26/25 11:00,1.2,6.2,429,96.2,18.3,38,1.54,38,2.6,4
1/26/25 12:00,0.9,6.2,420,99.9,15.2,46,1.28,107,2.1,4
1/26/25 13:00,1.1,6.2,419,99.9,15.2,48,1.28,118,1.5,4
1/26/25 14:00,1.2,6.2,417,99.9,15.2,48,1.28,114,1,4
1/26/25 15:00,0.9,6.3,417,99.3,15.3,48,1.28,115,0.5,4
1/26/25 16:00,0.9,6.3,417,98.8,15.3,50,1.28,112,0.5,4
1/26/25 17:00,0.8,6.3,415,99.3,15.3,49,1.16,95,2.6,4
1/26/25 18:00,0.8,6.3,408,98.7,15.8,92,2.12,99,4.7,4
1/26/25 19:00,0.8,6.3,409,98.3,15.8,96,2.12,74,4.7,4
1/26/25 20:00,0.8,6.3,409,98.1,15.9,96,2.12,81,4.2,4
1/26/25 21:00,0.8,6.3,409,97.6,15.9,100,2.12,83,4.2,4
1/26/25 22:00,0.8,6.3,409,97.9,15.9,100,2.36,92,2.6,4
1/26/25 23:00,0.8,6.3,408,96.4,15.9,102,2.36,86,2.6,4
1/27/25 0:00,0.8,6.3,402,97.4,17.5,144,2.86,102,1,4
1/27/25 1:00,0.7,6.3,402,94.1,17.5,145,3.2,81,2.6,4
1/27/25 2:00,0.7,6.3,401,92.4,17.5,144,3.2,117,5.2,4
1/27/25 3:00,0.7,6.3,400,92.4,17.5,141,3.2,137,1.5,4
1/27/25 4:00,0.7,6.3,401,93.2,17.5,141,3.2,123,1.5,4
1/27/25 5:00,0.7,6.3,400,93,17.5,143,3.2,53,3.1,4
1/27/25 6:00,0.7,6.3,404,92.3,18.9,6,2.02,97,0,4
1/27/25 7:00,0.7,6.3,405,93.2,18.8,7,2.02,107,0,4
1/27/25 8:00,0.7,6.3,405,93.2,18.8,5,2.02,104,0,4
1/27/25 9:00,1.1,6.3,405,93.3,18.8,5,2.02,101,0,4
1/27/25 10:00,1.1,6.2,404,93.2,18.8,11,2.02,96,0,4
1/27/25 11:00,1.2,6.2,403,99.9,17.9,136,3.86,86,1,4
1/27/25 12:00,1.1,6.1,404,99.9,17.8,138,3.86,100,1.5,4
1/27/25 13:00,1,6.2,403,99.9,17.8,144,3.86,115,1.5,4
1/27/25 14:00,1.1,6.2,403,99.9,17.8,144,3.86,112,1.5,4
1/27/25 15:00,0.9,6.3,403,99.9,17.8,152,3.86,105,1,4
1/27/25 16:00,0.9,6.3,404,99.9,17.7,152,4.52,112,1.5,4
1/27/25 17:00,0.8,6.3,400,98.7,15.8,25,4.06,79,1.5,4
1/27/25 18:00,0.8,6.3,401,99.2,15.7,25,4.06,65,1.5,4
1/27/25 19:00,0.8,6.3,400,99.8,15.7,22,4.06,70,1,4
1/27/25 20:00,0.8,6.3,400,95.5,15.7,19,4.06,90,2.6,4
1/27/25 21:00,0.8,6.3,400,94,15.7,25,3.54,70,1,4
1/27/25 22:00,0.8,6.3,400,93.7,15.7,27,3.54,81,1,4
1/27/25 23:00,0.7,6.3,400,99.9,15.9,6,4.44,83,2.6,4
1/28/25 0:00,0.7,6.3,400,99.9,15.9,6,4.28,101,2.1,4
1/28/25 1:00,0.7,6.3,401,99.9,15.9,6,4.28,91,1.5,4
1/28/25 2:00,0.7,6.3,402,99.9,15.9,8,4.28,107,1,4
1/28/25 3:00,0.7,6.3,403,99.9,15.9,8,4.28,107,1,4
1/28/25 4:00,0.7,6.3,404,99.9,15.9,8,4.28,104,0.5,4
1/28/25 5:00,0.7,6.3,411,99.9,14.6,0,3.7,76,1.5,4
1/28/25 6:00,0.7,6.3,411,99.9,14.5,0,3.7,94,3.6,4
1/28/25 7:00,0.7,6.3,410,99.9,14.5,0,3.7,86,3.6,4
1/28/25 8:00,0.7,6.3,410,99.9,14.5,0,3.7,114,3.1,4
1/28/25 9:00,1.1,6.3,411,99.9,14.5,0,3.7,208,1.5,4
1/28/25 10:00,0.8,6.3,411,99.9,14.5,0,3.44,144,1.5,4
1/28/25 11:00,1.2,6.2,425,96.3,12.6,0,1.16,54,0.5,4
1/28/25 12:00,1.1,6.3,426,96.7,12.6,0,1.16,113,2.1,4
1/28/25 13:00,1.2,6.3,425,98.6,12.6,0,1.16,102,1,4
1/28/25 14:00,0.9,6.3,425,99.6,12.6,0,1.16,110,0,4
1/28/25 15:00,1.1,6.3,425,99.3,12.6,0,1.78,110,0,4
1/28/25 16:00,0.9,6.3,425,99.1,12.6,0,1.78,103,0,4
1/28/25 17:00,0.8,6.3,430,99.9,12.4,0,4.42,108,1,4
1/28/25 18:00,0.8,6.3,430,99.9,12.4,0,4.42,102,0.5,4
1/28/25 19:00,0.8,6.3,430,96.6,12.5,0,3.9,95,0.5,4
1/28/25 20:00,0.8,6.3,430,96.3,12.5,0,3.9,105,0.5,4
1/28/25 21:00,0.7,6.3,429,97.7,12.5,0,3.9,108,1.5,4
1/28/25 22:00,0.8,6.2,430,97.6,12.5,0,3.9,93,1.5,4
1/28/25 23:00,0.8,6.2,435,99.9,11.7,0,4.3,101,1.5,4
1/29/25 0:00,0.8,6.2,435,99.9,11.8,0,4.3,107,0.5,4
1/29/25 1:00,0.8,6.2,434,99.3,11.8,0,4.3,106,1,4
1/29/25 2:00,0.8,6.2,434,98.8,11.8,0,4.3,119,0,4
1/29/25 3:00,0.8,6.2,433,99,11.8,0,4.3,105,0.5,4
1/29/25 4:00,0.7,6.2,433,99.5,11.8,0,4.3,108,0.5,4
1/29/25 5:00,0.7,6.2,436,98,11.3,0,5.3,68,0,4
1/29/25 6:00,0.7,6.2,437,98,11.4,0,5.3,64,0,4
1/29/25 7:00,0.7,6.2,438,98.2,11.4,0,5.3,66,0,4
1/29/25 8:00,1.1,6.2,438,97.2,11.4,0,4.86,68,0,4
1/29/25 9:00,0.8,6.1,437,96.4,11.3,0,4.86,75,0,4
1/29/25 10:00,0.7,6.1,441,95,11.5,0,2.42,73,0,4
1/29/25 11:00,0.9,6.2,441,94.7,11.4,0,2.9,78,0,4
1/29/25 12:00,1,6.2,442,95.1,11.4,0,2.9,65,0,4
1/29/25 13:00,1.1,6.2,443,94.9,11.4,0,2.9,113,1,4
1/29/25 14:00,1.1,6.3,442,95,11.4,0,2.9,112,1,4
1/29/25 15:00,0.9,6.3,441,96.3,11.4,0,2.9,110,1,4
1/29/25 16:00,0.9,6.3,441,99.9,11.1,0,4.42,124,0,4
1/29/25 17:00,0.9,6.3,441,99.9,11.1,0,4.42,114,0,4
1/29/25 18:00,0.8,6.3,441,99.9,11.2,0,4.42,114,0,4
1/29/25 19:00,0.8,6.3,442,99.9,11.2,0,4.42,111,0,4
1/29/25 20:00,0.8,6.3,442,99.9,11.2,0,4.42,112,0,4
1/29/25 21:00,0.8,6.3,441,99.9,11.2,0,4.42,113,0,4
1/29/25 22:00,0.8,6.3,445,96.8,11,0,4.22,62,0,4
1/29/25 23:00,0.8,6.3,446,97,11,0,4.22,67,0,4
1/30/25 0:00,0.8,6.2,447,96.9,11,0,4.14,52,0,4
1/30/25 1:00,0.8,6.2,447,96.9,11,0,4.14,52,0.5,4
1/30/25 2:00,0.8,6.2,448,97.5,10.9,0,4.14,65,0.5,4
1/30/25 3:00,0.8,6.2,447,99.5,10.9,0,4.14,72,0.5,4
1/30/25 4:00,0.8,6.2,444,97.7,10.8,0,2.48,104,0,4
1/30/25 5:00,0.8,6.2,445,98.2,10.8,0,2.48,100,0,4
1/30/25 6:00,0.7,6.2,444,97.8,10.8,0,2.48,98,0,4
1/30/25 7:00,0.7,6.2,445,97.7,10.8,0,2.48,102,0,4
1/30/25 8:00,0.7,6.2,446,97.8,10.8,0,2.48,98,0,4
1/30/25 9:00,0.7,6.2,447,99.9,11.5,0,3.04,234,0.5,4
1/30/25 10:00,1.1,6.2,448,97.5,11.5,0,3.04,239,0.5,4
1/30/25 11:00,0.8,6.1,448,97.9,11.5,0,3.04,230,0,4
1/30/25 12:00,0.7,6.1,447,97.3,11.4,0,3.04,231,0.5,4
1/30/25 13:00,0.9,6.2,447,97.1,11.4,0,3.04,233,0,4
1/30/25 14:00,1,6.2,447,96.8,11.4,0,4.18,217,0.5,4
1/30/25 15:00,1.1,6.2,446,96.7,11.4,0,2.74,352,0.5,4
1/30/25 16:00,1.1,6.3,445,96.8,11.4,0,2.74,33,1.5,4
1/30/25 17:00,0.9,6.3,446,97.3,11.3,0,2.74,33,1.5,4
1/30/25 18:00,0.9,6.3,447,97.1,11.4,0,2.36,41,0,4
1/30/25 19:00,0.9,6.3,447,96.7,11.4,0,2.36,28,1,4
1/30/25 20:00,0.8,6.3,448,98.8,11.4,0,2.36,34,1,4
1/30/25 21:00,0.8,6.3,450,98.8,11.4,0,3.42,343,0,4
1/30/25 22:00,0.8,6.3,450,95.6,11.4,0,3.42,346,0.5,4
1/30/25 23:00,0.8,6.3,451,93,11.4,0,3.42,347,0.5,4
1/31/25 0:00,0.8,6.2,450,93,11.3,0,3.42,342,0.5,4
1/31/25 1:00,0.8,6.2,448,92.5,11.3,0,3.42,345,0.5,4
1/31/25 2:00,0.8,6.2,447,92.4,11.3,0,3.42,338,0.5,4
1/31/25 3:00,0.8,6.2,448,98.9,11.8,0,3,39,0,4
1/31/25 4:00,0.8,6.2,448,98.4,11.8,0,3,40,0,4
1/31/25 5:00,0.8,6.2,448,98,11.8,0,3,46,0,4
1/31/25 6:00,0.7,6.2,448,97.6,11.8,0,3,41,0,4
1/31/25 7:00,0.7,6.2,448,97.9,11.8,0,2.94,42,0,4
1/31/25 8:00,0.7,6.2,448,97.9,11.8,0,2.94,40,0,4
1/31/25 9:00,0.7,6.2,450,99.9,11.9,0,3.34,121,0,4
1/31/25 10:00,1.1,6.2,451,99.9,11.8,0,3.34,112,0,4
1/31/25 11:00,0.8,6.1,452,99.9,11.8,0,3.26,116,0,4
1/31/25 12:00,0.7,6.1,453,99.9,11.8,0,3.26,113,0,4
1/31/25 13:00,0.9,6.2,454,99.9,11.9,0,3.26,106,0,4
1/31/25 14:00,1,6.2,454,99.9,11.9,0,3.26,115,0,4
1/31/25 15:00,1.1,6.2,453,97.3,11.5,5,2.92,116,0,4
1/31/25 16:00,1.1,6.3,455,97.1,11.6,5,2.92,109,0,4
1/31/25 17:00,0.9,6.3,456,96.5,11.6,17,2.92,115,0,4
1/31/25 18:00,0.9,6.3,457,96.9,11.6,17,2.92,111,0,4
1/31/25 19:00,0.9,6.3,458,97.5,11.5,26,2.92,118,0,4
1/31/25 20:00,0.8,6.3,459,97.4,11.5,26,2.92,114,0,4
1/31/25 21:00,0.8,6.3,457,96.2,12.1,10,1.42,119,0,4
1/31/25 22:00,0.8,6.3,457,96.1,12.1,12,1.42,109,0,4
1/31/25 23:00,0.8,6.3,457,96.7,12.1,9,1.42,115,0,4
2/1/25 0:00,0.8,6.3,451,99.1,13,0,0.98,36,0,4
2/1/25 1:00,0.8,6.3,452,99.2,13,0,0.98,30,0,4
2/1/25 2:00,0.7,6.3,453,99.1,12.9,0,0.98,37,0,4
2/1/25 3:00,0.7,6.3,453,98.7,12.9,0,0.98,34,0,4
2/1/25 4:00,0.7,6.3,453,97.5,13,0,0.98,35,0,4
2/1/25 5:00,0.7,6.3,455,97.4,13,0,0.98,29,0,4
2/1/25 6:00,0.7,6.3,452,96.6,12.6,0,0.38,32,0,4
2/1/25 7:00,0.7,6.3,452,97.5,12.6,0,0.38,32,0,4
2/1/25 8:00,0.7,6.3,452,98.1,12.6,0,0.38,30,0,4
2/1/25 9:00,0.7,6.3,453,97.3,12.6,0,0.26,32,0,4
2/1/25 10:00,1.1,6.3,454,96.1,12.6,0,0.26,34,0,4
2/1/25 11:00,1.1,6.2,455,95.4,12.6,0,0.26,32,0,4
2/1/25 12:00,1.2,6.2,459,99.4,12.6,0,-0.61,29,0,4
2/1/25 13:00,1.1,6.1,460,99.4,12.6,0,-0.61,38,0,4
2/1/25 14:00,1,6.2,460,99.9,12.5,0,-0.61,35,0,4
2/1/25 15:00,1.1,6.2,460,99.9,12.6,0,-0.61,37,0,4
2/1/25 16:00,0.9,6.3,460,99.9,12.5,0,-0.61,38,0,4
2/1/25 17:00,0.9,6.3,464,97.9,12.7,0,1.48,37,0,4
2/1/25 18:00,0.8,6.3,464,98.6,12.7,0,1.48,39,0,4
2/1/25 19:00,0.8,6.3,463,98.3,12.7,0,1.48,42,0,4
2/1/25 20:00,0.8,6.3,464,98.3,12.7,0,0.58,37,0,4
2/1/25 21:00,0.8,6.3,464,98,12.7,0,0.58,38,0,4
2/1/25 22:00,0.8,6.3,463,96.5,12.6,0,0.68,33,0,4
2/1/25 23:00,0.8,6.3,464,96.7,12.6,0,0.18,37,0,4
2/2/25 0:00,0.8,6.3,465,96.6,12.6,0,0.18,41,0,4
2/2/25 1:00,0.8,6.3,465,95.2,12.6,0,0.18,42,0,4
2/2/25 2:00,0.7,6.3,465,94.9,12.6,0,0.18,48,0,4
2/2/25 3:00,0.7,6.3,466,94.4,12.6,0,0.18,38,0,4
2/2/25 4:00,0.7,6.3,465,94.2,12.4,0,0.44,39,0.5,4
2/2/25 5:00,0.7,6.3,467,94.6,12.4,0,0.44,33,1,4
2/2/25 6:00,0.7,6.3,467,94.6,12.4,0,0.44,31,1.5,4
2/2/25 7:00,0.7,6.3,467,94.7,12.5,0,0.44,32,1,4
2/2/25 8:00,0.7,6.3,467,94.9,12.5,0,0.44,29,0.5,4
2/2/25 9:00,0.7,6.3,467,93.7,12.5,0,0,30,1,4
2/2/25 10:00,1.1,6.3,466,99.9,12.5,0,1.08,32,0,4
2/2/25 11:00,1.1,6.2,466,99.9,12.5,0,1.08,33,0,4
2/2/25 12:00,1.2,6.2,466,99.8,12.5,0,1.62,31,0,4
2/2/25 13:00,1.1,6.1,466,99.8,12.5,0,1.62,31,0,4
2/2/25 14:00,1,6.2,465,99.9,12.5,0,1.62,29,0,4
2/2/25 15:00,1.1,6.2,470,95.4,12.3,0,2.74,33,0,4
2/2/25 16:00,0.9,6.3,468,95.9,12.4,0,1.82,39,0,4
2/2/25 17:00,0.9,6.3,468,95.5,12.4,0,1.82,35,0,4
2/2/25 18:00,0.8,6.3,468,96.9,12.3,0,1.82,35,0,4
2/2/25 19:00,0.8,6.3,468,97.6,12.3,0,1.82,30,0,4
2/2/25 20:00,0.8,6.3,468,98.2,12.3,0,1.82,34,0,4
2/2/25 21:00,0.8,6.3,467,96.2,12.3,0,0,32,0,4
2/2/25 22:00,0.8,6.3,469,97.6,12.3,0,0,34,0,4
2/2/25 23:00,0.8,6.3,468,99.7,12.3,0,0,32,0,4
2/3/25 0:00,0.7,6.3,470,99.8,12.3,0,0,38,0,4
2/3/25 1:00,0.7,6.3,469,99.4,12.3,0,0,34,0,4
2/3/25 2:00,0.7,6.3,471,99.9,12.2,0,0.74,33,0,4
2/3/25 3:00,0.7,6.3,468,97.3,13,52,0.62,248,0,4
2/3/25 4:00,0.7,6.3,468,97.1,13,46,0.62,291,0,4
2/3/25 5:00,0.7,6.3,467,97.1,13,46,-0.31,180,0,4
2/3/25 6:00,0.7,6.3,466,97.1,13,45,-0.31,359,0,4
2/3/25 7:00,0.7,6.3,466,96.1,13,46,-0.31,0,0.5,4
2/3/25 8:00,0.7,6.3,466,95.8,13.1,46,-0.31,0,0.5,4
2/3/25 9:00,0.7,6.3,450,96.3,14.8,133,2.78,344,0,4
2/3/25 10:00,1.1,6.3,450,95.9,14.9,131,2.78,341,0,4
2/3/25 11:00,0.8,6.3,451,95.3,14.9,131,2.78,340,0,4
2/3/25 12:00,1.2,6.2,451,95.3,14.9,132,2.78,338,0,4
2/3/25 13:00,1.1,6.3,451,94.4,15,134,2.78,343,0,4
2/3/25 14:00,1.2,6.3,432,96.3,17.4,209,1.04,329,0,4
2/3/25 15:00,0.9,6.3,432,96.5,17.4,213,1.04,324,0,4
2/3/25 16:00,1.1,6.3,431,96.3,17.4,212,1.04,332,0,4
2/3/25 17:00,0.9,6.3,430,96.3,17.3,205,1.04,326,0,4
2/3/25 18:00,0.8,6.3,429,97.6,17.4,205,1.04,326,0,4
2/3/25 19:00,0.8,6.3,429,96.9,17.4,204,1.04,326,0,4
2/3/25 20:00,0.8,6.3,413,97,19.4,251,2.7,294,1,4
2/3/25 21:00,0.8,6.3,413,97,19.4,251,2.7,282,1.5,4
2/3/25 22:00,0.7,6.3,412,96.1,19.4,253,2.7,280,1.5,4
2/3/25 23:00,0.7,6.3,411,96,19.5,254,2.7,283,0.5,4
2/4/25 0:00,0.7,6.3,411,96.3,19.5,254,2.84,281,0.5,4
2/4/25 1:00,0.7,6.3,415,95.1,21.8,405,3.9,278,2.1,4
2/4/25 2:00,0.7,6.3,415,95.6,21.9,402,3.96,274,1.5,4
2/4/25 3:00,0.7,6.3,416,95.6,21.9,397,3.96,291,1.5,4
2/4/25 4:00,0.7,6.3,417,95.2,21.9,397,3.96,289,1,4
2/4/25 5:00,0.7,6.3,417,94.9,21.9,395,3.96,280,1,4
2/4/25 6:00,0.7,6.3,416,95,21.9,388,3.96,282,0.5,4
2/4/25 7:00,0.7,6.3,422,93.6,24.1,353,3.74,266,1.5,4
2/4/25 8:00,0.7,6.3,423,94.7,24.1,357,3.74,266,1.5,4
2/4/25 9:00,0.7,6.3,422,95.6,24.1,354,3.74,280,1,4
2/4/25 10:00,1.1,6.3,422,96.3,24.1,355,3.74,265,1.5,4
2/4/25 11:00,0.8,6.3,421,96.6,24.1,355,3.52,272,0.5,4
2/4/25 12:00,1.2,6.2,421,97.3,24.1,356,3.52,267,0.5,4
2/4/25 13:00,1.1,6.3,423,95.6,23.5,199,5.66,268,0.5,4
2/4/25 14:00,1.2,6.3,424,96.2,23.5,196,5.66,262,0,4
2/4/25 15:00,0.9,6.3,425,96,23.5,196,5.22,260,0.5,4
2/4/25 16:00,1.1,6.3,422,96.2,23.5,197,5.22,256,1,4
2/4/25 17:00,0.9,6.3,423,96.2,23.5,196,5.22,264,1,4
2/4/25 18:00,0.8,6.3,422,96.2,23.5,197,5.22,260,1,4
2/4/25 19:00,0.8,6.3,420,96.1,20.4,76,5.72,39,0,4
2/4/25 20:00,0.8,6.3,419,96.7,20.3,75,5.72,36,0,4
2/4/25 21:00,0.8,6.3,419,97.7,20.3,75,5.72,39,0,4
2/4/25 22:00,0.7,6.3,420,97.2,20.4,75,5.72,39,0,4
2/4/25 23:00,0.7,6.3,421,99.1,20.4,76,5.72,37,0,4
2/5/25 0:00,0.8,6.3,419,99.9,20.4,75,5.72,39,0,4
2/5/25 1:00,0.8,6.3,418,98.2,18.5,22,4.84,32,0,4
2/5/25 2:00,0.7,6.3,419,98.4,18.5,19,4.84,36,0,4
2/5/25 3:00,0.7,6.3,419,98.5,18.5,18,4.84,36,0,4
2/5/25 4:00,0.7,6.3,418,98.5,18.5,21,5.42,35,0,4
2/5/25 5:00,0.7,6.3,417,98.6,18.5,21,5.42,34,0,4
2/5/25 6:00,0.7,6.3,416,99.9,15.9,0,3.88,277,0,4
2/5/25 7:00,0.7,6.3,416,99.9,16,0,4.32,273,0,4
2/5/25 8:00,0.7,6.3,416,99.9,16,0,4.32,276,0,4
2/5/25 9:00,0.7,6.3,417,99.9,15.9,0,4.32,278,0,4
2/5/25 10:00,1.1,6.3,417,99.9,16,0,4.32,275,0,4
2/5/25 11:00,1.1,6.2,434,99.5,13.7,0,1.52,42,0.5,4
2/5/25 12:00,1.2,6.2,433,99.8,13.6,0,1.52,40,0.5,4
2/5/25 13:00,1.1,6.1,432,99.9,13.6,0,1.52,40,0.5,4
2/5/25 14:00,1,6.2,432,99.9,13.6,0,1.52,45,0.5,4
2/5/25 15:00,1.1,6.2,430,99.9,13.6,0,1.66,38,0,4
2/5/25 16:00,0.9,6.3,431,99.9,13.6,0,1.66,45,0,4
2/5/25 17:00,0.9,6.3,436,99.8,12.9,0,2.32,42,0,4
2/5/25 18:00,0.8,6.3,435,99.8,12.8,0,2.32,39,0,4
2/5/25 19:00,0.8,6.3,435,99.3,12.8,0,1.48,42,0,4
2/5/25 20:00,0.8,6.3,435,99.9,12.8,0,1.48,40,0,4
2/5/25 21:00,0.8,6.3,434,99.9,12.8,0,1.48,43,0,4
2/5/25 22:00,0.8,6.3,433,99.9,12.8,0,1.48,47,0,4
2/5/25 23:00,0.8,6.3,445,98.9,12,0,0.84,40,0,4
2/6/25 0:00,0.8,6.3,446,99.9,12,0,1.02,45,0,4
2/6/25 1:00,0.8,6.3,447,99.9,12,0,1.02,41,0,4
2/6/25 2:00,0.7,6.3,447,99.9,11.9,0,1.02,41,0,4
2/6/25 3:00,0.7,6.3,447,99.9,11.9,0,1.02,44,0,4
2/6/25 4:00,0.7,6.3,448,99.4,11.9,0,1.02,44,0,4
2/6/25 5:00,0.7,6.3,457,96.3,11.4,0,1.3,50,0,4
2/6/25 6:00,0.7,6.3,456,96.7,11.4,0,1.3,48,0,4
2/6/25 7:00,0.7,6.3,454,96,11.4,0,1.3,44,0,4
2/6/25 8:00,0.7,6.3,453,96.7,11.4,0,1.3,36,0,4
2/6/25 9:00,0.7,6.3,453,97.9,11.4,0,1.3,41,0,4
2/6/25 10:00,1.1,6.3,466,99.9,11,0,-0.53,43,0,4
2/6/25 11:00,1.1,6.2,463,99.9,11,0,-0.53,46,0,4
2/6/25 12:00,1.2,6.2,460,99.9,11.1,0,-0.53,42,0,4
2/6/25 13:00,1.1,6.1,459,99.9,11.1,0,-0.91,44,0,4
2/6/25 14:00,1,6.2,460,99,11.1,0,-0.91,39,0,4
2/6/25 15:00,1.1,6.2,460,98.9,11.1,0,-0.91,39,0,4
2/6/25 16:00,0.9,6.3,470,96.2,10.6,0,-0.13,43,0,4
2/6/25 17:00,0.9,6.3,470,95.7,10.7,0,-0.13,41,0,4
2/6/25 18:00,0.8,6.3,470,96.3,10.7,0,-0.31,38,0,4
2/6/25 19:00,0.8,6.3,470,96.2,10.7,0,-0.31,42,0,4
2/6/25 20:00,0.8,6.3,468,95.7,10.7,0,-0.31,44,0,4
2/6/25 21:00,0.8,6.3,467,95.1,10.8,0,-0.31,45,0,4
2/6/25 22:00,0.8,6.3,474,99.1,10.4,0,-1.17,41,0,4
2/6/25 23:00,0.8,6.3,473,98.8,10.4,0,-1.17,40,0,4
2/7/25 0:00,0.7,6.3,472,98.8,10.5,0,-1.17,44,0,4
2/7/25 1:00,0.7,6.3,473,98.6,10.5,0,-1.17,48,0,4
2/7/25 2:00,0.7,6.3,473,97.9,10.5,0,-1.17,46,0,4
2/7/25 3:00,0.7,6.3,473,97.8,10.5,0,-1.35,47,0,4
2/7/25 4:00,0.7,6.3,478,94.8,10.1,0,-2.73,42,0,4
2/7/25 5:00,0.7,6.3,478,95.4,10.1,0,-2.73,47,0,4
2/7/25 6:00,0.7,6.3,477,95.5,10.1,0,-2.73,42,0,4
2/7/25 7:00,0.7,6.3,476,95.6,10.1,0,-2.73,42,0,4
2/7/25 8:00,0.7,6.3,477,95.5,10.1,0,-2.35,39,0,4
2/7/25 9:00,0.7,6.3,481,99.2,9.9,0,-0.79,41,0,4
2/7/25 10:00,1.1,6.3,482,96.4,9.9,0,-0.79,39,0,4
2/7/25 11:00,0.8,6.3,483,95.6,9.9,0,-0.79,46,0,4
2/7/25 12:00,1.2,6.2,482,95.4,10,0,-0.75,42,0,4
2/7/25 13:00,1.1,6.3,480,95.2,10,0,-0.75,44,0,4
2/7/25 14:00,1.2,6.3,480,96.4,10,0,-0.75,40,0,4
2/7/25 15:00,0.9,6.3,482,94,9.7,0,-2.15,42,0,4
2/7/25 16:00,1.1,6.3,482,95,9.7,0,-2.15,42,0,4
2/7/25 17:00,0.9,6.3,482,95.8,9.7,0,-2.15,39,0,4
2/7/25 18:00,0.8,6.3,482,95.1,9.7,0,-2.15,41,0,4
2/7/25 19:00,0.8,6.3,482,94.6,9.7,0,-2.15,38,0,4
2/7/25 20:00,0.8,6.3,481,96.9,9.8,0,-2.39,37,0,4
2/7/25 21:00,0.8,6.3,480,99.9,11.6,0,-1.23,54,0,4
2/7/25 22:00,0.7,6.3,480,99.9,11.5,0,-1.23,43,0,4
2/7/25 23:00,0.7,6.3,480,99.9,11.5,0,-1.23,42,0,4