idx,greenhouseId,time,measurementLine,sampleId,standardCategoryName,standardItemName,surveyItemName,unit,surveyItemValue
111,1,2024-11-01,1,1,steminfo,plantheight,초장,cm,23
111,1,2024-11-01,1,1,leafinfo,leaflength,엽장,cm,10
111,1,2024-11-01,1,1,leafinfo,leafwidth,엽폭,cm,6
111,1,2024-11-01,1,1,leafinfo,petiolelength,엽병장,cm,12
111,1,2024-11-01,1,1,leafinfo,leafnumber,엽수,개,7
111,1,2024-11-01,1,1,steminfo,crowndiameter,관부직경,cm,1.5
111,1,2024-11-01,1,1,plantobjectinfo,fruitingnumber,착과수,개,0
112,1,2024-11-01,1,2,steminfo,plantheight,초장,cm,29
112,1,2024-11-01,1,2,leafinfo,leaflength,엽장,cm,10
112,1,2024-11-01,1,2,leafinfo,leafwidth,엽폭,cm,6
112,1,2024-11-01,1,2,leafinfo,petiolelength,엽병장,cm,17
112,1,2024-11-01,1,2,leafinfo,leafnumber,엽수,개,5
112,1,2024-11-01,1,2,steminfo,crowndiameter,관부직경,cm,2
112,1,2024-11-01,1,2,plantobjectinfo,fruitingnumber,착과수,개,0
121,1,2024-11-01,2,1,steminfo,plantheight,초장,cm,28
121,1,2024-11-01,2,1,leafinfo,leaflength,엽장,cm,9
121,1,2024-11-01,2,1,leafinfo,leafwidth,엽폭,cm,7
121,1,2024-11-01,2,1,leafinfo,petiolelength,엽병장,cm,19
121,1,2024-11-01,2,1,leafinfo,leafnumber,엽수,개,7
121,1,2024-11-01,2,1,steminfo,crowndiameter,관부직경,cm,2
121,1,2024-11-01,2,1,plantobjectinfo,fruitingnumber,착과수,개,0
122,1,2024-11-01,2,2,steminfo,plantheight,초장,cm,31
122,1,2024-11-01,2,2,leafinfo,leaflength,엽장,cm,10
122,1,2024-11-01,2,2,leafinfo,leafwidth,엽폭,cm,9
122,1,2024-11-01,2,2,leafinfo,petiolelength,엽병장,cm,20
122,1,2024-11-01,2,2,leafinfo,leafnumber,엽수,개,6
122,1,2024-11-01,2,2,steminfo,crowndiameter,관부직경,cm,2
122,1,2024-11-01,2,2,plantobjectinfo,fruitingnumber,착과수,개,0
131,1,2024-11-01,3,1,steminfo,plantheight,초장,cm,26
131,1,2024-11-01,3,1,leafinfo,leaflength,엽장,cm,10
131,1,2024-11-01,3,1,leafinfo,leafwidth,엽폭,cm,7
131,1,2024-11-01,3,1,leafinfo,petiolelength,엽병장,cm,16
131,1,2024-11-01,3,1,leafinfo,leafnumber,엽수,개,5
131,1,2024-11-01,3,1,steminfo,crowndiameter,관부직경,cm,1.5
131,1,2024-11-01,3,1,plantobjectinfo,fruitingnumber,착과수,개,0
132,1,2024-11-01,3,2,steminfo,plantheight,초장,cm,28
132,1,2024-11-01,3,2,leafinfo,leaflength,엽장,cm,11
132,1,2024-11-01,3,2,leafinfo,leafwidth,엽폭,cm,7
132,1,2024-11-01,3,2,leafinfo,petiolelength,엽병장,cm,17
132,1,2024-11-01,3,2,leafinfo,leafnumber,엽수,개,5
132,1,2024-11-01,3,2,steminfo,crowndiameter,관부직경,cm,1.5
132,1,2024-11-01,3,2,plantobjectinfo,fruitingnumber,착과수,개,0
141,1,2024-11-01,4,1,steminfo,plantheight,초장,cm,24
141,1,2024-11-01,4,1,leafinfo,leaflength,엽장,cm,10
141,1,2024-11-01,4,1,leafinfo,leafwidth,엽폭,cm,8
141,1,2024-11-01,4,1,leafinfo,petiolelength,엽병장,cm,13
141,1,2024-11-01,4,1,leafinfo,leafnumber,엽수,개,7
141,1,2024-11-01,4,1,steminfo,crowndiameter,관부직경,cm,2
141,1,2024-11-01,4,1,plantobjectinfo,fruitingnumber,착과수,개,0
142,1,2024-11-01,4,2,steminfo,plantheight,초장,cm,24
142,1,2024-11-01,4,2,leafinfo,leaflength,엽장,cm,10
142,1,2024-11-01,4,2,leafinfo,leafwidth,엽폭,cm,9
142,1,2024-11-01,4,2,leafinfo,petiolelength,엽병장,cm,13
142,1,2024-11-01,4,2,leafinfo,leafnumber,엽수,개,6
142,1,2024-11-01,4,2,steminfo,crowndiameter,관부직경,cm,1.5
142,1,2024-11-01,4,2,plantobjectinfo,fruitingnumber,착과수,개,0
151,1,2024-11-01,5,1,steminfo,plantheight,초장,cm,24
151,1,2024-11-01,5,1,leafinfo,leaflength,엽장,cm,9
151,1,2024-11-01,5,1,leafinfo,leafwidth,엽폭,cm,6
151,1,2024-11-01,5,1,leafinfo,petiolelength,엽병장,cm,15
151,1,2024-11-01,5,1,leafinfo,leafnumber,엽수,개,8
151,1,2024-11-01,5,1,steminfo,crowndiameter,관부직경,cm,1.5
151,1,2024-11-01,5,1,plantobjectinfo,fruitingnumber,착과수,개,0
152,1,2024-11-01,5,2,steminfo,plantheight,초장,cm,25
152,1,2024-11-01,5,2,leafinfo,leaflength,엽장,cm,11
152,1,2024-11-01,5,2,leafinfo,leafwidth,엽폭,cm,10
152,1,2024-11-01,5,2,leafinfo,petiolelength,엽병장,cm,16
152,1,2024-11-01,5,2,leafinfo,leafnumber,엽수,개,7
152,1,2024-11-01,5,2,steminfo,crowndiameter,관부직경,cm,2.3
152,1,2024-11-01,5,2,plantobjectinfo,fruitingnumber,착과수,개,0
111,1,2024-11-04,1,1,steminfo,plantheight,초장,cm,24
111,1,2024-11-04,1,1,leafinfo,leaflength,엽장,cm,10
111,1,2024-11-04,1,1,leafinfo,leafwidth,엽폭,cm,7
111,1,2024-11-04,1,1,leafinfo,petiolelength,엽병장,cm,14
111,1,2024-11-04,1,1,leafinfo,leafnumber,엽수,개,7
111,1,2024-11-04,1,1,steminfo,crowndiameter,관부직경,cm,1.5
111,1,2024-11-04,1,1,plantobjectinfo,fruitingnumber,착과수,개,0
112,1,2024-11-04,1,2,steminfo,plantheight,초장,cm,30
112,1,2024-11-04,1,2,leafinfo,leaflength,엽장,cm,11
112,1,2024-11-04,1,2,leafinfo,leafwidth,엽폭,cm,7
112,1,2024-11-04,1,2,leafinfo,petiolelength,엽병장,cm,19
112,1,2024-11-04,1,2,leafinfo,leafnumber,엽수,개,5
112,1,2024-11-04,1,2,steminfo,crowndiameter,관부직경,cm,2
112,1,2024-11-04,1,2,plantobjectinfo,fruitingnumber,착과수,개,0
121,1,2024-11-04,2,1,steminfo,plantheight,초장,cm,27
121,1,2024-11-04,2,1,leafinfo,leaflength,엽장,cm,9
121,1,2024-11-04,2,1,leafinfo,leafwidth,엽폭,cm,8
121,1,2024-11-04,2,1,leafinfo,petiolelength,엽병장,cm,18
121,1,2024-11-04,2,1,leafinfo,leafnumber,엽수,개,7
121,1,2024-11-04,2,1,steminfo,crowndiameter,관부직경,cm,2
121,1,2024-11-04,2,1,plantobjectinfo,fruitingnumber,착과수,개,2
122,1,2024-11-04,2,2,steminfo,plantheight,초장,cm,27
122,1,2024-11-04,2,2,leafinfo,leaflength,엽장,cm,11
122,1,2024-11-04,2,2,leafinfo,leafwidth,엽폭,cm,10
122,1,2024-11-04,2,2,leafinfo,petiolelength,엽병장,cm,16
122,1,2024-11-04,2,2,leafinfo,leafnumber,엽수,개,6
122,1,2024-11-04,2,2,steminfo,crowndiameter,관부직경,cm,2
122,1,2024-11-04,2,2,plantobjectinfo,fruitingnumber,착과수,개,0
131,1,2024-11-04,3,1,steminfo,plantheight,초장,cm,27
131,1,2024-11-04,3,1,leafinfo,leaflength,엽장,cm,10
131,1,2024-11-04,3,1,leafinfo,leafwidth,엽폭,cm,8
131,1,2024-11-04,3,1,leafinfo,petiolelength,엽병장,cm,17
131,1,2024-11-04,3,1,leafinfo,leafnumber,엽수,개,5
131,1,2024-11-04,3,1,steminfo,crowndiameter,관부직경,cm,1.5
131,1,2024-11-04,3,1,plantobjectinfo,fruitingnumber,착과수,개,0
132,1,2024-11-04,3,2,steminfo,plantheight,초장,cm,29
132,1,2024-11-04,3,2,leafinfo,leaflength,엽장,cm,11
132,1,2024-11-04,3,2,leafinfo,leafwidth,엽폭,cm,8
132,1,2024-11-04,3,2,leafinfo,petiolelength,엽병장,cm,18
132,1,2024-11-04,3,2,leafinfo,leafnumber,엽수,개,5
132,1,2024-11-04,3,2,steminfo,crowndiameter,관부직경,cm,1.5
132,1,2024-11-04,3,2,plantobjectinfo,fruitingnumber,착과수,개,0
141,1,2024-11-04,4,1,steminfo,plantheight,초장,cm,25
141,1,2024-11-04,4,1,leafinfo,leaflength,엽장,cm,11
141,1,2024-11-04,4,1,leafinfo,leafwidth,엽폭,cm,9
141,1,2024-11-04,4,1,leafinfo,petiolelength,엽병장,cm,14
141,1,2024-11-04,4,1,leafinfo,leafnumber,엽수,개,7
141,1,2024-11-04,4,1,steminfo,crowndiameter,관부직경,cm,2
141,1,2024-11-04,4,1,plantobjectinfo,fruitingnumber,착과수,개,0
142,1,2024-11-04,4,2,steminfo,plantheight,초장,cm,25
142,1,2024-11-04,4,2,leafinfo,leaflength,엽장,cm,11
142,1,2024-11-04,4,2,leafinfo,leafwidth,엽폭,cm,10
142,1,2024-11-04,4,2,leafinfo,petiolelength,엽병장,cm,14
142,1,2024-11-04,4,2,leafinfo,leafnumber,엽수,개,6
142,1,2024-11-04,4,2,steminfo,crowndiameter,관부직경,cm,1.5
142,1,2024-11-04,4,2,plantobjectinfo,fruitingnumber,착과수,개,0
151,1,2024-11-04,5,1,steminfo,plantheight,초장,cm,25
151,1,2024-11-04,5,1,leafinfo,leaflength,엽장,cm,10
151,1,2024-11-04,5,1,leafinfo,leafwidth,엽폭,cm,7
151,1,2024-11-04,5,1,leafinfo,petiolelength,엽병장,cm,15
151,1,2024-11-04,5,1,leafinfo,leafnumber,엽수,개,8
151,1,2024-11-04,5,1,steminfo,crowndiameter,관부직경,cm,1.5
151,1,2024-11-04,5,1,plantobjectinfo,fruitingnumber,착과수,개,0
152,1,2024-11-04,5,2,steminfo,plantheight,초장,cm,26
152,1,2024-11-04,5,2,leafinfo,leaflength,엽장,cm,11
152,1,2024-11-04,5,2,leafinfo,leafwidth,엽폭,cm,10
152,1,2024-11-04,5,2,leafinfo,petiolelength,엽병장,cm,16
152,1,2024-11-04,5,2,leafinfo,leafnumber,엽수,개,7
152,1,2024-11-04,5,2,steminfo,crowndiameter,관부직경,cm,2.3
152,1,2024-11-04,5,2,plantobjectinfo,fruitingnumber,착과수,개,0
111,1,2024-11-11,1,1,steminfo,plantheight,초장,cm,24
111,1,2024-11-11,1,1,leafinfo,leaflength,엽장,cm,10
111,1,2024-11-11,1,1,leafinfo,leafwidth,엽폭,cm,7
111,1,2024-11-11,1,1,leafinfo,petiolelength,엽병장,cm,14
111,1,2024-11-11,1,1,leafinfo,leafnumber,엽수,개,7
111,1,2024-11-11,1,1,steminfo,crowndiameter,관부직경,cm,1.5
111,1,2024-11-11,1,1,plantobjectinfo,fruitingnumber,착과수,개,0
112,1,2024-11-11,1,2,steminfo,plantheight,초장,cm,30
112,1,2024-11-11,1,2,leafinfo,leaflength,엽장,cm,11
112,1,2024-11-11,1,2,leafinfo,leafwidth,엽폭,cm,7
112,1,2024-11-11,1,2,leafinfo,petiolelength,엽병장,cm,19
112,1,2024-11-11,1,2,leafinfo,leafnumber,엽수,개,7
112,1,2024-11-11,1,2,steminfo,crowndiameter,관부직경,cm,2
112,1,2024-11-11,1,2,plantobjectinfo,fruitingnumber,착과수,개,0
121,1,2024-11-11,2,1,steminfo,plantheight,초장,cm,27
121,1,2024-11-11,2,1,leafinfo,leaflength,엽장,cm,9
121,1,2024-11-11,2,1,leafinfo,leafwidth,엽폭,cm,8
121,1,2024-11-11,2,1,leafinfo,petiolelength,엽병장,cm,18
121,1,2024-11-11,2,1,leafinfo,leafnumber,엽수,개,7
121,1,2024-11-11,2,1,steminfo,crowndiameter,관부직경,cm,2
121,1,2024-11-11,2,1,plantobjectinfo,fruitingnumber,착과수,개,5
122,1,2024-11-11,2,2,steminfo,plantheight,초장,cm,27
122,1,2024-11-11,2,2,leafinfo,leaflength,엽장,cm,11
122,1,2024-11-11,2,2,leafinfo,leafwidth,엽폭,cm,10
122,1,2024-11-11,2,2,leafinfo,petiolelength,엽병장,cm,16
122,1,2024-11-11,2,2,leafinfo,leafnumber,엽수,개,6
122,1,2024-11-11,2,2,steminfo,crowndiameter,관부직경,cm,2
122,1,2024-11-11,2,2,plantobjectinfo,fruitingnumber,착과수,개,1
131,1,2024-11-11,3,1,steminfo,plantheight,초장,cm,29
131,1,2024-11-11,3,1,leafinfo,leaflength,엽장,cm,11
131,1,2024-11-11,3,1,leafinfo,leafwidth,엽폭,cm,7
131,1,2024-11-11,3,1,leafinfo,petiolelength,엽병장,cm,18
131,1,2024-11-11,3,1,leafinfo,leafnumber,엽수,개,6
131,1,2024-11-11,3,1,steminfo,crowndiameter,관부직경,cm,1.5
131,1,2024-11-11,3,1,plantobjectinfo,fruitingnumber,착과수,개,0
132,1,2024-11-11,3,2,steminfo,plantheight,초장,cm,29
132,1,2024-11-11,3,2,leafinfo,leaflength,엽장,cm,11
132,1,2024-11-11,3,2,leafinfo,leafwidth,엽폭,cm,8
132,1,2024-11-11,3,2,leafinfo,petiolelength,엽병장,cm,18
132,1,2024-11-11,3,2,leafinfo,leafnumber,엽수,개,6
132,1,2024-11-11,3,2,steminfo,crowndiameter,관부직경,cm,1.5
132,1,2024-11-11,3,2,plantobjectinfo,fruitingnumber,착과수,개,0
141,1,2024-11-11,4,1,steminfo,plantheight,초장,cm,25
141,1,2024-11-11,4,1,leafinfo,leaflength,엽장,cm,11
141,1,2024-11-11,4,1,leafinfo,leafwidth,엽폭,cm,9
141,1,2024-11-11,4,1,leafinfo,petiolelength,엽병장,cm,14
141,1,2024-11-11,4,1,leafinfo,leafnumber,엽수,개,7
141,1,2024-11-11,4,1,steminfo,crowndiameter,관부직경,cm,2
141,1,2024-11-11,4,1,plantobjectinfo,fruitingnumber,착과수,개,0
142,1,2024-11-11,4,2,steminfo,plantheight,초장,cm,25
142,1,2024-11-11,4,2,leafinfo,leaflength,엽장,cm,11
142,1,2024-11-11,4,2,leafinfo,leafwidth,엽폭,cm,10
142,1,2024-11-11,4,2,leafinfo,petiolelength,엽병장,cm,14
142,1,2024-11-11,4,2,leafinfo,leafnumber,엽수,개,6
142,1,2024-11-11,4,2,steminfo,crowndiameter,관부직경,cm,1.5
142,1,2024-11-11,4,2,plantobjectinfo,fruitingnumber,착과수,개,0
151,1,2024-11-11,5,1,steminfo,plantheight,초장,cm,25
151,1,2024-11-11,5,1,leafinfo,leaflength,엽장,cm,10
151,1,2024-11-11,5,1,leafinfo,leafwidth,엽폭,cm,7
151,1,2024-11-11,5,1,leafinfo,petiolelength,엽병장,cm,15
151,1,2024-11-11,5,1,leafinfo,leafnumber,엽수,개,7
151,1,2024-11-11,5,1,steminfo,crowndiameter,관부직경,cm,1.5
151,1,2024-11-11,5,1,plantobjectinfo,fruitingnumber,착과수,개,0
152,1,2024-11-11,5,2,steminfo,plantheight,초장,cm,26
152,1,2024-11-11,5,2,leafinfo,leaflength,엽장,cm,11
152,1,2024-11-11,5,2,leafinfo,leafwidth,엽폭,cm,10
152,1,2024-11-11,5,2,leafinfo,petiolelength,엽병장,cm,16
152,1,2024-11-11,5,2,leafinfo,leafnumber,엽수,개,7
152,1,2024-11-11,5,2,steminfo,crowndiameter,관부직경,cm,2.3
152,1,2024-11-11,5,2,plantobjectinfo,fruitingnumber,착과수,개,4
111,1,2024-11-18,1,1,steminfo,plantheight,초장,cm,25
111,1,2024-11-18,1,1,leafinfo,leaflength,엽장,cm,10
111,1,2024-11-18,1,1,leafinfo,leafwidth,엽폭,cm,7
111,1,2024-11-18,1,1,leafinfo,petiolelength,엽병장,cm,15
111,1,2024-11-18,1,1,leafinfo,leafnumber,엽수,개,6
111,1,2024-11-18,1,1,steminfo,crowndiameter,관부직경,cm,1.5
111,1,2024-11-18,1,1,plantobjectinfo,fruitingnumber,착과수,개,2
112,1,2024-11-18,1,2,steminfo,plantheight,초장,cm,30
112,1,2024-11-18,1,2,leafinfo,leaflength,엽장,cm,11
112,1,2024-11-18,1,2,leafinfo,leafwidth,엽폭,cm,7
112,1,2024-11-18,1,2,leafinfo,petiolelength,엽병장,cm,19
112,1,2024-11-18,1,2,leafinfo,leafnumber,엽수,개,8
112,1,2024-11-18,1,2,steminfo,crowndiameter,관부직경,cm,2
112,1,2024-11-18,1,2,plantobjectinfo,fruitingnumber,착과수,개,0
121,1,2024-11-18,2,1,steminfo,plantheight,초장,cm,29
121,1,2024-11-18,2,1,leafinfo,leaflength,엽장,cm,9
121,1,2024-11-18,2,1,leafinfo,leafwidth,엽폭,cm,8
121,1,2024-11-18,2,1,leafinfo,petiolelength,엽병장,cm,20
121,1,2024-11-18,2,1,leafinfo,leafnumber,엽수,개,6
121,1,2024-11-18,2,1,steminfo,crowndiameter,관부직경,cm,2
121,1,2024-11-18,2,1,plantobjectinfo,fruitingnumber,착과수,개,6
122,1,2024-11-18,2,2,steminfo,plantheight,초장,cm,28
122,1,2024-11-18,2,2,leafinfo,leaflength,엽장,cm,11
122,1,2024-11-18,2,2,leafinfo,leafwidth,엽폭,cm,10
122,1,2024-11-18,2,2,leafinfo,petiolelength,엽병장,cm,17
122,1,2024-11-18,2,2,leafinfo,leafnumber,엽수,개,6
122,1,2024-11-18,2,2,steminfo,crowndiameter,관부직경,cm,2
122,1,2024-11-18,2,2,plantobjectinfo,fruitingnumber,착과수,개,2
131,1,2024-11-18,3,1,steminfo,plantheight,초장,cm,30
131,1,2024-11-18,3,1,leafinfo,leaflength,엽장,cm,11
131,1,2024-11-18,3,1,leafinfo,leafwidth,엽폭,cm,7
131,1,2024-11-18,3,1,leafinfo,petiolelength,엽병장,cm,19
131,1,2024-11-18,3,1,leafinfo,leafnumber,엽수,개,7
131,1,2024-11-18,3,1,steminfo,crowndiameter,관부직경,cm,1.5
131,1,2024-11-18,3,1,plantobjectinfo,fruitingnumber,착과수,개,0
132,1,2024-11-18,3,2,steminfo,plantheight,초장,cm,29
132,1,2024-11-18,3,2,leafinfo,leaflength,엽장,cm,11
132,1,2024-11-18,3,2,leafinfo,leafwidth,엽폭,cm,8
132,1,2024-11-18,3,2,leafinfo,petiolelength,엽병장,cm,18
132,1,2024-11-18,3,2,leafinfo,leafnumber,엽수,개,7
132,1,2024-11-18,3,2,steminfo,crowndiameter,관부직경,cm,1.5
132,1,2024-11-18,3,2,plantobjectinfo,fruitingnumber,착과수,개,0
141,1,2024-11-18,4,1,steminfo,plantheight,초장,cm,26
141,1,2024-11-18,4,1,leafinfo,leaflength,엽장,cm,11
141,1,2024-11-18,4,1,leafinfo,leafwidth,엽폭,cm,9
141,1,2024-11-18,4,1,leafinfo,petiolelength,엽병장,cm,15
141,1,2024-11-18,4,1,leafinfo,leafnumber,엽수,개,7
141,1,2024-11-18,4,1,steminfo,crowndiameter,관부직경,cm,2
141,1,2024-11-18,4,1,plantobjectinfo,fruitingnumber,착과수,개,1
142,1,2024-11-18,4,2,steminfo,plantheight,초장,cm,25
142,1,2024-11-18,4,2,leafinfo,leaflength,엽장,cm,11
142,1,2024-11-18,4,2,leafinfo,leafwidth,엽폭,cm,10
142,1,2024-11-18,4,2,leafinfo,petiolelength,엽병장,cm,14
142,1,2024-11-18,4,2,leafinfo,leafnumber,엽수,개,6
142,1,2024-11-18,4,2,steminfo,crowndiameter,관부직경,cm,1.5
142,1,2024-11-18,4,2,plantobjectinfo,fruitingnumber,착과수,개,1
151,1,2024-11-18,5,1,steminfo,plantheight,초장,cm,26
151,1,2024-11-18,5,1,leafinfo,leaflength,엽장,cm,10
151,1,2024-11-18,5,1,leafinfo,leafwidth,엽폭,cm,7
151,1,2024-11-18,5,1,leafinfo,petiolelength,엽병장,cm,16
151,1,2024-11-18,5,1,leafinfo,leafnumber,엽수,개,7
151,1,2024-11-18,5,1,steminfo,crowndiameter,관부직경,cm,1.5
151,1,2024-11-18,5,1,plantobjectinfo,fruitingnumber,착과수,개,1
152,1,2024-11-18,5,2,steminfo,plantheight,초장,cm,26
152,1,2024-11-18,5,2,leafinfo,leaflength,엽장,cm,11
152,1,2024-11-18,5,2,leafinfo,leafwidth,엽폭,cm,10
152,1,2024-11-18,5,2,leafinfo,petiolelength,엽병장,cm,16
152,1,2024-11-18,5,2,leafinfo,leafnumber,엽수,개,7
152,1,2024-11-18,5,2,steminfo,crowndiameter,관부직경,cm,2.3
152,1,2024-11-18,5,2,plantobjectinfo,fruitingnumber,착과수,개,5
111,1,2024-11-25,1,1,steminfo,plantheight,초장,cm,27
111,1,2024-11-25,1,1,leafinfo,leaflength,엽장,cm,10
111,1,2024-11-25,1,1,leafinfo,leafwidth,엽폭,cm,7
111,1,2024-11-25,1,1,leafinfo,petiolelength,엽병장,cm,17
111,1,2024-11-25,1,1,leafinfo,leafnumber,엽수,개,6
111,1,2024-11-25,1,1,steminfo,crowndiameter,관부직경,cm,1.5
111,1,2024-11-25,1,1,plantobjectinfo,fruitingnumber,착과수,개,5
112,1,2024-11-25,1,2,steminfo,plantheight,초장,cm,30
112,1,2024-11-25,1,2,leafinfo,leaflength,엽장,cm,11
112,1,2024-11-25,1,2,leafinfo,leafwidth,엽폭,cm,7
112,1,2024-11-25,1,2,leafinfo,petiolelength,엽병장,cm,19
112,1,2024-11-25,1,2,leafinfo,leafnumber,엽수,개,8
112,1,2024-11-25,1,2,steminfo,crowndiameter,관부직경,cm,2
112,1,2024-11-25,1,2,plantobjectinfo,fruitingnumber,착과수,개,2
121,1,2024-11-25,2,1,steminfo,plantheight,초장,cm,30
121,1,2024-11-25,2,1,leafinfo,leaflength,엽장,cm,9
121,1,2024-11-25,2,1,leafinfo,leafwidth,엽폭,cm,8
121,1,2024-11-25,2,1,leafinfo,petiolelength,엽병장,cm,21
121,1,2024-11-25,2,1,leafinfo,leafnumber,엽수,개,6
121,1,2024-11-25,2,1,steminfo,crowndiameter,관부직경,cm,2
121,1,2024-11-25,2,1,plantobjectinfo,fruitingnumber,착과수,개,9
122,1,2024-11-25,2,2,steminfo,plantheight,초장,cm,29
122,1,2024-11-25,2,2,leafinfo,leaflength,엽장,cm,11
122,1,2024-11-25,2,2,leafinfo,leafwidth,엽폭,cm,10
122,1,2024-11-25,2,2,leafinfo,petiolelength,엽병장,cm,18
122,1,2024-11-25,2,2,leafinfo,leafnumber,엽수,개,6
122,1,2024-11-25,2,2,steminfo,crowndiameter,관부직경,cm,2
122,1,2024-11-25,2,2,plantobjectinfo,fruitingnumber,착과수,개,8
131,1,2024-11-25,3,1,steminfo,plantheight,초장,cm,30
131,1,2024-11-25,3,1,leafinfo,leaflength,엽장,cm,11
131,1,2024-11-25,3,1,leafinfo,leafwidth,엽폭,cm,7
131,1,2024-11-25,3,1,leafinfo,petiolelength,엽병장,cm,19
131,1,2024-11-25,3,1,leafinfo,leafnumber,엽수,개,7
131,1,2024-11-25,3,1,steminfo,crowndiameter,관부직경,cm,1.5
131,1,2024-11-25,3,1,plantobjectinfo,fruitingnumber,착과수,개,5
132,1,2024-11-25,3,2,steminfo,plantheight,초장,cm,30
132,1,2024-11-25,3,2,leafinfo,leaflength,엽장,cm,11
132,1,2024-11-25,3,2,leafinfo,leafwidth,엽폭,cm,8
132,1,2024-11-25,3,2,leafinfo,petiolelength,엽병장,cm,19
132,1,2024-11-25,3,2,leafinfo,leafnumber,엽수,개,7
132,1,2024-11-25,3,2,steminfo,crowndiameter,관부직경,cm,1.5
132,1,2024-11-25,3,2,plantobjectinfo,fruitingnumber,착과수,개,4
141,1,2024-11-25,4,1,steminfo,plantheight,초장,cm,27
141,1,2024-11-25,4,1,leafinfo,leaflength,엽장,cm,11
141,1,2024-11-25,4,1,leafinfo,leafwidth,엽폭,cm,9
141,1,2024-11-25,4,1,leafinfo,petiolelength,엽병장,cm,16
141,1,2024-11-25,4,1,leafinfo,leafnumber,엽수,개,7
141,1,2024-11-25,4,1,steminfo,crowndiameter,관부직경,cm,2
141,1,2024-11-25,4,1,plantobjectinfo,fruitingnumber,착과수,개,4
142,1,2024-11-25,4,2,steminfo,plantheight,초장,cm,26
142,1,2024-11-25,4,2,leafinfo,leaflength,엽장,cm,11
142,1,2024-11-25,4,2,leafinfo,leafwidth,엽폭,cm,10
142,1,2024-11-25,4,2,leafinfo,petiolelength,엽병장,cm,15
142,1,2024-11-25,4,2,leafinfo,leafnumber,엽수,개,6
142,1,2024-11-25,4,2,steminfo,crowndiameter,관부직경,cm,1.5
142,1,2024-11-25,4,2,plantobjectinfo,fruitingnumber,착과수,개,5
151,1,2024-11-25,5,1,steminfo,plantheight,초장,cm,27
151,1,2024-11-25,5,1,leafinfo,leaflength,엽장,cm,10
151,1,2024-11-25,5,1,leafinfo,leafwidth,엽폭,cm,7
151,1,2024-11-25,5,1,leafinfo,petiolelength,엽병장,cm,17
151,1,2024-11-25,5,1,leafinfo,leafnumber,엽수,개,7
151,1,2024-11-25,5,1,steminfo,crowndiameter,관부직경,cm,1.5
151,1,2024-11-25,5,1,plantobjectinfo,fruitingnumber,착과수,개,5
152,1,2024-11-25,5,2,steminfo,plantheight,초장,cm,26
152,1,2024-11-25,5,2,leafinfo,leaflength,엽장,cm,11
152,1,2024-11-25,5,2,leafinfo,leafwidth,엽폭,cm,10
152,1,2024-11-25,5,2,leafinfo,petiolelength,엽병장,cm,16
152,1,2024-11-25,5,2,leafinfo,leafnumber,엽수,개,7
152,1,2024-11-25,5,2,steminfo,crowndiameter,관부직경,cm,2.3
152,1,2024-11-25,5,2,plantobjectinfo,fruitingnumber,착과수,개,8
111,1,2024-12-02,1,1,steminfo,plantheight,초장,cm,27
111,1,2024-12-02,1,1,leafinfo,leaflength,엽장,cm,10
111,1,2024-12-02,1,1,leafinfo,leafwidth,엽폭,cm,7
111,1,2024-12-02,1,1,leafinfo,petiolelength,엽병장,cm,17
111,1,2024-12-02,1,1,leafinfo,leafnumber,엽수,개,6
111,1,2024-12-02,1,1,steminfo,crowndiameter,관부직경,cm,2
111,1,2024-12-02,1,1,plantobjectinfo,fruitingnumber,착과수,개,9
112,1,2024-12-02,1,2,steminfo,plantheight,초장,cm,30
112,1,2024-12-02,1,2,leafinfo,leaflength,엽장,cm,11
112,1,2024-12-02,1,2,leafinfo,leafwidth,엽폭,cm,7
112,1,2024-12-02,1,2,leafinfo,petiolelength,엽병장,cm,19
112,1,2024-12-02,1,2,leafinfo,leafnumber,엽수,개,7
112,1,2024-12-02,1,2,steminfo,crowndiameter,관부직경,cm,2
112,1,2024-12-02,1,2,plantobjectinfo,fruitingnumber,착과수,개,7
121,1,2024-12-02,2,1,steminfo,plantheight,초장,cm,30
121,1,2024-12-02,2,1,leafinfo,leaflength,엽장,cm,9
121,1,2024-12-02,2,1,leafinfo,leafwidth,엽폭,cm,8
121,1,2024-12-02,2,1,leafinfo,petiolelength,엽병장,cm,21
121,1,2024-12-02,2,1,leafinfo,leafnumber,엽수,개,6
121,1,2024-12-02,2,1,steminfo,crowndiameter,관부직경,cm,2
121,1,2024-12-02,2,1,plantobjectinfo,fruitingnumber,착과수,개,7
122,1,2024-12-02,2,2,steminfo,plantheight,초장,cm,29
122,1,2024-12-02,2,2,leafinfo,leaflength,엽장,cm,11
122,1,2024-12-02,2,2,leafinfo,leafwidth,엽폭,cm,10
122,1,2024-12-02,2,2,leafinfo,petiolelength,엽병장,cm,18
122,1,2024-12-02,2,2,leafinfo,leafnumber,엽수,개,7
122,1,2024-12-02,2,2,steminfo,crowndiameter,관부직경,cm,2
122,1,2024-12-02,2,2,plantobjectinfo,fruitingnumber,착과수,개,6
131,1,2024-12-02,3,1,steminfo,plantheight,초장,cm,30
131,1,2024-12-02,3,1,leafinfo,leaflength,엽장,cm,11
131,1,2024-12-02,3,1,leafinfo,leafwidth,엽폭,cm,7
131,1,2024-12-02,3,1,leafinfo,petiolelength,엽병장,cm,19
131,1,2024-12-02,3,1,leafinfo,leafnumber,엽수,개,7
131,1,2024-12-02,3,1,steminfo,crowndiameter,관부직경,cm,1.5
131,1,2024-12-02,3,1,plantobjectinfo,fruitingnumber,착과수,개,7
132,1,2024-12-02,3,2,steminfo,plantheight,초장,cm,30
132,1,2024-12-02,3,2,leafinfo,leaflength,엽장,cm,11
132,1,2024-12-02,3,2,leafinfo,leafwidth,엽폭,cm,8
132,1,2024-12-02,3,2,leafinfo,petiolelength,엽병장,cm,19
132,1,2024-12-02,3,2,leafinfo,leafnumber,엽수,개,7
132,1,2024-12-02,3,2,steminfo,crowndiameter,관부직경,cm,2
132,1,2024-12-02,3,2,plantobjectinfo,fruitingnumber,착과수,개,7
141,1,2024-12-02,4,1,steminfo,plantheight,초장,cm,27
141,1,2024-12-02,4,1,leafinfo,leaflength,엽장,cm,11
141,1,2024-12-02,4,1,leafinfo,leafwidth,엽폭,cm,9
141,1,2024-12-02,4,1,leafinfo,petiolelength,엽병장,cm,16
141,1,2024-12-02,4,1,leafinfo,leafnumber,엽수,개,7
141,1,2024-12-02,4,1,steminfo,crowndiameter,관부직경,cm,2
141,1,2024-12-02,4,1,plantobjectinfo,fruitingnumber,착과수,개,7
142,1,2024-12-02,4,2,steminfo,plantheight,초장,cm,27
142,1,2024-12-02,4,2,leafinfo,leaflength,엽장,cm,12
142,1,2024-12-02,4,2,leafinfo,leafwidth,엽폭,cm,10
142,1,2024-12-02,4,2,leafinfo,petiolelength,엽병장,cm,15
142,1,2024-12-02,4,2,leafinfo,leafnumber,엽수,개,6
142,1,2024-12-02,4,2,steminfo,crowndiameter,관부직경,cm,1.5
142,1,2024-12-02,4,2,plantobjectinfo,fruitingnumber,착과수,개,8
151,1,2024-12-02,5,1,steminfo,plantheight,초장,cm,27
151,1,2024-12-02,5,1,leafinfo,leaflength,엽장,cm,10
151,1,2024-12-02,5,1,leafinfo,leafwidth,엽폭,cm,7
151,1,2024-12-02,5,1,leafinfo,petiolelength,엽병장,cm,17
151,1,2024-12-02,5,1,leafinfo,leafnumber,엽수,개,7
151,1,2024-12-02,5,1,steminfo,crowndiameter,관부직경,cm,2
151,1,2024-12-02,5,1,plantobjectinfo,fruitingnumber,착과수,개,7
152,1,2024-12-02,5,2,steminfo,plantheight,초장,cm,26
152,1,2024-12-02,5,2,leafinfo,leaflength,엽장,cm,11
152,1,2024-12-02,5,2,leafinfo,leafwidth,엽폭,cm,10
152,1,2024-12-02,5,2,leafinfo,petiolelength,엽병장,cm,16
152,1,2024-12-02,5,2,leafinfo,leafnumber,엽수,개,7
152,1,2024-12-02,5,2,steminfo,crowndiameter,관부직경,cm,2.3
152,1,2024-12-02,5,2,plantobjectinfo,fruitingnumber,착과수,개,8
111,1,2024-12-09,1,1,steminfo,plantheight,초장,cm,28
111,1,2024-12-09,1,1,leafinfo,leaflength,엽장,cm,10
111,1,2024-12-09,1,1,leafinfo,leafwidth,엽폭,cm,7
111,1,2024-12-09,1,1,leafinfo,petiolelength,엽병장,cm,18
111,1,2024-12-09,1,1,leafinfo,leafnumber,엽수,개,6
111,1,2024-12-09,1,1,steminfo,crowndiameter,관부직경,cm,2
111,1,2024-12-09,1,1,plantobjectinfo,fruitingnumber,착과수,개,9
112,1,2024-12-09,1,2,steminfo,plantheight,초장,cm,30
112,1,2024-12-09,1,2,leafinfo,leaflength,엽장,cm,11
112,1,2024-12-09,1,2,leafinfo,leafwidth,엽폭,cm,7
112,1,2024-12-09,1,2,leafinfo,petiolelength,엽병장,cm,19
112,1,2024-12-09,1,2,leafinfo,leafnumber,엽수,개,7
112,1,2024-12-09,1,2,steminfo,crowndiameter,관부직경,cm,2
112,1,2024-12-09,1,2,plantobjectinfo,fruitingnumber,착과수,개,7
121,1,2024-12-09,2,1,steminfo,plantheight,초장,cm,30
121,1,2024-12-09,2,1,leafinfo,leaflength,엽장,cm,9
121,1,2024-12-09,2,1,leafinfo,leafwidth,엽폭,cm,8
121,1,2024-12-09,2,1,leafinfo,petiolelength,엽병장,cm,21
121,1,2024-12-09,2,1,leafinfo,leafnumber,엽수,개,6
121,1,2024-12-09,2,1,steminfo,crowndiameter,관부직경,cm,2
121,1,2024-12-09,2,1,plantobjectinfo,fruitingnumber,착과수,개,7
122,1,2024-12-09,2,2,steminfo,plantheight,초장,cm,29
122,1,2024-12-09,2,2,leafinfo,leaflength,엽장,cm,11
122,1,2024-12-09,2,2,leafinfo,leafwidth,엽폭,cm,10
122,1,2024-12-09,2,2,leafinfo,petiolelength,엽병장,cm,18
122,1,2024-12-09,2,2,leafinfo,leafnumber,엽수,개,7
122,1,2024-12-09,2,2,steminfo,crowndiameter,관부직경,cm,2
122,1,2024-12-09,2,2,plantobjectinfo,fruitingnumber,착과수,개,6
131,1,2024-12-09,3,1,steminfo,plantheight,초장,cm,30
131,1,2024-12-09,3,1,leafinfo,leaflength,엽장,cm,11
131,1,2024-12-09,3,1,leafinfo,leafwidth,엽폭,cm,7
131,1,2024-12-09,3,1,leafinfo,petiolelength,엽병장,cm,19
131,1,2024-12-09,3,1,leafinfo,leafnumber,엽수,개,7
131,1,2024-12-09,3,1,steminfo,crowndiameter,관부직경,cm,2
131,1,2024-12-09,3,1,plantobjectinfo,fruitingnumber,착과수,개,7
132,1,2024-12-09,3,2,steminfo,plantheight,초장,cm,30
132,1,2024-12-09,3,2,leafinfo,leaflength,엽장,cm,11
132,1,2024-12-09,3,2,leafinfo,leafwidth,엽폭,cm,8
132,1,2024-12-09,3,2,leafinfo,petiolelength,엽병장,cm,19
132,1,2024-12-09,3,2,leafinfo,leafnumber,엽수,개,7
132,1,2024-12-09,3,2,steminfo,crowndiameter,관부직경,cm,2
132,1,2024-12-09,3,2,plantobjectinfo,fruitingnumber,착과수,개,7
141,1,2024-12-09,4,1,steminfo,plantheight,초장,cm,27
141,1,2024-12-09,4,1,leafinfo,leaflength,엽장,cm,11
141,1,2024-12-09,4,1,leafinfo,leafwidth,엽폭,cm,9
141,1,2024-12-09,4,1,leafinfo,petiolelength,엽병장,cm,16
141,1,2024-12-09,4,1,leafinfo,leafnumber,엽수,개,7
141,1,2024-12-09,4,1,steminfo,crowndiameter,관부직경,cm,2
141,1,2024-12-09,4,1,plantobjectinfo,fruitingnumber,착과수,개,7
142,1,2024-12-09,4,2,steminfo,plantheight,초장,cm,27
142,1,2024-12-09,4,2,leafinfo,leaflength,엽장,cm,12
142,1,2024-12-09,4,2,leafinfo,leafwidth,엽폭,cm,10
142,1,2024-12-09,4,2,leafinfo,petiolelength,엽병장,cm,15
142,1,2024-12-09,4,2,leafinfo,leafnumber,엽수,개,6
142,1,2024-12-09,4,2,steminfo,crowndiameter,관부직경,cm,1.5
142,1,2024-12-09,4,2,plantobjectinfo,fruitingnumber,착과수,개,8
151,1,2024-12-09,5,1,steminfo,plantheight,초장,cm,27
151,1,2024-12-09,5,1,leafinfo,leaflength,엽장,cm,10
151,1,2024-12-09,5,1,leafinfo,leafwidth,엽폭,cm,7
151,1,2024-12-09,5,1,leafinfo,petiolelength,엽병장,cm,17
151,1,2024-12-09,5,1,leafinfo,leafnumber,엽수,개,7
151,1,2024-12-09,5,1,steminfo,crowndiameter,관부직경,cm,2
151,1,2024-12-09,5,1,plantobjectinfo,fruitingnumber,착과수,개,7
152,1,2024-12-09,5,2,steminfo,plantheight,초장,cm,26
152,1,2024-12-09,5,2,leafinfo,leaflength,엽장,cm,11
152,1,2024-12-09,5,2,leafinfo,leafwidth,엽폭,cm,10
152,1,2024-12-09,5,2,leafinfo,petiolelength,엽병장,cm,16
152,1,2024-12-09,5,2,leafinfo,leafnumber,엽수,개,7
152,1,2024-12-09,5,2,steminfo,crowndiameter,관부직경,cm,2.3
152,1,2024-12-09,5,2,plantobjectinfo,fruitingnumber,착과수,개,8
111,1,2024-12-16,1,1,steminfo,plantheight,초장,cm,28
111,1,2024-12-16,1,1,leafinfo,leaflength,엽장,cm,10
111,1,2024-12-16,1,1,leafinfo,leafwidth,엽폭,cm,7
111,1,2024-12-16,1,1,leafinfo,petiolelength,엽병장,cm,18
111,1,2024-12-16,1,1,leafinfo,leafnumber,엽수,개,6
111,1,2024-12-16,1,1,steminfo,crowndiameter,관부직경,cm,2.5
111,1,2024-12-16,1,1,plantobjectinfo,fruitingnumber,착과수,개,6
112,1,2024-12-16,1,2,steminfo,plantheight,초장,cm,30
112,1,2024-12-16,1,2,leafinfo,leaflength,엽장,cm,11
112,1,2024-12-16,1,2,leafinfo,leafwidth,엽폭,cm,7
112,1,2024-12-16,1,2,leafinfo,petiolelength,엽병장,cm,19
112,1,2024-12-16,1,2,leafinfo,leafnumber,엽수,개,7
112,1,2024-12-16,1,2,steminfo,crowndiameter,관부직경,cm,2
112,1,2024-12-16,1,2,plantobjectinfo,fruitingnumber,착과수,개,5
121,1,2024-12-16,2,1,steminfo,plantheight,초장,cm,30
121,1,2024-12-16,2,1,leafinfo,leaflength,엽장,cm,9
121,1,2024-12-16,2,1,leafinfo,leafwidth,엽폭,cm,8
121,1,2024-12-16,2,1,leafinfo,petiolelength,엽병장,cm,21
121,1,2024-12-16,2,1,leafinfo,leafnumber,엽수,개,6
121,1,2024-12-16,2,1,steminfo,crowndiameter,관부직경,cm,2
121,1,2024-12-16,2,1,plantobjectinfo,fruitingnumber,착과수,개,5
122,1,2024-12-16,2,2,steminfo,plantheight,초장,cm,29
122,1,2024-12-16,2,2,leafinfo,leaflength,엽장,cm,11
122,1,2024-12-16,2,2,leafinfo,leafwidth,엽폭,cm,10
122,1,2024-12-16,2,2,leafinfo,petiolelength,엽병장,cm,18
122,1,2024-12-16,2,2,leafinfo,leafnumber,엽수,개,7
122,1,2024-12-16,2,2,steminfo,crowndiameter,관부직경,cm,2
122,1,2024-12-16,2,2,plantobjectinfo,fruitingnumber,착과수,개,4
131,1,2024-12-16,3,1,steminfo,plantheight,초장,cm,30
131,1,2024-12-16,3,1,leafinfo,leaflength,엽장,cm,11
131,1,2024-12-16,3,1,leafinfo,leafwidth,엽폭,cm,7
131,1,2024-12-16,3,1,leafinfo,petiolelength,엽병장,cm,19
131,1,2024-12-16,3,1,leafinfo,leafnumber,엽수,개,7
131,1,2024-12-16,3,1,steminfo,crowndiameter,관부직경,cm,2
131,1,2024-12-16,3,1,plantobjectinfo,fruitingnumber,착과수,개,5
132,1,2024-12-16,3,2,steminfo,plantheight,초장,cm,30
132,1,2024-12-16,3,2,leafinfo,leaflength,엽장,cm,11
132,1,2024-12-16,3,2,leafinfo,leafwidth,엽폭,cm,8
132,1,2024-12-16,3,2,leafinfo,petiolelength,엽병장,cm,19
132,1,2024-12-16,3,2,leafinfo,leafnumber,엽수,개,7
132,1,2024-12-16,3,2,steminfo,crowndiameter,관부직경,cm,2
132,1,2024-12-16,3,2,plantobjectinfo,fruitingnumber,착과수,개,6
141,1,2024-12-16,4,1,steminfo,plantheight,초장,cm,27
141,1,2024-12-16,4,1,leafinfo,leaflength,엽장,cm,11
141,1,2024-12-16,4,1,leafinfo,leafwidth,엽폭,cm,9
141,1,2024-12-16,4,1,leafinfo,petiolelength,엽병장,cm,16
141,1,2024-12-16,4,1,leafinfo,leafnumber,엽수,개,7
141,1,2024-12-16,4,1,steminfo,crowndiameter,관부직경,cm,2
141,1,2024-12-16,4,1,plantobjectinfo,fruitingnumber,착과수,개,5
142,1,2024-12-16,4,2,steminfo,plantheight,초장,cm,27
142,1,2024-12-16,4,2,leafinfo,leaflength,엽장,cm,12
142,1,2024-12-16,4,2,leafinfo,leafwidth,엽폭,cm,10
142,1,2024-12-16,4,2,leafinfo,petiolelength,엽병장,cm,15
142,1,2024-12-16,4,2,leafinfo,leafnumber,엽수,개,6
142,1,2024-12-16,4,2,steminfo,crowndiameter,관부직경,cm,1.5
142,1,2024-12-16,4,2,plantobjectinfo,fruitingnumber,착과수,개,6
151,1,2024-12-16,5,1,steminfo,plantheight,초장,cm,27
151,1,2024-12-16,5,1,leafinfo,leaflength,엽장,cm,10
151,1,2024-12-16,5,1,leafinfo,leafwidth,엽폭,cm,7
151,1,2024-12-16,5,1,leafinfo,petiolelength,엽병장,cm,17
151,1,2024-12-16,5,1,leafinfo,leafnumber,엽수,개,7
151,1,2024-12-16,5,1,steminfo,crowndiameter,관부직경,cm,2
151,1,2024-12-16,5,1,plantobjectinfo,fruitingnumber,착과수,개,6
152,1,2024-12-16,5,2,steminfo,plantheight,초장,cm,26
152,1,2024-12-16,5,2,leafinfo,leaflength,엽장,cm,11
152,1,2024-12-16,5,2,leafinfo,leafwidth,엽폭,cm,10
152,1,2024-12-16,5,2,leafinfo,petiolelength,엽병장,cm,16
152,1,2024-12-16,5,2,leafinfo,leafnumber,엽수,개,7
152,1,2024-12-16,5,2,steminfo,crowndiameter,관부직경,cm,2.3
152,1,2024-12-16,5,2,plantobjectinfo,fruitingnumber,착과수,개,6
111,1,2024-12-23,1,1,steminfo,plantheight,초장,cm,28
111,1,2024-12-23,1,1,leafinfo,leaflength,엽장,cm,10
111,1,2024-12-23,1,1,leafinfo,leafwidth,엽폭,cm,7
111,1,2024-12-23,1,1,leafinfo,petiolelength,엽병장,cm,18
111,1,2024-12-23,1,1,leafinfo,leafnumber,엽수,개,7
111,1,2024-12-23,1,1,steminfo,crowndiameter,관부직경,cm,2.5
111,1,2024-12-23,1,1,plantobjectinfo,fruitingnumber,착과수,개,4
112,1,2024-12-23,1,2,steminfo,plantheight,초장,cm,30
112,1,2024-12-23,1,2,leafinfo,leaflength,엽장,cm,11
112,1,2024-12-23,1,2,leafinfo,leafwidth,엽폭,cm,7
112,1,2024-12-23,1,2,leafinfo,petiolelength,엽병장,cm,19
112,1,2024-12-23,1,2,leafinfo,leafnumber,엽수,개,8
112,1,2024-12-23,1,2,steminfo,crowndiameter,관부직경,cm,2.3
112,1,2024-12-23,1,2,plantobjectinfo,fruitingnumber,착과수,개,5
121,1,2024-12-23,2,1,steminfo,plantheight,초장,cm,30
121,1,2024-12-23,2,1,leafinfo,leaflength,엽장,cm,9
121,1,2024-12-23,2,1,leafinfo,leafwidth,엽폭,cm,8
121,1,2024-12-23,2,1,leafinfo,petiolelength,엽병장,cm,21
121,1,2024-12-23,2,1,leafinfo,leafnumber,엽수,개,7
121,1,2024-12-23,2,1,steminfo,crowndiameter,관부직경,cm,2
121,1,2024-12-23,2,1,plantobjectinfo,fruitingnumber,착과수,개,4
122,1,2024-12-23,2,2,steminfo,plantheight,초장,cm,29
122,1,2024-12-23,2,2,leafinfo,leaflength,엽장,cm,11
122,1,2024-12-23,2,2,leafinfo,leafwidth,엽폭,cm,10
122,1,2024-12-23,2,2,leafinfo,petiolelength,엽병장,cm,18
122,1,2024-12-23,2,2,leafinfo,leafnumber,엽수,개,8
122,1,2024-12-23,2,2,steminfo,crowndiameter,관부직경,cm,2
122,1,2024-12-23,2,2,plantobjectinfo,fruitingnumber,착과수,개,3
131,1,2024-12-23,3,1,steminfo,plantheight,초장,cm,30
131,1,2024-12-23,3,1,leafinfo,leaflength,엽장,cm,11
131,1,2024-12-23,3,1,leafinfo,leafwidth,엽폭,cm,7
131,1,2024-12-23,3,1,leafinfo,petiolelength,엽병장,cm,19
131,1,2024-12-23,3,1,leafinfo,leafnumber,엽수,개,8
131,1,2024-12-23,3,1,steminfo,crowndiameter,관부직경,cm,2
131,1,2024-12-23,3,1,plantobjectinfo,fruitingnumber,착과수,개,5
132,1,2024-12-23,3,2,steminfo,plantheight,초장,cm,30
132,1,2024-12-23,3,2,leafinfo,leaflength,엽장,cm,11
132,1,2024-12-23,3,2,leafinfo,leafwidth,엽폭,cm,8
132,1,2024-12-23,3,2,leafinfo,petiolelength,엽병장,cm,19
132,1,2024-12-23,3,2,leafinfo,leafnumber,엽수,개,8
132,1,2024-12-23,3,2,steminfo,crowndiameter,관부직경,cm,2
132,1,2024-12-23,3,2,plantobjectinfo,fruitingnumber,착과수,개,5
141,1,2024-12-23,4,1,steminfo,plantheight,초장,cm,27
141,1,2024-12-23,4,1,leafinfo,leaflength,엽장,cm,11
141,1,2024-12-23,4,1,leafinfo,leafwidth,엽폭,cm,9
141,1,2024-12-23,4,1,leafinfo,petiolelength,엽병장,cm,16
141,1,2024-12-23,4,1,leafinfo,leafnumber,엽수,개,8
141,1,2024-12-23,4,1,steminfo,crowndiameter,관부직경,cm,2
141,1,2024-12-23,4,1,plantobjectinfo,fruitingnumber,착과수,개,4
142,1,2024-12-23,4,2,steminfo,plantheight,초장,cm,27
142,1,2024-12-23,4,2,leafinfo,leaflength,엽장,cm,12
142,1,2024-12-23,4,2,leafinfo,leafwidth,엽폭,cm,10
142,1,2024-12-23,4,2,leafinfo,petiolelength,엽병장,cm,15
142,1,2024-12-23,4,2,leafinfo,leafnumber,엽수,개,7
142,1,2024-12-23,4,2,steminfo,crowndiameter,관부직경,cm,1.5
142,1,2024-12-23,4,2,plantobjectinfo,fruitingnumber,착과수,개,5
151,1,2024-12-23,5,1,steminfo,plantheight,초장,cm,27
151,1,2024-12-23,5,1,leafinfo,leaflength,엽장,cm,10
151,1,2024-12-23,5,1,leafinfo,leafwidth,엽폭,cm,7
151,1,2024-12-23,5,1,leafinfo,petiolelength,엽병장,cm,17
151,1,2024-12-23,5,1,leafinfo,leafnumber,엽수,개,8
151,1,2024-12-23,5,1,steminfo,crowndiameter,관부직경,cm,2
151,1,2024-12-23,5,1,plantobjectinfo,fruitingnumber,착과수,개,4
152,1,2024-12-23,5,2,steminfo,plantheight,초장,cm,26
152,1,2024-12-23,5,2,leafinfo,leaflength,엽장,cm,11
152,1,2024-12-23,5,2,leafinfo,leafwidth,엽폭,cm,10
152,1,2024-12-23,5,2,leafinfo,petiolelength,엽병장,cm,16
152,1,2024-12-23,5,2,leafinfo,leafnumber,엽수,개,7
152,1,2024-12-23,5,2,steminfo,crowndiameter,관부직경,cm,2.3
152,1,2024-12-23,5,2,plantobjectinfo,fruitingnumber,착과수,개,5
111,1,2024-12-30,1,1,steminfo,plantheight,초장,cm,29
111,1,2024-12-30,1,1,leafinfo,leaflength,엽장,cm,10
111,1,2024-12-30,1,1,leafinfo,leafwidth,엽폭,cm,7
111,1,2024-12-30,1,1,leafinfo,petiolelength,엽병장,cm,19
111,1,2024-12-30,1,1,leafinfo,leafnumber,엽수,개,7
111,1,2024-12-30,1,1,steminfo,crowndiameter,관부직경,cm,2.5
111,1,2024-12-30,1,1,plantobjectinfo,fruitingnumber,착과수,개,3
112,1,2024-12-30,1,2,steminfo,plantheight,초장,cm,30
112,1,2024-12-30,1,2,leafinfo,leaflength,엽장,cm,11
112,1,2024-12-30,1,2,leafinfo,leafwidth,엽폭,cm,7
112,1,2024-12-30,1,2,leafinfo,petiolelength,엽병장,cm,19
112,1,2024-12-30,1,2,leafinfo,leafnumber,엽수,개,8
112,1,2024-12-30,1,2,steminfo,crowndiameter,관부직경,cm,2.3
112,1,2024-12-30,1,2,plantobjectinfo,fruitingnumber,착과수,개,3
121,1,2024-12-30,2,1,steminfo,plantheight,초장,cm,30
121,1,2024-12-30,2,1,leafinfo,leaflength,엽장,cm,9
121,1,2024-12-30,2,1,leafinfo,leafwidth,엽폭,cm,8
121,1,2024-12-30,2,1,leafinfo,petiolelength,엽병장,cm,21
121,1,2024-12-30,2,1,leafinfo,leafnumber,엽수,개,7
121,1,2024-12-30,2,1,steminfo,crowndiameter,관부직경,cm,2
121,1,2024-12-30,2,1,plantobjectinfo,fruitingnumber,착과수,개,2
122,1,2024-12-30,2,2,steminfo,plantheight,초장,cm,29
122,1,2024-12-30,2,2,leafinfo,leaflength,엽장,cm,11
122,1,2024-12-30,2,2,leafinfo,leafwidth,엽폭,cm,10
122,1,2024-12-30,2,2,leafinfo,petiolelength,엽병장,cm,18
122,1,2024-12-30,2,2,leafinfo,leafnumber,엽수,개,8
122,1,2024-12-30,2,2,steminfo,crowndiameter,관부직경,cm,2
122,1,2024-12-30,2,2,plantobjectinfo,fruitingnumber,착과수,개,3
131,1,2024-12-30,3,1,steminfo,plantheight,초장,cm,30
131,1,2024-12-30,3,1,leafinfo,leaflength,엽장,cm,11
131,1,2024-12-30,3,1,leafinfo,leafwidth,엽폭,cm,7
131,1,2024-12-30,3,1,leafinfo,petiolelength,엽병장,cm,19
131,1,2024-12-30,3,1,leafinfo,leafnumber,엽수,개,8
131,1,2024-12-30,3,1,steminfo,crowndiameter,관부직경,cm,2
131,1,2024-12-30,3,1,plantobjectinfo,fruitingnumber,착과수,개,5
132,1,2024-12-30,3,2,steminfo,plantheight,초장,cm,30
132,1,2024-12-30,3,2,leafinfo,leaflength,엽장,cm,11
132,1,2024-12-30,3,2,leafinfo,leafwidth,엽폭,cm,8
132,1,2024-12-30,3,2,leafinfo,petiolelength,엽병장,cm,19
132,1,2024-12-30,3,2,leafinfo,leafnumber,엽수,개,8
132,1,2024-12-30,3,2,steminfo,crowndiameter,관부직경,cm,2
132,1,2024-12-30,3,2,plantobjectinfo,fruitingnumber,착과수,개,4
141,1,2024-12-30,4,1,steminfo,plantheight,초장,cm,27
141,1,2024-12-30,4,1,leafinfo,leaflength,엽장,cm,11
141,1,2024-12-30,4,1,leafinfo,leafwidth,엽폭,cm,9
141,1,2024-12-30,4,1,leafinfo,petiolelength,엽병장,cm,16
141,1,2024-12-30,4,1,leafinfo,leafnumber,엽수,개,8
141,1,2024-12-30,4,1,steminfo,crowndiameter,관부직경,cm,2
141,1,2024-12-30,4,1,plantobjectinfo,fruitingnumber,착과수,개,3
142,1,2024-12-30,4,2,steminfo,plantheight,초장,cm,27
142,1,2024-12-30,4,2,leafinfo,leaflength,엽장,cm,12
142,1,2024-12-30,4,2,leafinfo,leafwidth,엽폭,cm,10
142,1,2024-12-30,4,2,leafinfo,petiolelength,엽병장,cm,15
142,1,2024-12-30,4,2,leafinfo,leafnumber,엽수,개,7
142,1,2024-12-30,4,2,steminfo,crowndiameter,관부직경,cm,1.5
142,1,2024-12-30,4,2,plantobjectinfo,fruitingnumber,착과수,개,3
151,1,2024-12-30,5,1,steminfo,plantheight,초장,cm,27
151,1,2024-12-30,5,1,leafinfo,leaflength,엽장,cm,10
151,1,2024-12-30,5,1,leafinfo,leafwidth,엽폭,cm,7
151,1,2024-12-30,5,1,leafinfo,petiolelength,엽병장,cm,17
151,1,2024-12-30,5,1,leafinfo,leafnumber,엽수,개,8
151,1,2024-12-30,5,1,steminfo,crowndiameter,관부직경,cm,2
151,1,2024-12-30,5,1,plantobjectinfo,fruitingnumber,착과수,개,3
152,1,2024-12-30,5,2,steminfo,plantheight,초장,cm,26
152,1,2024-12-30,5,2,leafinfo,leaflength,엽장,cm,11
152,1,2024-12-30,5,2,leafinfo,leafwidth,엽폭,cm,10
152,1,2024-12-30,5,2,leafinfo,petiolelength,엽병장,cm,16
152,1,2024-12-30,5,2,leafinfo,leafnumber,엽수,개,7
152,1,2024-12-30,5,2,steminfo,crowndiameter,관부직경,cm,2.3
152,1,2024-12-30,5,2,plantobjectinfo,fruitingnumber,착과수,개,4
111,1,2025-01-06,1,1,steminfo,plantheight,초장,cm,29
111,1,2025-01-06,1,1,leafinfo,leaflength,엽장,cm,10
111,1,2025-01-06,1,1,leafinfo,leafwidth,엽폭,cm,7
111,1,2025-01-06,1,1,leafinfo,petiolelength,엽병장,cm,19
111,1,2025-01-06,1,1,leafinfo,leafnumber,엽수,개,7
111,1,2025-01-06,1,1,steminfo,crowndiameter,관부직경,cm,2.5
111,1,2025-01-06,1,1,plantobjectinfo,fruitingnumber,착과수,개,1
112,1,2025-01-06,1,2,steminfo,plantheight,초장,cm,30
112,1,2025-01-06,1,2,leafinfo,leaflength,엽장,cm,11
112,1,2025-01-06,1,2,leafinfo,leafwidth,엽폭,cm,7
112,1,2025-01-06,1,2,leafinfo,petiolelength,엽병장,cm,19
112,1,2025-01-06,1,2,leafinfo,leafnumber,엽수,개,8
112,1,2025-01-06,1,2,steminfo,crowndiameter,관부직경,cm,2.5
112,1,2025-01-06,1,2,plantobjectinfo,fruitingnumber,착과수,개,2
121,1,2025-01-06,2,1,steminfo,plantheight,초장,cm,31
121,1,2025-01-06,2,1,leafinfo,leaflength,엽장,cm,10
121,1,2025-01-06,2,1,leafinfo,leafwidth,엽폭,cm,8
121,1,2025-01-06,2,1,leafinfo,petiolelength,엽병장,cm,21
121,1,2025-01-06,2,1,leafinfo,leafnumber,엽수,개,7
121,1,2025-01-06,2,1,steminfo,crowndiameter,관부직경,cm,2.3
121,1,2025-01-06,2,1,plantobjectinfo,fruitingnumber,착과수,개,0
122,1,2025-01-06,2,2,steminfo,plantheight,초장,cm,29
122,1,2025-01-06,2,2,leafinfo,leaflength,엽장,cm,11
122,1,2025-01-06,2,2,leafinfo,leafwidth,엽폭,cm,10
122,1,2025-01-06,2,2,leafinfo,petiolelength,엽병장,cm,18
122,1,2025-01-06,2,2,leafinfo,leafnumber,엽수,개,8
122,1,2025-01-06,2,2,steminfo,crowndiameter,관부직경,cm,2
122,1,2025-01-06,2,2,plantobjectinfo,fruitingnumber,착과수,개,1
131,1,2025-01-06,3,1,steminfo,plantheight,초장,cm,30
131,1,2025-01-06,3,1,leafinfo,leaflength,엽장,cm,11
131,1,2025-01-06,3,1,leafinfo,leafwidth,엽폭,cm,7
131,1,2025-01-06,3,1,leafinfo,petiolelength,엽병장,cm,19
131,1,2025-01-06,3,1,leafinfo,leafnumber,엽수,개,8
131,1,2025-01-06,3,1,steminfo,crowndiameter,관부직경,cm,2
131,1,2025-01-06,3,1,plantobjectinfo,fruitingnumber,착과수,개,3
132,1,2025-01-06,3,2,steminfo,plantheight,초장,cm,30
132,1,2025-01-06,3,2,leafinfo,leaflength,엽장,cm,11
132,1,2025-01-06,3,2,leafinfo,leafwidth,엽폭,cm,8
132,1,2025-01-06,3,2,leafinfo,petiolelength,엽병장,cm,19
132,1,2025-01-06,3,2,leafinfo,leafnumber,엽수,개,8
132,1,2025-01-06,3,2,steminfo,crowndiameter,관부직경,cm,2
132,1,2025-01-06,3,2,plantobjectinfo,fruitingnumber,착과수,개,2
141,1,2025-01-06,4,1,steminfo,plantheight,초장,cm,28
141,1,2025-01-06,4,1,leafinfo,leaflength,엽장,cm,12
141,1,2025-01-06,4,1,leafinfo,leafwidth,엽폭,cm,9
141,1,2025-01-06,4,1,leafinfo,petiolelength,엽병장,cm,16
141,1,2025-01-06,4,1,leafinfo,leafnumber,엽수,개,8
141,1,2025-01-06,4,1,steminfo,crowndiameter,관부직경,cm,2.3
141,1,2025-01-06,4,1,plantobjectinfo,fruitingnumber,착과수,개,2
142,1,2025-01-06,4,2,steminfo,plantheight,초장,cm,27
142,1,2025-01-06,4,2,leafinfo,leaflength,엽장,cm,12
142,1,2025-01-06,4,2,leafinfo,leafwidth,엽폭,cm,10
142,1,2025-01-06,4,2,leafinfo,petiolelength,엽병장,cm,15
142,1,2025-01-06,4,2,leafinfo,leafnumber,엽수,개,7
142,1,2025-01-06,4,2,steminfo,crowndiameter,관부직경,cm,2.3
142,1,2025-01-06,4,2,plantobjectinfo,fruitingnumber,착과수,개,2
151,1,2025-01-06,5,1,steminfo,plantheight,초장,cm,27
151,1,2025-01-06,5,1,leafinfo,leaflength,엽장,cm,10
151,1,2025-01-06,5,1,leafinfo,leafwidth,엽폭,cm,7
151,1,2025-01-06,5,1,leafinfo,petiolelength,엽병장,cm,17
151,1,2025-01-06,5,1,leafinfo,leafnumber,엽수,개,8
151,1,2025-01-06,5,1,steminfo,crowndiameter,관부직경,cm,2.3
151,1,2025-01-06,5,1,plantobjectinfo,fruitingnumber,착과수,개,1
152,1,2025-01-06,5,2,steminfo,plantheight,초장,cm,27
152,1,2025-01-06,5,2,leafinfo,leaflength,엽장,cm,12
152,1,2025-01-06,5,2,leafinfo,leafwidth,엽폭,cm,10
152,1,2025-01-06,5,2,leafinfo,petiolelength,엽병장,cm,16
152,1,2025-01-06,5,2,leafinfo,leafnumber,엽수,개,7
152,1,2025-01-06,5,2,steminfo,crowndiameter,관부직경,cm,2.5
152,1,2025-01-06,5,2,plantobjectinfo,fruitingnumber,착과수,개,2
111,1,2025-01-13,1,1,steminfo,plantheight,초장,cm,29
111,1,2025-01-13,1,1,leafinfo,leaflength,엽장,cm,10
111,1,2025-01-13,1,1,leafinfo,leafwidth,엽폭,cm,7
111,1,2025-01-13,1,1,leafinfo,petiolelength,엽병장,cm,19
111,1,2025-01-13,1,1,leafinfo,leafnumber,엽수,개,6
111,1,2025-01-13,1,1,steminfo,crowndiameter,관부직경,cm,2.5
111,1,2025-01-13,1,1,plantobjectinfo,fruitingnumber,착과수,개,5
112,1,2025-01-13,1,2,steminfo,plantheight,초장,cm,30
112,1,2025-01-13,1,2,leafinfo,leaflength,엽장,cm,11
112,1,2025-01-13,1,2,leafinfo,leafwidth,엽폭,cm,7
112,1,2025-01-13,1,2,leafinfo,petiolelength,엽병장,cm,19
112,1,2025-01-13,1,2,leafinfo,leafnumber,엽수,개,7
112,1,2025-01-13,1,2,steminfo,crowndiameter,관부직경,cm,2.5
112,1,2025-01-13,1,2,plantobjectinfo,fruitingnumber,착과수,개,4
121,1,2025-01-13,2,1,steminfo,plantheight,초장,cm,31
121,1,2025-01-13,2,1,leafinfo,leaflength,엽장,cm,10
121,1,2025-01-13,2,1,leafinfo,leafwidth,엽폭,cm,8
121,1,2025-01-13,2,1,leafinfo,petiolelength,엽병장,cm,21
121,1,2025-01-13,2,1,leafinfo,leafnumber,엽수,개,7
121,1,2025-01-13,2,1,steminfo,crowndiameter,관부직경,cm,2.5
121,1,2025-01-13,2,1,plantobjectinfo,fruitingnumber,착과수,개,5
122,1,2025-01-13,2,2,steminfo,plantheight,초장,cm,29
122,1,2025-01-13,2,2,leafinfo,leaflength,엽장,cm,11
122,1,2025-01-13,2,2,leafinfo,leafwidth,엽폭,cm,10
122,1,2025-01-13,2,2,leafinfo,petiolelength,엽병장,cm,18
122,1,2025-01-13,2,2,leafinfo,leafnumber,엽수,개,7
122,1,2025-01-13,2,2,steminfo,crowndiameter,관부직경,cm,2.3
122,1,2025-01-13,2,2,plantobjectinfo,fruitingnumber,착과수,개,6
131,1,2025-01-13,3,1,steminfo,plantheight,초장,cm,30
131,1,2025-01-13,3,1,leafinfo,leaflength,엽장,cm,11
131,1,2025-01-13,3,1,leafinfo,leafwidth,엽폭,cm,7
131,1,2025-01-13,3,1,leafinfo,petiolelength,엽병장,cm,19
131,1,2025-01-13,3,1,leafinfo,leafnumber,엽수,개,8
131,1,2025-01-13,3,1,steminfo,crowndiameter,관부직경,cm,2.3
131,1,2025-01-13,3,1,plantobjectinfo,fruitingnumber,착과수,개,3
132,1,2025-01-13,3,2,steminfo,plantheight,초장,cm,30
132,1,2025-01-13,3,2,leafinfo,leaflength,엽장,cm,11
132,1,2025-01-13,3,2,leafinfo,leafwidth,엽폭,cm,8
132,1,2025-01-13,3,2,leafinfo,petiolelength,엽병장,cm,19
132,1,2025-01-13,3,2,leafinfo,leafnumber,엽수,개,8
132,1,2025-01-13,3,2,steminfo,crowndiameter,관부직경,cm,2.5
132,1,2025-01-13,3,2,plantobjectinfo,fruitingnumber,착과수,개,2
141,1,2025-01-13,4,1,steminfo,plantheight,초장,cm,28
141,1,2025-01-13,4,1,leafinfo,leaflength,엽장,cm,12
141,1,2025-01-13,4,1,leafinfo,leafwidth,엽폭,cm,9
141,1,2025-01-13,4,1,leafinfo,petiolelength,엽병장,cm,16
141,1,2025-01-13,4,1,leafinfo,leafnumber,엽수,개,7
141,1,2025-01-13,4,1,steminfo,crowndiameter,관부직경,cm,2.6
141,1,2025-01-13,4,1,plantobjectinfo,fruitingnumber,착과수,개,5
142,1,2025-01-13,4,2,steminfo,plantheight,초장,cm,27
142,1,2025-01-13,4,2,leafinfo,leaflength,엽장,cm,12
142,1,2025-01-13,4,2,leafinfo,leafwidth,엽폭,cm,10
142,1,2025-01-13,4,2,leafinfo,petiolelength,엽병장,cm,15
142,1,2025-01-13,4,2,leafinfo,leafnumber,엽수,개,7
142,1,2025-01-13,4,2,steminfo,crowndiameter,관부직경,cm,2.5
142,1,2025-01-13,4,2,plantobjectinfo,fruitingnumber,착과수,개,6
151,1,2025-01-13,5,1,steminfo,plantheight,초장,cm,27
151,1,2025-01-13,5,1,leafinfo,leaflength,엽장,cm,10
151,1,2025-01-13,5,1,leafinfo,leafwidth,엽폭,cm,7
151,1,2025-01-13,5,1,leafinfo,petiolelength,엽병장,cm,17
151,1,2025-01-13,5,1,leafinfo,leafnumber,엽수,개,8
151,1,2025-01-13,5,1,steminfo,crowndiameter,관부직경,cm,2.5
151,1,2025-01-13,5,1,plantobjectinfo,fruitingnumber,착과수,개,4
152,1,2025-01-13,5,2,steminfo,plantheight,초장,cm,27
152,1,2025-01-13,5,2,leafinfo,leaflength,엽장,cm,12
152,1,2025-01-13,5,2,leafinfo,leafwidth,엽폭,cm,10
152,1,2025-01-13,5,2,leafinfo,petiolelength,엽병장,cm,16
152,1,2025-01-13,5,2,leafinfo,leafnumber,엽수,개,7
152,1,2025-01-13,5,2,steminfo,crowndiameter,관부직경,cm,2.5
152,1,2025-01-13,5,2,plantobjectinfo,fruitingnumber,착과수,개,4
111,1,2025-01-20,1,1,steminfo,plantheight,초장,cm,29
111,1,2025-01-20,1,1,leafinfo,leaflength,엽장,cm,10
111,1,2025-01-20,1,1,leafinfo,leafwidth,엽폭,cm,7
111,1,2025-01-20,1,1,leafinfo,petiolelength,엽병장,cm,19
111,1,2025-01-20,1,1,leafinfo,leafnumber,엽수,개,6
111,1,2025-01-20,1,1,steminfo,crowndiameter,관부직경,cm,2.5
111,1,2025-01-20,1,1,plantobjectinfo,fruitingnumber,착과수,개,5
112,1,2025-01-20,1,2,steminfo,plantheight,초장,cm,30
112,1,2025-01-20,1,2,leafinfo,leaflength,엽장,cm,11
112,1,2025-01-20,1,2,leafinfo,leafwidth,엽폭,cm,7
112,1,2025-01-20,1,2,leafinfo,petiolelength,엽병장,cm,19
112,1,2025-01-20,1,2,leafinfo,leafnumber,엽수,개,6
112,1,2025-01-20,1,2,steminfo,crowndiameter,관부직경,cm,2.5
112,1,2025-01-20,1,2,plantobjectinfo,fruitingnumber,착과수,개,4
121,1,2025-01-20,2,1,steminfo,plantheight,초장,cm,31
121,1,2025-01-20,2,1,leafinfo,leaflength,엽장,cm,10
121,1,2025-01-20,2,1,leafinfo,leafwidth,엽폭,cm,8
121,1,2025-01-20,2,1,leafinfo,petiolelength,엽병장,cm,21
121,1,2025-01-20,2,1,leafinfo,leafnumber,엽수,개,6
121,1,2025-01-20,2,1,steminfo,crowndiameter,관부직경,cm,2.5
121,1,2025-01-20,2,1,plantobjectinfo,fruitingnumber,착과수,개,5
122,1,2025-01-20,2,2,steminfo,plantheight,초장,cm,29
122,1,2025-01-20,2,2,leafinfo,leaflength,엽장,cm,11
122,1,2025-01-20,2,2,leafinfo,leafwidth,엽폭,cm,10
122,1,2025-01-20,2,2,leafinfo,petiolelength,엽병장,cm,18
122,1,2025-01-20,2,2,leafinfo,leafnumber,엽수,개,7
122,1,2025-01-20,2,2,steminfo,crowndiameter,관부직경,cm,2.3
122,1,2025-01-20,2,2,plantobjectinfo,fruitingnumber,착과수,개,5
131,1,2025-01-20,3,1,steminfo,plantheight,초장,cm,30
131,1,2025-01-20,3,1,leafinfo,leaflength,엽장,cm,11
131,1,2025-01-20,3,1,leafinfo,leafwidth,엽폭,cm,7
131,1,2025-01-20,3,1,leafinfo,petiolelength,엽병장,cm,19
131,1,2025-01-20,3,1,leafinfo,leafnumber,엽수,개,8
131,1,2025-01-20,3,1,steminfo,crowndiameter,관부직경,cm,2.3
131,1,2025-01-20,3,1,plantobjectinfo,fruitingnumber,착과수,개,3
132,1,2025-01-20,3,2,steminfo,plantheight,초장,cm,30
132,1,2025-01-20,3,2,leafinfo,leaflength,엽장,cm,11
132,1,2025-01-20,3,2,leafinfo,leafwidth,엽폭,cm,8
132,1,2025-01-20,3,2,leafinfo,petiolelength,엽병장,cm,19
132,1,2025-01-20,3,2,leafinfo,leafnumber,엽수,개,8
132,1,2025-01-20,3,2,steminfo,crowndiameter,관부직경,cm,2.5
132,1,2025-01-20,3,2,plantobjectinfo,fruitingnumber,착과수,개,4
141,1,2025-01-20,4,1,steminfo,plantheight,초장,cm,28
141,1,2025-01-20,4,1,leafinfo,leaflength,엽장,cm,12
141,1,2025-01-20,4,1,leafinfo,leafwidth,엽폭,cm,9
141,1,2025-01-20,4,1,leafinfo,petiolelength,엽병장,cm,16
141,1,2025-01-20,4,1,leafinfo,leafnumber,엽수,개,7
141,1,2025-01-20,4,1,steminfo,crowndiameter,관부직경,cm,2.6
141,1,2025-01-20,4,1,plantobjectinfo,fruitingnumber,착과수,개,4
142,1,2025-01-20,4,2,steminfo,plantheight,초장,cm,27
142,1,2025-01-20,4,2,leafinfo,leaflength,엽장,cm,12
142,1,2025-01-20,4,2,leafinfo,leafwidth,엽폭,cm,10
142,1,2025-01-20,4,2,leafinfo,petiolelength,엽병장,cm,15
142,1,2025-01-20,4,2,leafinfo,leafnumber,엽수,개,7
142,1,2025-01-20,4,2,steminfo,crowndiameter,관부직경,cm,2.5
142,1,2025-01-20,4,2,plantobjectinfo,fruitingnumber,착과수,개,4
151,1,2025-01-20,5,1,steminfo,plantheight,초장,cm,27
151,1,2025-01-20,5,1,leafinfo,leaflength,엽장,cm,10
151,1,2025-01-20,5,1,leafinfo,leafwidth,엽폭,cm,7
151,1,2025-01-20,5,1,leafinfo,petiolelength,엽병장,cm,17
151,1,2025-01-20,5,1,leafinfo,leafnumber,엽수,개,8
151,1,2025-01-20,5,1,steminfo,crowndiameter,관부직경,cm,2.5
151,1,2025-01-20,5,1,plantobjectinfo,fruitingnumber,착과수,개,4
152,1,2025-01-20,5,2,steminfo,plantheight,초장,cm,27
152,1,2025-01-20,5,2,leafinfo,leaflength,엽장,cm,12
152,1,2025-01-20,5,2,leafinfo,leafwidth,엽폭,cm,10
152,1,2025-01-20,5,2,leafinfo,petiolelength,엽병장,cm,16
152,1,2025-01-20,5,2,leafinfo,leafnumber,엽수,개,7
152,1,2025-01-20,5,2,steminfo,crowndiameter,관부직경,cm,2.5
152,1,2025-01-20,5,2,plantobjectinfo,fruitingnumber,착과수,개,4
111,1,2025-01-31,1,1,steminfo,plantheight,초장,cm,29
111,1,2025-01-31,1,1,leafinfo,leaflength,엽장,cm,10
111,1,2025-01-31,1,1,leafinfo,leafwidth,엽폭,cm,7
111,1,2025-01-31,1,1,leafinfo,petiolelength,엽병장,cm,19
111,1,2025-01-31,1,1,leafinfo,leafnumber,엽수,개,6
111,1,2025-01-31,1,1,steminfo,crowndiameter,관부직경,cm,2.5
111,1,2025-01-31,1,1,plantobjectinfo,fruitingnumber,착과수,개,5
112,1,2025-01-31,1,2,steminfo,plantheight,초장,cm,30
112,1,2025-01-31,1,2,leafinfo,leaflength,엽장,cm,11
112,1,2025-01-31,1,2,leafinfo,leafwidth,엽폭,cm,7
112,1,2025-01-31,1,2,leafinfo,petiolelength,엽병장,cm,19
112,1,2025-01-31,1,2,leafinfo,leafnumber,엽수,개,6
112,1,2025-01-31,1,2,steminfo,crowndiameter,관부직경,cm,2.5
112,1,2025-01-31,1,2,plantobjectinfo,fruitingnumber,착과수,개,4
121,1,2025-01-31,2,1,steminfo,plantheight,초장,cm,31
121,1,2025-01-31,2,1,leafinfo,leaflength,엽장,cm,10
121,1,2025-01-31,2,1,leafinfo,leafwidth,엽폭,cm,8
121,1,2025-01-31,2,1,leafinfo,petiolelength,엽병장,cm,21
121,1,2025-01-31,2,1,leafinfo,leafnumber,엽수,개,6
121,1,2025-01-31,2,1,steminfo,crowndiameter,관부직경,cm,2.5
121,1,2025-01-31,2,1,plantobjectinfo,fruitingnumber,착과수,개,6
122,1,2025-01-31,2,2,steminfo,plantheight,초장,cm,29
122,1,2025-01-31,2,2,leafinfo,leaflength,엽장,cm,11
122,1,2025-01-31,2,2,leafinfo,leafwidth,엽폭,cm,10
122,1,2025-01-31,2,2,leafinfo,petiolelength,엽병장,cm,18
122,1,2025-01-31,2,2,leafinfo,leafnumber,엽수,개,7
122,1,2025-01-31,2,2,steminfo,crowndiameter,관부직경,cm,2.3
122,1,2025-01-31,2,2,plantobjectinfo,fruitingnumber,착과수,개,8
131,1,2025-01-31,3,1,steminfo,plantheight,초장,cm,30
131,1,2025-01-31,3,1,leafinfo,leaflength,엽장,cm,11
131,1,2025-01-31,3,1,leafinfo,leafwidth,엽폭,cm,7
131,1,2025-01-31,3,1,leafinfo,petiolelength,엽병장,cm,19
131,1,2025-01-31,3,1,leafinfo,leafnumber,엽수,개,8
131,1,2025-01-31,3,1,steminfo,crowndiameter,관부직경,cm,2.3
131,1,2025-01-31,3,1,plantobjectinfo,fruitingnumber,착과수,개,6
132,1,2025-01-31,3,2,steminfo,plantheight,초장,cm,30
132,1,2025-01-31,3,2,leafinfo,leaflength,엽장,cm,11
132,1,2025-01-31,3,2,leafinfo,leafwidth,엽폭,cm,8
132,1,2025-01-31,3,2,leafinfo,petiolelength,엽병장,cm,19
132,1,2025-01-31,3,2,leafinfo,leafnumber,엽수,개,8
132,1,2025-01-31,3,2,steminfo,crowndiameter,관부직경,cm,2.5
132,1,2025-01-31,3,2,plantobjectinfo,fruitingnumber,착과수,개,7
141,1,2025-01-31,4,1,steminfo,plantheight,초장,cm,28
141,1,2025-01-31,4,1,leafinfo,leaflength,엽장,cm,12
141,1,2025-01-31,4,1,leafinfo,leafwidth,엽폭,cm,9
141,1,2025-01-31,4,1,leafinfo,petiolelength,엽병장,cm,16
141,1,2025-01-31,4,1,leafinfo,leafnumber,엽수,개,7
141,1,2025-01-31,4,1,steminfo,crowndiameter,관부직경,cm,2.6
141,1,2025-01-31,4,1,plantobjectinfo,fruitingnumber,착과수,개,6
142,1,2025-01-31,4,2,steminfo,plantheight,초장,cm,27
142,1,2025-01-31,4,2,leafinfo,leaflength,엽장,cm,12
142,1,2025-01-31,4,2,leafinfo,leafwidth,엽폭,cm,10
142,1,2025-01-31,4,2,leafinfo,petiolelength,엽병장,cm,15
142,1,2025-01-31,4,2,leafinfo,leafnumber,엽수,개,7
142,1,2025-01-31,4,2,steminfo,crowndiameter,관부직경,cm,2.5
142,1,2025-01-31,4,2,plantobjectinfo,fruitingnumber,착과수,개,6
151,1,2025-01-31,5,1,steminfo,plantheight,초장,cm,27
151,1,2025-01-31,5,1,leafinfo,leaflength,엽장,cm,10
151,1,2025-01-31,5,1,leafinfo,leafwidth,엽폭,cm,7
151,1,2025-01-31,5,1,leafinfo,petiolelength,엽병장,cm,17
151,1,2025-01-31,5,1,leafinfo,leafnumber,엽수,개,8
151,1,2025-01-31,5,1,steminfo,crowndiameter,관부직경,cm,2.5
151,1,2025-01-31,5,1,plantobjectinfo,fruitingnumber,착과수,개,6
152,1,2025-01-31,5,2,steminfo,plantheight,초장,cm,27
152,1,2025-01-31,5,2,leafinfo,leaflength,엽장,cm,12
152,1,2025-01-31,5,2,leafinfo,leafwidth,엽폭,cm,10
152,1,2025-01-31,5,2,leafinfo,petiolelength,엽병장,cm,16
152,1,2025-01-31,5,2,leafinfo,leafnumber,엽수,개,7
152,1,2025-01-31,5,2,steminfo,crowndiameter,관부직경,cm,2.5
152,1,2025-01-31,5,2,plantobjectinfo,fruitingnumber,착과수,개,5
111,1,2025-02-03,1,1,steminfo,plantheight,초장,cm,29
111,1,2025-02-03,1,1,leafinfo,leaflength,엽장,cm,10
111,1,2025-02-03,1,1,leafinfo,leafwidth,엽폭,cm,7
111,1,2025-02-03,1,1,leafinfo,petiolelength,엽병장,cm,19
111,1,2025-02-03,1,1,leafinfo,leafnumber,엽수,개,6
111,1,2025-02-03,1,1,steminfo,crowndiameter,관부직경,cm,2.5
111,1,2025-02-03,1,1,plantobjectinfo,fruitingnumber,착과수,개,6
112,1,2025-02-03,1,2,steminfo,plantheight,초장,cm,30
112,1,2025-02-03,1,2,leafinfo,leaflength,엽장,cm,11
112,1,2025-02-03,1,2,leafinfo,leafwidth,엽폭,cm,7
112,1,2025-02-03,1,2,leafinfo,petiolelength,엽병장,cm,19
112,1,2025-02-03,1,2,leafinfo,leafnumber,엽수,개,6
112,1,2025-02-03,1,2,steminfo,crowndiameter,관부직경,cm,2.5
112,1,2025-02-03,1,2,plantobjectinfo,fruitingnumber,착과수,개,8
121,1,2025-02-03,2,1,steminfo,plantheight,초장,cm,31
121,1,2025-02-03,2,1,leafinfo,leaflength,엽장,cm,10
121,1,2025-02-03,2,1,leafinfo,leafwidth,엽폭,cm,8
121,1,2025-02-03,2,1,leafinfo,petiolelength,엽병장,cm,21
121,1,2025-02-03,2,1,leafinfo,leafnumber,엽수,개,6
121,1,2025-02-03,2,1,steminfo,crowndiameter,관부직경,cm,2.5
121,1,2025-02-03,2,1,plantobjectinfo,fruitingnumber,착과수,개,5
122,1,2025-02-03,2,2,steminfo,plantheight,초장,cm,29
122,1,2025-02-03,2,2,leafinfo,leaflength,엽장,cm,11
122,1,2025-02-03,2,2,leafinfo,leafwidth,엽폭,cm,10
122,1,2025-02-03,2,2,leafinfo,petiolelength,엽병장,cm,18
122,1,2025-02-03,2,2,leafinfo,leafnumber,엽수,개,7
122,1,2025-02-03,2,2,steminfo,crowndiameter,관부직경,cm,2.3
122,1,2025-02-03,2,2,plantobjectinfo,fruitingnumber,착과수,개,8
131,1,2025-02-03,3,1,steminfo,plantheight,초장,cm,30
131,1,2025-02-03,3,1,leafinfo,leaflength,엽장,cm,11
131,1,2025-02-03,3,1,leafinfo,leafwidth,엽폭,cm,7
131,1,2025-02-03,3,1,leafinfo,petiolelength,엽병장,cm,19
131,1,2025-02-03,3,1,leafinfo,leafnumber,엽수,개,8
131,1,2025-02-03,3,1,steminfo,crowndiameter,관부직경,cm,2.3
131,1,2025-02-03,3,1,plantobjectinfo,fruitingnumber,착과수,개,5
132,1,2025-02-03,3,2,steminfo,plantheight,초장,cm,30
132,1,2025-02-03,3,2,leafinfo,leaflength,엽장,cm,11
132,1,2025-02-03,3,2,leafinfo,leafwidth,엽폭,cm,8
132,1,2025-02-03,3,2,leafinfo,petiolelength,엽병장,cm,19
132,1,2025-02-03,3,2,leafinfo,leafnumber,엽수,개,8
132,1,2025-02-03,3,2,steminfo,crowndiameter,관부직경,cm,2.5
132,1,2025-02-03,3,2,plantobjectinfo,fruitingnumber,착과수,개,7
141,1,2025-02-03,4,1,steminfo,plantheight,초장,cm,28
141,1,2025-02-03,4,1,leafinfo,leaflength,엽장,cm,12
141,1,2025-02-03,4,1,leafinfo,leafwidth,엽폭,cm,9
141,1,2025-02-03,4,1,leafinfo,petiolelength,엽병장,cm,16
141,1,2025-02-03,4,1,leafinfo,leafnumber,엽수,개,7
141,1,2025-02-03,4,1,steminfo,crowndiameter,관부직경,cm,2.6
141,1,2025-02-03,4,1,plantobjectinfo,fruitingnumber,착과수,개,5
142,1,2025-02-03,4,2,steminfo,plantheight,초장,cm,27
142,1,2025-02-03,4,2,leafinfo,leaflength,엽장,cm,12
142,1,2025-02-03,4,2,leafinfo,leafwidth,엽폭,cm,10
142,1,2025-02-03,4,2,leafinfo,petiolelength,엽병장,cm,15
142,1,2025-02-03,4,2,leafinfo,leafnumber,엽수,개,7
142,1,2025-02-03,4,2,steminfo,crowndiameter,관부직경,cm,2.5
142,1,2025-02-03,4,2,plantobjectinfo,fruitingnumber,착과수,개,5
151,1,2025-02-03,5,1,steminfo,plantheight,초장,cm,27
151,1,2025-02-03,5,1,leafinfo,leaflength,엽장,cm,10
151,1,2025-02-03,5,1,leafinfo,leafwidth,엽폭,cm,7
151,1,2025-02-03,5,1,leafinfo,petiolelength,엽병장,cm,17
151,1,2025-02-03,5,1,leafinfo,leafnumber,엽수,개,8
151,1,2025-02-03,5,1,steminfo,crowndiameter,관부직경,cm,2.5
151,1,2025-02-03,5,1,plantobjectinfo,fruitingnumber,착과수,개,5
152,1,2025-02-03,5,2,steminfo,plantheight,초장,cm,27
152,1,2025-02-03,5,2,leafinfo,leaflength,엽장,cm,12
152,1,2025-02-03,5,2,leafinfo,leafwidth,엽폭,cm,10
152,1,2025-02-03,5,2,leafinfo,petiolelength,엽병장,cm,16
152,1,2025-02-03,5,2,leafinfo,leafnumber,엽수,개,7
152,1,2025-02-03,5,2,steminfo,crowndiameter,관부직경,cm,2.5
152,1,2025-02-03,5,2,plantobjectinfo,fruitingnumber,착과수,개,4
211,2,2024-11-01,1,1,steminfo,plantheight,초장,cm,25
211,2,2024-11-01,1,1,leafinfo,leaflength,엽장,cm,10
211,2,2024-11-01,1,1,leafinfo,leafwidth,엽폭,cm,9
211,2,2024-11-01,1,1,leafinfo,petiolelength,엽병장,cm,16
211,2,2024-11-01,1,1,leafinfo,leafnumber,엽수,개,5
211,2,2024-11-01,1,1,steminfo,crowndiameter,관부직경,cm,1.5
211,2,2024-11-01,1,1,plantobjectinfo,fruitingnumber,착과수,개,0
212,2,2024-11-01,1,2,steminfo,plantheight,초장,cm,23
212,2,2024-11-01,1,2,leafinfo,leaflength,엽장,cm,10
212,2,2024-11-01,1,2,leafinfo,leafwidth,엽폭,cm,9
212,2,2024-11-01,1,2,leafinfo,petiolelength,엽병장,cm,13
212,2,2024-11-01,1,2,leafinfo,leafnumber,엽수,개,6
212,2,2024-11-01,1,2,steminfo,crowndiameter,관부직경,cm,2
212,2,2024-11-01,1,2,plantobjectinfo,fruitingnumber,착과수,개,0
221,2,2024-11-01,2,1,steminfo,plantheight,초장,cm,26
221,2,2024-11-01,2,1,leafinfo,leaflength,엽장,cm,9
221,2,2024-11-01,2,1,leafinfo,leafwidth,엽폭,cm,6
221,2,2024-11-01,2,1,leafinfo,petiolelength,엽병장,cm,16
221,2,2024-11-01,2,1,leafinfo,leafnumber,엽수,개,6
221,2,2024-11-01,2,1,steminfo,crowndiameter,관부직경,cm,1.5
221,2,2024-11-01,2,1,plantobjectinfo,fruitingnumber,착과수,개,1
222,2,2024-11-01,2,2,steminfo,plantheight,초장,cm,29
222,2,2024-11-01,2,2,leafinfo,leaflength,엽장,cm,10
222,2,2024-11-01,2,2,leafinfo,leafwidth,엽폭,cm,8
222,2,2024-11-01,2,2,leafinfo,petiolelength,엽병장,cm,18
222,2,2024-11-01,2,2,leafinfo,leafnumber,엽수,개,6
222,2,2024-11-01,2,2,steminfo,crowndiameter,관부직경,cm,2
222,2,2024-11-01,2,2,plantobjectinfo,fruitingnumber,착과수,개,3
231,2,2024-11-01,3,1,steminfo,plantheight,초장,cm,26
231,2,2024-11-01,3,1,leafinfo,leaflength,엽장,cm,10
231,2,2024-11-01,3,1,leafinfo,leafwidth,엽폭,cm,9
231,2,2024-11-01,3,1,leafinfo,petiolelength,엽병장,cm,15
231,2,2024-11-01,3,1,leafinfo,leafnumber,엽수,개,6
231,2,2024-11-01,3,1,steminfo,crowndiameter,관부직경,cm,2.3
231,2,2024-11-01,3,1,plantobjectinfo,fruitingnumber,착과수,개,0
232,2,2024-11-01,3,2,steminfo,plantheight,초장,cm,25
232,2,2024-11-01,3,2,leafinfo,leaflength,엽장,cm,9
232,2,2024-11-01,3,2,leafinfo,leafwidth,엽폭,cm,8
232,2,2024-11-01,3,2,leafinfo,petiolelength,엽병장,cm,15
232,2,2024-11-01,3,2,leafinfo,leafnumber,엽수,개,5
232,2,2024-11-01,3,2,steminfo,crowndiameter,관부직경,cm,2
232,2,2024-11-01,3,2,plantobjectinfo,fruitingnumber,착과수,개,1
241,2,2024-11-01,4,1,steminfo,plantheight,초장,cm,27
241,2,2024-11-01,4,1,leafinfo,leaflength,엽장,cm,10
241,2,2024-11-01,4,1,leafinfo,leafwidth,엽폭,cm,9
241,2,2024-11-01,4,1,leafinfo,petiolelength,엽병장,cm,17
241,2,2024-11-01,4,1,leafinfo,leafnumber,엽수,개,5
241,2,2024-11-01,4,1,steminfo,crowndiameter,관부직경,cm,2
241,2,2024-11-01,4,1,plantobjectinfo,fruitingnumber,착과수,개,1
242,2,2024-11-01,4,2,steminfo,plantheight,초장,cm,23
242,2,2024-11-01,4,2,leafinfo,leaflength,엽장,cm,9
242,2,2024-11-01,4,2,leafinfo,leafwidth,엽폭,cm,8
242,2,2024-11-01,4,2,leafinfo,petiolelength,엽병장,cm,14
242,2,2024-11-01,4,2,leafinfo,leafnumber,엽수,개,6
242,2,2024-11-01,4,2,steminfo,crowndiameter,관부직경,cm,2
242,2,2024-11-01,4,2,plantobjectinfo,fruitingnumber,착과수,개,1
251,2,2024-11-01,5,1,steminfo,plantheight,초장,cm,24
251,2,2024-11-01,5,1,leafinfo,leaflength,엽장,cm,9
251,2,2024-11-01,5,1,leafinfo,leafwidth,엽폭,cm,8
251,2,2024-11-01,5,1,leafinfo,petiolelength,엽병장,cm,14
251,2,2024-11-01,5,1,leafinfo,leafnumber,엽수,개,5
251,2,2024-11-01,5,1,steminfo,crowndiameter,관부직경,cm,2
251,2,2024-11-01,5,1,plantobjectinfo,fruitingnumber,착과수,개,0
252,2,2024-11-01,5,2,steminfo,plantheight,초장,cm,27
252,2,2024-11-01,5,2,leafinfo,leaflength,엽장,cm,10
252,2,2024-11-01,5,2,leafinfo,leafwidth,엽폭,cm,8
252,2,2024-11-01,5,2,leafinfo,petiolelength,엽병장,cm,18
252,2,2024-11-01,5,2,leafinfo,leafnumber,엽수,개,6
252,2,2024-11-01,5,2,steminfo,crowndiameter,관부직경,cm,2
252,2,2024-11-01,5,2,plantobjectinfo,fruitingnumber,착과수,개,2
211,2,2024-11-04,1,1,steminfo,plantheight,초장,cm,26
211,2,2024-11-04,1,1,leafinfo,leaflength,엽장,cm,10
211,2,2024-11-04,1,1,leafinfo,leafwidth,엽폭,cm,9
211,2,2024-11-04,1,1,leafinfo,petiolelength,엽병장,cm,16
211,2,2024-11-04,1,1,leafinfo,leafnumber,엽수,개,5
211,2,2024-11-04,1,1,steminfo,crowndiameter,관부직경,cm,1.5
211,2,2024-11-04,1,1,plantobjectinfo,fruitingnumber,착과수,개,0
212,2,2024-11-04,1,2,steminfo,plantheight,초장,cm,24
212,2,2024-11-04,1,2,leafinfo,leaflength,엽장,cm,11
212,2,2024-11-04,1,2,leafinfo,leafwidth,엽폭,cm,9
212,2,2024-11-04,1,2,leafinfo,petiolelength,엽병장,cm,13
212,2,2024-11-04,1,2,leafinfo,leafnumber,엽수,개,6
212,2,2024-11-04,1,2,steminfo,crowndiameter,관부직경,cm,2
212,2,2024-11-04,1,2,plantobjectinfo,fruitingnumber,착과수,개,0
221,2,2024-11-04,2,1,steminfo,plantheight,초장,cm,27
221,2,2024-11-04,2,1,leafinfo,leaflength,엽장,cm,10
221,2,2024-11-04,2,1,leafinfo,leafwidth,엽폭,cm,7
221,2,2024-11-04,2,1,leafinfo,petiolelength,엽병장,cm,17
221,2,2024-11-04,2,1,leafinfo,leafnumber,엽수,개,6
221,2,2024-11-04,2,1,steminfo,crowndiameter,관부직경,cm,1.5
221,2,2024-11-04,2,1,plantobjectinfo,fruitingnumber,착과수,개,1
222,2,2024-11-04,2,2,steminfo,plantheight,초장,cm,30
222,2,2024-11-04,2,2,leafinfo,leaflength,엽장,cm,11
222,2,2024-11-04,2,2,leafinfo,leafwidth,엽폭,cm,9
222,2,2024-11-04,2,2,leafinfo,petiolelength,엽병장,cm,19
222,2,2024-11-04,2,2,leafinfo,leafnumber,엽수,개,6
222,2,2024-11-04,2,2,steminfo,crowndiameter,관부직경,cm,2
222,2,2024-11-04,2,2,plantobjectinfo,fruitingnumber,착과수,개,3
231,2,2024-11-04,3,1,steminfo,plantheight,초장,cm,27
231,2,2024-11-04,3,1,leafinfo,leaflength,엽장,cm,11
231,2,2024-11-04,3,1,leafinfo,leafwidth,엽폭,cm,10
231,2,2024-11-04,3,1,leafinfo,petiolelength,엽병장,cm,16
231,2,2024-11-04,3,1,leafinfo,leafnumber,엽수,개,7
231,2,2024-11-04,3,1,steminfo,crowndiameter,관부직경,cm,2.3
231,2,2024-11-04,3,1,plantobjectinfo,fruitingnumber,착과수,개,0
232,2,2024-11-04,3,2,steminfo,plantheight,초장,cm,26
232,2,2024-11-04,3,2,leafinfo,leaflength,엽장,cm,10
232,2,2024-11-04,3,2,leafinfo,leafwidth,엽폭,cm,9
232,2,2024-11-04,3,2,leafinfo,petiolelength,엽병장,cm,16
232,2,2024-11-04,3,2,leafinfo,leafnumber,엽수,개,6
232,2,2024-11-04,3,2,steminfo,crowndiameter,관부직경,cm,2
232,2,2024-11-04,3,2,plantobjectinfo,fruitingnumber,착과수,개,1
241,2,2024-11-04,4,1,steminfo,plantheight,초장,cm,28
241,2,2024-11-04,4,1,leafinfo,leaflength,엽장,cm,11
241,2,2024-11-04,4,1,leafinfo,leafwidth,엽폭,cm,10
241,2,2024-11-04,4,1,leafinfo,petiolelength,엽병장,cm,17
241,2,2024-11-04,4,1,leafinfo,leafnumber,엽수,개,6
241,2,2024-11-04,4,1,steminfo,crowndiameter,관부직경,cm,2
241,2,2024-11-04,4,1,plantobjectinfo,fruitingnumber,착과수,개,1
242,2,2024-11-04,4,2,steminfo,plantheight,초장,cm,24
242,2,2024-11-04,4,2,leafinfo,leaflength,엽장,cm,10
242,2,2024-11-04,4,2,leafinfo,leafwidth,엽폭,cm,9
242,2,2024-11-04,4,2,leafinfo,petiolelength,엽병장,cm,14
242,2,2024-11-04,4,2,leafinfo,leafnumber,엽수,개,7
242,2,2024-11-04,4,2,steminfo,crowndiameter,관부직경,cm,2
242,2,2024-11-04,4,2,plantobjectinfo,fruitingnumber,착과수,개,1
251,2,2024-11-04,5,1,steminfo,plantheight,초장,cm,25
251,2,2024-11-04,5,1,leafinfo,leaflength,엽장,cm,10
251,2,2024-11-04,5,1,leafinfo,leafwidth,엽폭,cm,9
251,2,2024-11-04,5,1,leafinfo,petiolelength,엽병장,cm,15
251,2,2024-11-04,5,1,leafinfo,leafnumber,엽수,개,6
251,2,2024-11-04,5,1,steminfo,crowndiameter,관부직경,cm,2
251,2,2024-11-04,5,1,plantobjectinfo,fruitingnumber,착과수,개,0
252,2,2024-11-04,5,2,steminfo,plantheight,초장,cm,28
252,2,2024-11-04,5,2,leafinfo,leaflength,엽장,cm,11
252,2,2024-11-04,5,2,leafinfo,leafwidth,엽폭,cm,9
252,2,2024-11-04,5,2,leafinfo,petiolelength,엽병장,cm,19
252,2,2024-11-04,5,2,leafinfo,leafnumber,엽수,개,7
252,2,2024-11-04,5,2,steminfo,crowndiameter,관부직경,cm,2
252,2,2024-11-04,5,2,plantobjectinfo,fruitingnumber,착과수,개,2
211,2,2024-11-11,1,1,steminfo,plantheight,초장,cm,26
211,2,2024-11-11,1,1,leafinfo,leaflength,엽장,cm,10
211,2,2024-11-11,1,1,leafinfo,leafwidth,엽폭,cm,9
211,2,2024-11-11,1,1,leafinfo,petiolelength,엽병장,cm,16
211,2,2024-11-11,1,1,leafinfo,leafnumber,엽수,개,6
211,2,2024-11-11,1,1,steminfo,crowndiameter,관부직경,cm,1.5
211,2,2024-11-11,1,1,plantobjectinfo,fruitingnumber,착과수,개,0
212,2,2024-11-11,1,2,steminfo,plantheight,초장,cm,25
212,2,2024-11-11,1,2,leafinfo,leaflength,엽장,cm,11
212,2,2024-11-11,1,2,leafinfo,leafwidth,엽폭,cm,9
212,2,2024-11-11,1,2,leafinfo,petiolelength,엽병장,cm,14
212,2,2024-11-11,1,2,leafinfo,leafnumber,엽수,개,6
212,2,2024-11-11,1,2,steminfo,crowndiameter,관부직경,cm,2
212,2,2024-11-11,1,2,plantobjectinfo,fruitingnumber,착과수,개,0
221,2,2024-11-11,2,1,steminfo,plantheight,초장,cm,28
221,2,2024-11-11,2,1,leafinfo,leaflength,엽장,cm,10
221,2,2024-11-11,2,1,leafinfo,leafwidth,엽폭,cm,8
221,2,2024-11-11,2,1,leafinfo,petiolelength,엽병장,cm,18
221,2,2024-11-11,2,1,leafinfo,leafnumber,엽수,개,6
221,2,2024-11-11,2,1,steminfo,crowndiameter,관부직경,cm,1.5
221,2,2024-11-11,2,1,plantobjectinfo,fruitingnumber,착과수,개,4
222,2,2024-11-11,2,2,steminfo,plantheight,초장,cm,30
222,2,2024-11-11,2,2,leafinfo,leaflength,엽장,cm,11
222,2,2024-11-11,2,2,leafinfo,leafwidth,엽폭,cm,9
222,2,2024-11-11,2,2,leafinfo,petiolelength,엽병장,cm,19
222,2,2024-11-11,2,2,leafinfo,leafnumber,엽수,개,6
222,2,2024-11-11,2,2,steminfo,crowndiameter,관부직경,cm,2
222,2,2024-11-11,2,2,plantobjectinfo,fruitingnumber,착과수,개,6
231,2,2024-11-11,3,1,steminfo,plantheight,초장,cm,27
231,2,2024-11-11,3,1,leafinfo,leaflength,엽장,cm,11
231,2,2024-11-11,3,1,leafinfo,leafwidth,엽폭,cm,10
231,2,2024-11-11,3,1,leafinfo,petiolelength,엽병장,cm,16
231,2,2024-11-11,3,1,leafinfo,leafnumber,엽수,개,7
231,2,2024-11-11,3,1,steminfo,crowndiameter,관부직경,cm,2.3
231,2,2024-11-11,3,1,plantobjectinfo,fruitingnumber,착과수,개,0
232,2,2024-11-11,3,2,steminfo,plantheight,초장,cm,26
232,2,2024-11-11,3,2,leafinfo,leaflength,엽장,cm,10
232,2,2024-11-11,3,2,leafinfo,leafwidth,엽폭,cm,9
232,2,2024-11-11,3,2,leafinfo,petiolelength,엽병장,cm,16
232,2,2024-11-11,3,2,leafinfo,leafnumber,엽수,개,7
232,2,2024-11-11,3,2,steminfo,crowndiameter,관부직경,cm,2
232,2,2024-11-11,3,2,plantobjectinfo,fruitingnumber,착과수,개,4
241,2,2024-11-11,4,1,steminfo,plantheight,초장,cm,29
241,2,2024-11-11,4,1,leafinfo,leaflength,엽장,cm,11
241,2,2024-11-11,4,1,leafinfo,leafwidth,엽폭,cm,10
241,2,2024-11-11,4,1,leafinfo,petiolelength,엽병장,cm,18
241,2,2024-11-11,4,1,leafinfo,leafnumber,엽수,개,6
241,2,2024-11-11,4,1,steminfo,crowndiameter,관부직경,cm,2
241,2,2024-11-11,4,1,plantobjectinfo,fruitingnumber,착과수,개,4
242,2,2024-11-11,4,2,steminfo,plantheight,초장,cm,25
242,2,2024-11-11,4,2,leafinfo,leaflength,엽장,cm,10
242,2,2024-11-11,4,2,leafinfo,leafwidth,엽폭,cm,9
242,2,2024-11-11,4,2,leafinfo,petiolelength,엽병장,cm,15
242,2,2024-11-11,4,2,leafinfo,leafnumber,엽수,개,7
242,2,2024-11-11,4,2,steminfo,crowndiameter,관부직경,cm,2
242,2,2024-11-11,4,2,plantobjectinfo,fruitingnumber,착과수,개,3
251,2,2024-11-11,5,1,steminfo,plantheight,초장,cm,25
251,2,2024-11-11,5,1,leafinfo,leaflength,엽장,cm,10
251,2,2024-11-11,5,1,leafinfo,leafwidth,엽폭,cm,9
251,2,2024-11-11,5,1,leafinfo,petiolelength,엽병장,cm,15
251,2,2024-11-11,5,1,leafinfo,leafnumber,엽수,개,6
251,2,2024-11-11,5,1,steminfo,crowndiameter,관부직경,cm,2
251,2,2024-11-11,5,1,plantobjectinfo,fruitingnumber,착과수,개,0
252,2,2024-11-11,5,2,steminfo,plantheight,초장,cm,28
252,2,2024-11-11,5,2,leafinfo,leaflength,엽장,cm,11
252,2,2024-11-11,5,2,leafinfo,leafwidth,엽폭,cm,9
252,2,2024-11-11,5,2,leafinfo,petiolelength,엽병장,cm,17
252,2,2024-11-11,5,2,leafinfo,leafnumber,엽수,개,7
252,2,2024-11-11,5,2,steminfo,crowndiameter,관부직경,cm,2
252,2,2024-11-11,5,2,plantobjectinfo,fruitingnumber,착과수,개,2
211,2,2024-11-18,1,1,steminfo,plantheight,초장,cm,27
211,2,2024-11-18,1,1,leafinfo,leaflength,엽장,cm,10
211,2,2024-11-18,1,1,leafinfo,leafwidth,엽폭,cm,9
211,2,2024-11-18,1,1,leafinfo,petiolelength,엽병장,cm,17
211,2,2024-11-18,1,1,leafinfo,leafnumber,엽수,개,7
211,2,2024-11-18,1,1,steminfo,crowndiameter,관부직경,cm,1.5
211,2,2024-11-18,1,1,plantobjectinfo,fruitingnumber,착과수,개,1
212,2,2024-11-18,1,2,steminfo,plantheight,초장,cm,25
212,2,2024-11-18,1,2,leafinfo,leaflength,엽장,cm,11
212,2,2024-11-18,1,2,leafinfo,leafwidth,엽폭,cm,9
212,2,2024-11-18,1,2,leafinfo,petiolelength,엽병장,cm,14
212,2,2024-11-18,1,2,leafinfo,leafnumber,엽수,개,6
212,2,2024-11-18,1,2,steminfo,crowndiameter,관부직경,cm,2
212,2,2024-11-18,1,2,plantobjectinfo,fruitingnumber,착과수,개,0
221,2,2024-11-18,2,1,steminfo,plantheight,초장,cm,29
221,2,2024-11-18,2,1,leafinfo,leaflength,엽장,cm,10
221,2,2024-11-18,2,1,leafinfo,leafwidth,엽폭,cm,8
221,2,2024-11-18,2,1,leafinfo,petiolelength,엽병장,cm,19
221,2,2024-11-18,2,1,leafinfo,leafnumber,엽수,개,6
221,2,2024-11-18,2,1,steminfo,crowndiameter,관부직경,cm,1.5
221,2,2024-11-18,2,1,plantobjectinfo,fruitingnumber,착과수,개,5
222,2,2024-11-18,2,2,steminfo,plantheight,초장,cm,30
222,2,2024-11-18,2,2,leafinfo,leaflength,엽장,cm,11
222,2,2024-11-18,2,2,leafinfo,leafwidth,엽폭,cm,9
222,2,2024-11-18,2,2,leafinfo,petiolelength,엽병장,cm,19
222,2,2024-11-18,2,2,leafinfo,leafnumber,엽수,개,6
222,2,2024-11-18,2,2,steminfo,crowndiameter,관부직경,cm,2
222,2,2024-11-18,2,2,plantobjectinfo,fruitingnumber,착과수,개,7
231,2,2024-11-18,3,1,steminfo,plantheight,초장,cm,27
231,2,2024-11-18,3,1,leafinfo,leaflength,엽장,cm,11
231,2,2024-11-18,3,1,leafinfo,leafwidth,엽폭,cm,10
231,2,2024-11-18,3,1,leafinfo,petiolelength,엽병장,cm,16
231,2,2024-11-18,3,1,leafinfo,leafnumber,엽수,개,6
231,2,2024-11-18,3,1,steminfo,crowndiameter,관부직경,cm,2.3
231,2,2024-11-18,3,1,plantobjectinfo,fruitingnumber,착과수,개,1
232,2,2024-11-18,3,2,steminfo,plantheight,초장,cm,27
232,2,2024-11-18,3,2,leafinfo,leaflength,엽장,cm,10
232,2,2024-11-18,3,2,leafinfo,leafwidth,엽폭,cm,9
232,2,2024-11-18,3,2,leafinfo,petiolelength,엽병장,cm,17
232,2,2024-11-18,3,2,leafinfo,leafnumber,엽수,개,6
232,2,2024-11-18,3,2,steminfo,crowndiameter,관부직경,cm,2
232,2,2024-11-18,3,2,plantobjectinfo,fruitingnumber,착과수,개,5
241,2,2024-11-18,4,1,steminfo,plantheight,초장,cm,30
241,2,2024-11-18,4,1,leafinfo,leaflength,엽장,cm,11
241,2,2024-11-18,4,1,leafinfo,leafwidth,엽폭,cm,10
241,2,2024-11-18,4,1,leafinfo,petiolelength,엽병장,cm,18
241,2,2024-11-18,4,1,leafinfo,leafnumber,엽수,개,7
241,2,2024-11-18,4,1,steminfo,crowndiameter,관부직경,cm,2
241,2,2024-11-18,4,1,plantobjectinfo,fruitingnumber,착과수,개,5
242,2,2024-11-18,4,2,steminfo,plantheight,초장,cm,25
242,2,2024-11-18,4,2,leafinfo,leaflength,엽장,cm,10
242,2,2024-11-18,4,2,leafinfo,leafwidth,엽폭,cm,9
242,2,2024-11-18,4,2,leafinfo,petiolelength,엽병장,cm,15
242,2,2024-11-18,4,2,leafinfo,leafnumber,엽수,개,7
242,2,2024-11-18,4,2,steminfo,crowndiameter,관부직경,cm,2
242,2,2024-11-18,4,2,plantobjectinfo,fruitingnumber,착과수,개,4
251,2,2024-11-18,5,1,steminfo,plantheight,초장,cm,26
251,2,2024-11-18,5,1,leafinfo,leaflength,엽장,cm,10
251,2,2024-11-18,5,1,leafinfo,leafwidth,엽폭,cm,9
251,2,2024-11-18,5,1,leafinfo,petiolelength,엽병장,cm,16
251,2,2024-11-18,5,1,leafinfo,leafnumber,엽수,개,7
251,2,2024-11-18,5,1,steminfo,crowndiameter,관부직경,cm,2
251,2,2024-11-18,5,1,plantobjectinfo,fruitingnumber,착과수,개,1
252,2,2024-11-18,5,2,steminfo,plantheight,초장,cm,28
252,2,2024-11-18,5,2,leafinfo,leaflength,엽장,cm,11
252,2,2024-11-18,5,2,leafinfo,leafwidth,엽폭,cm,9
252,2,2024-11-18,5,2,leafinfo,petiolelength,엽병장,cm,17
252,2,2024-11-18,5,2,leafinfo,leafnumber,엽수,개,7
252,2,2024-11-18,5,2,steminfo,crowndiameter,관부직경,cm,2
252,2,2024-11-18,5,2,plantobjectinfo,fruitingnumber,착과수,개,4
211,2,2024-11-25,1,1,steminfo,plantheight,초장,cm,28
211,2,2024-11-25,1,1,leafinfo,leaflength,엽장,cm,10
211,2,2024-11-25,1,1,leafinfo,leafwidth,엽폭,cm,9
211,2,2024-11-25,1,1,leafinfo,petiolelength,엽병장,cm,18
211,2,2024-11-25,1,1,leafinfo,leafnumber,엽수,개,7
211,2,2024-11-25,1,1,steminfo,crowndiameter,관부직경,cm,1.5
211,2,2024-11-25,1,1,plantobjectinfo,fruitingnumber,착과수,개,5
212,2,2024-11-25,1,2,steminfo,plantheight,초장,cm,25
212,2,2024-11-25,1,2,leafinfo,leaflength,엽장,cm,11
212,2,2024-11-25,1,2,leafinfo,leafwidth,엽폭,cm,9
212,2,2024-11-25,1,2,leafinfo,petiolelength,엽병장,cm,14
212,2,2024-11-25,1,2,leafinfo,leafnumber,엽수,개,6
212,2,2024-11-25,1,2,steminfo,crowndiameter,관부직경,cm,2
212,2,2024-11-25,1,2,plantobjectinfo,fruitingnumber,착과수,개,4
221,2,2024-11-25,2,1,steminfo,plantheight,초장,cm,29
221,2,2024-11-25,2,1,leafinfo,leaflength,엽장,cm,10
221,2,2024-11-25,2,1,leafinfo,leafwidth,엽폭,cm,8
221,2,2024-11-25,2,1,leafinfo,petiolelength,엽병장,cm,19
221,2,2024-11-25,2,1,leafinfo,leafnumber,엽수,개,6
221,2,2024-11-25,2,1,steminfo,crowndiameter,관부직경,cm,1.5
221,2,2024-11-25,2,1,plantobjectinfo,fruitingnumber,착과수,개,9
222,2,2024-11-25,2,2,steminfo,plantheight,초장,cm,31
222,2,2024-11-25,2,2,leafinfo,leaflength,엽장,cm,11
222,2,2024-11-25,2,2,leafinfo,leafwidth,엽폭,cm,9
222,2,2024-11-25,2,2,leafinfo,petiolelength,엽병장,cm,20
222,2,2024-11-25,2,2,leafinfo,leafnumber,엽수,개,6
222,2,2024-11-25,2,2,steminfo,crowndiameter,관부직경,cm,2
222,2,2024-11-25,2,2,plantobjectinfo,fruitingnumber,착과수,개,9
231,2,2024-11-25,3,1,steminfo,plantheight,초장,cm,28
231,2,2024-11-25,3,1,leafinfo,leaflength,엽장,cm,11
231,2,2024-11-25,3,1,leafinfo,leafwidth,엽폭,cm,10
231,2,2024-11-25,3,1,leafinfo,petiolelength,엽병장,cm,16
231,2,2024-11-25,3,1,leafinfo,leafnumber,엽수,개,6
231,2,2024-11-25,3,1,steminfo,crowndiameter,관부직경,cm,2.3
231,2,2024-11-25,3,1,plantobjectinfo,fruitingnumber,착과수,개,5
232,2,2024-11-25,3,2,steminfo,plantheight,초장,cm,27
232,2,2024-11-25,3,2,leafinfo,leaflength,엽장,cm,10
232,2,2024-11-25,3,2,leafinfo,leafwidth,엽폭,cm,9
232,2,2024-11-25,3,2,leafinfo,petiolelength,엽병장,cm,17
232,2,2024-11-25,3,2,leafinfo,leafnumber,엽수,개,6
232,2,2024-11-25,3,2,steminfo,crowndiameter,관부직경,cm,2
232,2,2024-11-25,3,2,plantobjectinfo,fruitingnumber,착과수,개,8
241,2,2024-11-25,4,1,steminfo,plantheight,초장,cm,30
241,2,2024-11-25,4,1,leafinfo,leaflength,엽장,cm,11
241,2,2024-11-25,4,1,leafinfo,leafwidth,엽폭,cm,10
241,2,2024-11-25,4,1,leafinfo,petiolelength,엽병장,cm,18
241,2,2024-11-25,4,1,leafinfo,leafnumber,엽수,개,7
241,2,2024-11-25,4,1,steminfo,crowndiameter,관부직경,cm,2
241,2,2024-11-25,4,1,plantobjectinfo,fruitingnumber,착과수,개,7
242,2,2024-11-25,4,2,steminfo,plantheight,초장,cm,26
242,2,2024-11-25,4,2,leafinfo,leaflength,엽장,cm,10
242,2,2024-11-25,4,2,leafinfo,leafwidth,엽폭,cm,9
242,2,2024-11-25,4,2,leafinfo,petiolelength,엽병장,cm,16
242,2,2024-11-25,4,2,leafinfo,leafnumber,엽수,개,7
242,2,2024-11-25,4,2,steminfo,crowndiameter,관부직경,cm,2
242,2,2024-11-25,4,2,plantobjectinfo,fruitingnumber,착과수,개,7
251,2,2024-11-25,5,1,steminfo,plantheight,초장,cm,27
251,2,2024-11-25,5,1,leafinfo,leaflength,엽장,cm,10
251,2,2024-11-25,5,1,leafinfo,leafwidth,엽폭,cm,9
251,2,2024-11-25,5,1,leafinfo,petiolelength,엽병장,cm,17
251,2,2024-11-25,5,1,leafinfo,leafnumber,엽수,개,7
251,2,2024-11-25,5,1,steminfo,crowndiameter,관부직경,cm,2
251,2,2024-11-25,5,1,plantobjectinfo,fruitingnumber,착과수,개,7
252,2,2024-11-25,5,2,steminfo,plantheight,초장,cm,29
252,2,2024-11-25,5,2,leafinfo,leaflength,엽장,cm,11
252,2,2024-11-25,5,2,leafinfo,leafwidth,엽폭,cm,9
252,2,2024-11-25,5,2,leafinfo,petiolelength,엽병장,cm,18
252,2,2024-11-25,5,2,leafinfo,leafnumber,엽수,개,7
252,2,2024-11-25,5,2,steminfo,crowndiameter,관부직경,cm,2
252,2,2024-11-25,5,2,plantobjectinfo,fruitingnumber,착과수,개,6
211,2,2024-12-02,1,1,steminfo,plantheight,초장,cm,28
211,2,2024-12-02,1,1,leafinfo,leaflength,엽장,cm,10
211,2,2024-12-02,1,1,leafinfo,leafwidth,엽폭,cm,9
211,2,2024-12-02,1,1,leafinfo,petiolelength,엽병장,cm,18
211,2,2024-12-02,1,1,leafinfo,leafnumber,엽수,개,7
211,2,2024-12-02,1,1,steminfo,crowndiameter,관부직경,cm,1.5
211,2,2024-12-02,1,1,plantobjectinfo,fruitingnumber,착과수,개,8
212,2,2024-12-02,1,2,steminfo,plantheight,초장,cm,26
212,2,2024-12-02,1,2,leafinfo,leaflength,엽장,cm,12
212,2,2024-12-02,1,2,leafinfo,leafwidth,엽폭,cm,9
212,2,2024-12-02,1,2,leafinfo,petiolelength,엽병장,cm,14
212,2,2024-12-02,1,2,leafinfo,leafnumber,엽수,개,7
212,2,2024-12-02,1,2,steminfo,crowndiameter,관부직경,cm,2
212,2,2024-12-02,1,2,plantobjectinfo,fruitingnumber,착과수,개,7
221,2,2024-12-02,2,1,steminfo,plantheight,초장,cm,29
221,2,2024-12-02,2,1,leafinfo,leaflength,엽장,cm,10
221,2,2024-12-02,2,1,leafinfo,leafwidth,엽폭,cm,8
221,2,2024-12-02,2,1,leafinfo,petiolelength,엽병장,cm,19
221,2,2024-12-02,2,1,leafinfo,leafnumber,엽수,개,6
221,2,2024-12-02,2,1,steminfo,crowndiameter,관부직경,cm,2
221,2,2024-12-02,2,1,plantobjectinfo,fruitingnumber,착과수,개,10
222,2,2024-12-02,2,2,steminfo,plantheight,초장,cm,31
222,2,2024-12-02,2,2,leafinfo,leaflength,엽장,cm,11
222,2,2024-12-02,2,2,leafinfo,leafwidth,엽폭,cm,9
222,2,2024-12-02,2,2,leafinfo,petiolelength,엽병장,cm,20
222,2,2024-12-02,2,2,leafinfo,leafnumber,엽수,개,7
222,2,2024-12-02,2,2,steminfo,crowndiameter,관부직경,cm,2
222,2,2024-12-02,2,2,plantobjectinfo,fruitingnumber,착과수,개,8
231,2,2024-12-02,3,1,steminfo,plantheight,초장,cm,28
231,2,2024-12-02,3,1,leafinfo,leaflength,엽장,cm,11
231,2,2024-12-02,3,1,leafinfo,leafwidth,엽폭,cm,10
231,2,2024-12-02,3,1,leafinfo,petiolelength,엽병장,cm,16
231,2,2024-12-02,3,1,leafinfo,leafnumber,엽수,개,7
231,2,2024-12-02,3,1,steminfo,crowndiameter,관부직경,cm,2.3
231,2,2024-12-02,3,1,plantobjectinfo,fruitingnumber,착과수,개,9
232,2,2024-12-02,3,2,steminfo,plantheight,초장,cm,27
232,2,2024-12-02,3,2,leafinfo,leaflength,엽장,cm,10
232,2,2024-12-02,3,2,leafinfo,leafwidth,엽폭,cm,9
232,2,2024-12-02,3,2,leafinfo,petiolelength,엽병장,cm,17
232,2,2024-12-02,3,2,leafinfo,leafnumber,엽수,개,7
232,2,2024-12-02,3,2,steminfo,crowndiameter,관부직경,cm,2
232,2,2024-12-02,3,2,plantobjectinfo,fruitingnumber,착과수,개,7
241,2,2024-12-02,4,1,steminfo,plantheight,초장,cm,30
241,2,2024-12-02,4,1,leafinfo,leaflength,엽장,cm,11
241,2,2024-12-02,4,1,leafinfo,leafwidth,엽폭,cm,10
241,2,2024-12-02,4,1,leafinfo,petiolelength,엽병장,cm,18
241,2,2024-12-02,4,1,leafinfo,leafnumber,엽수,개,7
241,2,2024-12-02,4,1,steminfo,crowndiameter,관부직경,cm,2
241,2,2024-12-02,4,1,plantobjectinfo,fruitingnumber,착과수,개,8
242,2,2024-12-02,4,2,steminfo,plantheight,초장,cm,26
242,2,2024-12-02,4,2,leafinfo,leaflength,엽장,cm,10
242,2,2024-12-02,4,2,leafinfo,leafwidth,엽폭,cm,9
242,2,2024-12-02,4,2,leafinfo,petiolelength,엽병장,cm,16
242,2,2024-12-02,4,2,leafinfo,leafnumber,엽수,개,6
242,2,2024-12-02,4,2,steminfo,crowndiameter,관부직경,cm,2
242,2,2024-12-02,4,2,plantobjectinfo,fruitingnumber,착과수,개,7
251,2,2024-12-02,5,1,steminfo,plantheight,초장,cm,27
251,2,2024-12-02,5,1,leafinfo,leaflength,엽장,cm,10
251,2,2024-12-02,5,1,leafinfo,leafwidth,엽폭,cm,9
251,2,2024-12-02,5,1,leafinfo,petiolelength,엽병장,cm,17
251,2,2024-12-02,5,1,leafinfo,leafnumber,엽수,개,6
251,2,2024-12-02,5,1,steminfo,crowndiameter,관부직경,cm,2
251,2,2024-12-02,5,1,plantobjectinfo,fruitingnumber,착과수,개,7
252,2,2024-12-02,5,2,steminfo,plantheight,초장,cm,29
252,2,2024-12-02,5,2,leafinfo,leaflength,엽장,cm,11
252,2,2024-12-02,5,2,leafinfo,leafwidth,엽폭,cm,9
252,2,2024-12-02,5,2,leafinfo,petiolelength,엽병장,cm,18
252,2,2024-12-02,5,2,leafinfo,leafnumber,엽수,개,7
252,2,2024-12-02,5,2,steminfo,crowndiameter,관부직경,cm,2
252,2,2024-12-02,5,2,plantobjectinfo,fruitingnumber,착과수,개,7
211,2,2024-12-09,1,1,steminfo,plantheight,초장,cm,28
211,2,2024-12-09,1,1,leafinfo,leaflength,엽장,cm,10
211,2,2024-12-09,1,1,leafinfo,leafwidth,엽폭,cm,9
211,2,2024-12-09,1,1,leafinfo,petiolelength,엽병장,cm,18
211,2,2024-12-09,1,1,leafinfo,leafnumber,엽수,개,7
211,2,2024-12-09,1,1,steminfo,crowndiameter,관부직경,cm,1.5
211,2,2024-12-09,1,1,plantobjectinfo,fruitingnumber,착과수,개,8
212,2,2024-12-09,1,2,steminfo,plantheight,초장,cm,26
212,2,2024-12-09,1,2,leafinfo,leaflength,엽장,cm,12
212,2,2024-12-09,1,2,leafinfo,leafwidth,엽폭,cm,9
212,2,2024-12-09,1,2,leafinfo,petiolelength,엽병장,cm,14
212,2,2024-12-09,1,2,leafinfo,leafnumber,엽수,개,7
212,2,2024-12-09,1,2,steminfo,crowndiameter,관부직경,cm,2
212,2,2024-12-09,1,2,plantobjectinfo,fruitingnumber,착과수,개,7
221,2,2024-12-09,2,1,steminfo,plantheight,초장,cm,29
221,2,2024-12-09,2,1,leafinfo,leaflength,엽장,cm,10
221,2,2024-12-09,2,1,leafinfo,leafwidth,엽폭,cm,8
221,2,2024-12-09,2,1,leafinfo,petiolelength,엽병장,cm,19
221,2,2024-12-09,2,1,leafinfo,leafnumber,엽수,개,6
221,2,2024-12-09,2,1,steminfo,crowndiameter,관부직경,cm,2
221,2,2024-12-09,2,1,plantobjectinfo,fruitingnumber,착과수,개,10
222,2,2024-12-09,2,2,steminfo,plantheight,초장,cm,31
222,2,2024-12-09,2,2,leafinfo,leaflength,엽장,cm,11
222,2,2024-12-09,2,2,leafinfo,leafwidth,엽폭,cm,9
222,2,2024-12-09,2,2,leafinfo,petiolelength,엽병장,cm,20
222,2,2024-12-09,2,2,leafinfo,leafnumber,엽수,개,7
222,2,2024-12-09,2,2,steminfo,crowndiameter,관부직경,cm,2
222,2,2024-12-09,2,2,plantobjectinfo,fruitingnumber,착과수,개,8
231,2,2024-12-09,3,1,steminfo,plantheight,초장,cm,28
231,2,2024-12-09,3,1,leafinfo,leaflength,엽장,cm,11
231,2,2024-12-09,3,1,leafinfo,leafwidth,엽폭,cm,10
231,2,2024-12-09,3,1,leafinfo,petiolelength,엽병장,cm,16
231,2,2024-12-09,3,1,leafinfo,leafnumber,엽수,개,7
231,2,2024-12-09,3,1,steminfo,crowndiameter,관부직경,cm,2.3
231,2,2024-12-09,3,1,plantobjectinfo,fruitingnumber,착과수,개,9
232,2,2024-12-09,3,2,steminfo,plantheight,초장,cm,27
232,2,2024-12-09,3,2,leafinfo,leaflength,엽장,cm,10
232,2,2024-12-09,3,2,leafinfo,leafwidth,엽폭,cm,9
232,2,2024-12-09,3,2,leafinfo,petiolelength,엽병장,cm,17
232,2,2024-12-09,3,2,leafinfo,leafnumber,엽수,개,7
232,2,2024-12-09,3,2,steminfo,crowndiameter,관부직경,cm,2
232,2,2024-12-09,3,2,plantobjectinfo,fruitingnumber,착과수,개,7
241,2,2024-12-09,4,1,steminfo,plantheight,초장,cm,30
241,2,2024-12-09,4,1,leafinfo,leaflength,엽장,cm,11
241,2,2024-12-09,4,1,leafinfo,leafwidth,엽폭,cm,10
241,2,2024-12-09,4,1,leafinfo,petiolelength,엽병장,cm,18
241,2,2024-12-09,4,1,leafinfo,leafnumber,엽수,개,7
241,2,2024-12-09,4,1,steminfo,crowndiameter,관부직경,cm,2
241,2,2024-12-09,4,1,plantobjectinfo,fruitingnumber,착과수,개,8
242,2,2024-12-09,4,2,steminfo,plantheight,초장,cm,26
242,2,2024-12-09,4,2,leafinfo,leaflength,엽장,cm,10
242,2,2024-12-09,4,2,leafinfo,leafwidth,엽폭,cm,9
242,2,2024-12-09,4,2,leafinfo,petiolelength,엽병장,cm,16
242,2,2024-12-09,4,2,leafinfo,leafnumber,엽수,개,6
242,2,2024-12-09,4,2,steminfo,crowndiameter,관부직경,cm,2
242,2,2024-12-09,4,2,plantobjectinfo,fruitingnumber,착과수,개,8
251,2,2024-12-09,5,1,steminfo,plantheight,초장,cm,27
251,2,2024-12-09,5,1,leafinfo,leaflength,엽장,cm,10
251,2,2024-12-09,5,1,leafinfo,leafwidth,엽폭,cm,9
251,2,2024-12-09,5,1,leafinfo,petiolelength,엽병장,cm,17
251,2,2024-12-09,5,1,leafinfo,leafnumber,엽수,개,6
251,2,2024-12-09,5,1,steminfo,crowndiameter,관부직경,cm,2
251,2,2024-12-09,5,1,plantobjectinfo,fruitingnumber,착과수,개,7
252,2,2024-12-09,5,2,steminfo,plantheight,초장,cm,29
252,2,2024-12-09,5,2,leafinfo,leaflength,엽장,cm,11
252,2,2024-12-09,5,2,leafinfo,leafwidth,엽폭,cm,9
252,2,2024-12-09,5,2,leafinfo,petiolelength,엽병장,cm,18
252,2,2024-12-09,5,2,leafinfo,leafnumber,엽수,개,7
252,2,2024-12-09,5,2,steminfo,crowndiameter,관부직경,cm,2
252,2,2024-12-09,5,2,plantobjectinfo,fruitingnumber,착과수,개,7
211,2,2024-12-16,1,1,steminfo,plantheight,초장,cm,28
211,2,2024-12-16,1,1,leafinfo,leaflength,엽장,cm,10
211,2,2024-12-16,1,1,leafinfo,leafwidth,엽폭,cm,9
211,2,2024-12-16,1,1,leafinfo,petiolelength,엽병장,cm,18
211,2,2024-12-16,1,1,leafinfo,leafnumber,엽수,개,7
211,2,2024-12-16,1,1,steminfo,crowndiameter,관부직경,cm,1.5
211,2,2024-12-16,1,1,plantobjectinfo,fruitingnumber,착과수,개,6
212,2,2024-12-16,1,2,steminfo,plantheight,초장,cm,26
212,2,2024-12-16,1,2,leafinfo,leaflength,엽장,cm,12
212,2,2024-12-16,1,2,leafinfo,leafwidth,엽폭,cm,9
212,2,2024-12-16,1,2,leafinfo,petiolelength,엽병장,cm,14
212,2,2024-12-16,1,2,leafinfo,leafnumber,엽수,개,7
212,2,2024-12-16,1,2,steminfo,crowndiameter,관부직경,cm,2
212,2,2024-12-16,1,2,plantobjectinfo,fruitingnumber,착과수,개,6
221,2,2024-12-16,2,1,steminfo,plantheight,초장,cm,29
221,2,2024-12-16,2,1,leafinfo,leaflength,엽장,cm,10
221,2,2024-12-16,2,1,leafinfo,leafwidth,엽폭,cm,8
221,2,2024-12-16,2,1,leafinfo,petiolelength,엽병장,cm,19
221,2,2024-12-16,2,1,leafinfo,leafnumber,엽수,개,6
221,2,2024-12-16,2,1,steminfo,crowndiameter,관부직경,cm,2
221,2,2024-12-16,2,1,plantobjectinfo,fruitingnumber,착과수,개,7
222,2,2024-12-16,2,2,steminfo,plantheight,초장,cm,31
222,2,2024-12-16,2,2,leafinfo,leaflength,엽장,cm,11
222,2,2024-12-16,2,2,leafinfo,leafwidth,엽폭,cm,9
222,2,2024-12-16,2,2,leafinfo,petiolelength,엽병장,cm,20
222,2,2024-12-16,2,2,leafinfo,leafnumber,엽수,개,7
222,2,2024-12-16,2,2,steminfo,crowndiameter,관부직경,cm,2
222,2,2024-12-16,2,2,plantobjectinfo,fruitingnumber,착과수,개,6
231,2,2024-12-16,3,1,steminfo,plantheight,초장,cm,28
231,2,2024-12-16,3,1,leafinfo,leaflength,엽장,cm,11
231,2,2024-12-16,3,1,leafinfo,leafwidth,엽폭,cm,10
231,2,2024-12-16,3,1,leafinfo,petiolelength,엽병장,cm,16
231,2,2024-12-16,3,1,leafinfo,leafnumber,엽수,개,7
231,2,2024-12-16,3,1,steminfo,crowndiameter,관부직경,cm,2.3
231,2,2024-12-16,3,1,plantobjectinfo,fruitingnumber,착과수,개,6
232,2,2024-12-16,3,2,steminfo,plantheight,초장,cm,27
232,2,2024-12-16,3,2,leafinfo,leaflength,엽장,cm,10
232,2,2024-12-16,3,2,leafinfo,leafwidth,엽폭,cm,9
232,2,2024-12-16,3,2,leafinfo,petiolelength,엽병장,cm,17
232,2,2024-12-16,3,2,leafinfo,leafnumber,엽수,개,7
232,2,2024-12-16,3,2,steminfo,crowndiameter,관부직경,cm,2
232,2,2024-12-16,3,2,plantobjectinfo,fruitingnumber,착과수,개,6
241,2,2024-12-16,4,1,steminfo,plantheight,초장,cm,30
241,2,2024-12-16,4,1,leafinfo,leaflength,엽장,cm,11
241,2,2024-12-16,4,1,leafinfo,leafwidth,엽폭,cm,10
241,2,2024-12-16,4,1,leafinfo,petiolelength,엽병장,cm,18
241,2,2024-12-16,4,1,leafinfo,leafnumber,엽수,개,7
241,2,2024-12-16,4,1,steminfo,crowndiameter,관부직경,cm,2
241,2,2024-12-16,4,1,plantobjectinfo,fruitingnumber,착과수,개,6
242,2,2024-12-16,4,2,steminfo,plantheight,초장,cm,26
242,2,2024-12-16,4,2,leafinfo,leaflength,엽장,cm,10
242,2,2024-12-16,4,2,leafinfo,leafwidth,엽폭,cm,9
242,2,2024-12-16,4,2,leafinfo,petiolelength,엽병장,cm,16
242,2,2024-12-16,4,2,leafinfo,leafnumber,엽수,개,6
242,2,2024-12-16,4,2,steminfo,crowndiameter,관부직경,cm,2
242,2,2024-12-16,4,2,plantobjectinfo,fruitingnumber,착과수,개,5
251,2,2024-12-16,5,1,steminfo,plantheight,초장,cm,27
251,2,2024-12-16,5,1,leafinfo,leaflength,엽장,cm,10
251,2,2024-12-16,5,1,leafinfo,leafwidth,엽폭,cm,9
251,2,2024-12-16,5,1,leafinfo,petiolelength,엽병장,cm,17
251,2,2024-12-16,5,1,leafinfo,leafnumber,엽수,개,6
251,2,2024-12-16,5,1,steminfo,crowndiameter,관부직경,cm,2
251,2,2024-12-16,5,1,plantobjectinfo,fruitingnumber,착과수,개,6
252,2,2024-12-16,5,2,steminfo,plantheight,초장,cm,29
252,2,2024-12-16,5,2,leafinfo,leaflength,엽장,cm,11
252,2,2024-12-16,5,2,leafinfo,leafwidth,엽폭,cm,9
252,2,2024-12-16,5,2,leafinfo,petiolelength,엽병장,cm,18
252,2,2024-12-16,5,2,leafinfo,leafnumber,엽수,개,7
252,2,2024-12-16,5,2,steminfo,crowndiameter,관부직경,cm,2
252,2,2024-12-16,5,2,plantobjectinfo,fruitingnumber,착과수,개,5
211,2,2024-12-23,1,1,steminfo,plantheight,초장,cm,28
211,2,2024-12-23,1,1,leafinfo,leaflength,엽장,cm,10
211,2,2024-12-23,1,1,leafinfo,leafwidth,엽폭,cm,9
211,2,2024-12-23,1,1,leafinfo,petiolelength,엽병장,cm,18
211,2,2024-12-23,1,1,leafinfo,leafnumber,엽수,개,8
211,2,2024-12-23,1,1,steminfo,crowndiameter,관부직경,cm,1.5
211,2,2024-12-23,1,1,plantobjectinfo,fruitingnumber,착과수,개,5
212,2,2024-12-23,1,2,steminfo,plantheight,초장,cm,26
212,2,2024-12-23,1,2,leafinfo,leaflength,엽장,cm,12
212,2,2024-12-23,1,2,leafinfo,leafwidth,엽폭,cm,9
212,2,2024-12-23,1,2,leafinfo,petiolelength,엽병장,cm,14
212,2,2024-12-23,1,2,leafinfo,leafnumber,엽수,개,7
212,2,2024-12-23,1,2,steminfo,crowndiameter,관부직경,cm,2
212,2,2024-12-23,1,2,plantobjectinfo,fruitingnumber,착과수,개,4
221,2,2024-12-23,2,1,steminfo,plantheight,초장,cm,29
221,2,2024-12-23,2,1,leafinfo,leaflength,엽장,cm,10
221,2,2024-12-23,2,1,leafinfo,leafwidth,엽폭,cm,8
221,2,2024-12-23,2,1,leafinfo,petiolelength,엽병장,cm,19
221,2,2024-12-23,2,1,leafinfo,leafnumber,엽수,개,7
221,2,2024-12-23,2,1,steminfo,crowndiameter,관부직경,cm,2
221,2,2024-12-23,2,1,plantobjectinfo,fruitingnumber,착과수,개,4
222,2,2024-12-23,2,2,steminfo,plantheight,초장,cm,31
222,2,2024-12-23,2,2,leafinfo,leaflength,엽장,cm,11
222,2,2024-12-23,2,2,leafinfo,leafwidth,엽폭,cm,9
222,2,2024-12-23,2,2,leafinfo,petiolelength,엽병장,cm,20
222,2,2024-12-23,2,2,leafinfo,leafnumber,엽수,개,7
222,2,2024-12-23,2,2,steminfo,crowndiameter,관부직경,cm,2
222,2,2024-12-23,2,2,plantobjectinfo,fruitingnumber,착과수,개,5
231,2,2024-12-23,3,1,steminfo,plantheight,초장,cm,28
231,2,2024-12-23,3,1,leafinfo,leaflength,엽장,cm,11
231,2,2024-12-23,3,1,leafinfo,leafwidth,엽폭,cm,10
231,2,2024-12-23,3,1,leafinfo,petiolelength,엽병장,cm,16
231,2,2024-12-23,3,1,leafinfo,leafnumber,엽수,개,7
231,2,2024-12-23,3,1,steminfo,crowndiameter,관부직경,cm,2.3
231,2,2024-12-23,3,1,plantobjectinfo,fruitingnumber,착과수,개,5
232,2,2024-12-23,3,2,steminfo,plantheight,초장,cm,27
232,2,2024-12-23,3,2,leafinfo,leaflength,엽장,cm,10
232,2,2024-12-23,3,2,leafinfo,leafwidth,엽폭,cm,9
232,2,2024-12-23,3,2,leafinfo,petiolelength,엽병장,cm,17
232,2,2024-12-23,3,2,leafinfo,leafnumber,엽수,개,8
232,2,2024-12-23,3,2,steminfo,crowndiameter,관부직경,cm,2
232,2,2024-12-23,3,2,plantobjectinfo,fruitingnumber,착과수,개,5
241,2,2024-12-23,4,1,steminfo,plantheight,초장,cm,30
241,2,2024-12-23,4,1,leafinfo,leaflength,엽장,cm,11
241,2,2024-12-23,4,1,leafinfo,leafwidth,엽폭,cm,10
241,2,2024-12-23,4,1,leafinfo,petiolelength,엽병장,cm,18
241,2,2024-12-23,4,1,leafinfo,leafnumber,엽수,개,7
241,2,2024-12-23,4,1,steminfo,crowndiameter,관부직경,cm,2
241,2,2024-12-23,4,1,plantobjectinfo,fruitingnumber,착과수,개,5
242,2,2024-12-23,4,2,steminfo,plantheight,초장,cm,26
242,2,2024-12-23,4,2,leafinfo,leaflength,엽장,cm,10
242,2,2024-12-23,4,2,leafinfo,leafwidth,엽폭,cm,9
242,2,2024-12-23,4,2,leafinfo,petiolelength,엽병장,cm,16
242,2,2024-12-23,4,2,leafinfo,leafnumber,엽수,개,6
242,2,2024-12-23,4,2,steminfo,crowndiameter,관부직경,cm,2
242,2,2024-12-23,4,2,plantobjectinfo,fruitingnumber,착과수,개,4
251,2,2024-12-23,5,1,steminfo,plantheight,초장,cm,27
251,2,2024-12-23,5,1,leafinfo,leaflength,엽장,cm,10
251,2,2024-12-23,5,1,leafinfo,leafwidth,엽폭,cm,9
251,2,2024-12-23,5,1,leafinfo,petiolelength,엽병장,cm,17
251,2,2024-12-23,5,1,leafinfo,leafnumber,엽수,개,7
251,2,2024-12-23,5,1,steminfo,crowndiameter,관부직경,cm,2
251,2,2024-12-23,5,1,plantobjectinfo,fruitingnumber,착과수,개,5
252,2,2024-12-23,5,2,steminfo,plantheight,초장,cm,29
252,2,2024-12-23,5,2,leafinfo,leaflength,엽장,cm,11
252,2,2024-12-23,5,2,leafinfo,leafwidth,엽폭,cm,9
252,2,2024-12-23,5,2,leafinfo,petiolelength,엽병장,cm,18
252,2,2024-12-23,5,2,leafinfo,leafnumber,엽수,개,8
252,2,2024-12-23,5,2,steminfo,crowndiameter,관부직경,cm,2
252,2,2024-12-23,5,2,plantobjectinfo,fruitingnumber,착과수,개,5
211,2,2024-12-30,1,1,steminfo,plantheight,초장,cm,28
211,2,2024-12-30,1,1,leafinfo,leaflength,엽장,cm,10
211,2,2024-12-30,1,1,leafinfo,leafwidth,엽폭,cm,9
211,2,2024-12-30,1,1,leafinfo,petiolelength,엽병장,cm,18
211,2,2024-12-30,1,1,leafinfo,leafnumber,엽수,개,8
211,2,2024-12-30,1,1,steminfo,crowndiameter,관부직경,cm,1.5
211,2,2024-12-30,1,1,plantobjectinfo,fruitingnumber,착과수,개,4
212,2,2024-12-30,1,2,steminfo,plantheight,초장,cm,26
212,2,2024-12-30,1,2,leafinfo,leaflength,엽장,cm,12
212,2,2024-12-30,1,2,leafinfo,leafwidth,엽폭,cm,9
212,2,2024-12-30,1,2,leafinfo,petiolelength,엽병장,cm,14
212,2,2024-12-30,1,2,leafinfo,leafnumber,엽수,개,7
212,2,2024-12-30,1,2,steminfo,crowndiameter,관부직경,cm,2
212,2,2024-12-30,1,2,plantobjectinfo,fruitingnumber,착과수,개,3
221,2,2024-12-30,2,1,steminfo,plantheight,초장,cm,29
221,2,2024-12-30,2,1,leafinfo,leaflength,엽장,cm,10
221,2,2024-12-30,2,1,leafinfo,leafwidth,엽폭,cm,8
221,2,2024-12-30,2,1,leafinfo,petiolelength,엽병장,cm,19
221,2,2024-12-30,2,1,leafinfo,leafnumber,엽수,개,7
221,2,2024-12-30,2,1,steminfo,crowndiameter,관부직경,cm,2
221,2,2024-12-30,2,1,plantobjectinfo,fruitingnumber,착과수,개,4
222,2,2024-12-30,2,2,steminfo,plantheight,초장,cm,31
222,2,2024-12-30,2,2,leafinfo,leaflength,엽장,cm,11
222,2,2024-12-30,2,2,leafinfo,leafwidth,엽폭,cm,9
222,2,2024-12-30,2,2,leafinfo,petiolelength,엽병장,cm,20
222,2,2024-12-30,2,2,leafinfo,leafnumber,엽수,개,7
222,2,2024-12-30,2,2,steminfo,crowndiameter,관부직경,cm,2
222,2,2024-12-30,2,2,plantobjectinfo,fruitingnumber,착과수,개,4
231,2,2024-12-30,3,1,steminfo,plantheight,초장,cm,28
231,2,2024-12-30,3,1,leafinfo,leaflength,엽장,cm,11
231,2,2024-12-30,3,1,leafinfo,leafwidth,엽폭,cm,10
231,2,2024-12-30,3,1,leafinfo,petiolelength,엽병장,cm,16
231,2,2024-12-30,3,1,leafinfo,leafnumber,엽수,개,7
231,2,2024-12-30,3,1,steminfo,crowndiameter,관부직경,cm,2.3
231,2,2024-12-30,3,1,plantobjectinfo,fruitingnumber,착과수,개,3
232,2,2024-12-30,3,2,steminfo,plantheight,초장,cm,27
232,2,2024-12-30,3,2,leafinfo,leaflength,엽장,cm,10
232,2,2024-12-30,3,2,leafinfo,leafwidth,엽폭,cm,9
232,2,2024-12-30,3,2,leafinfo,petiolelength,엽병장,cm,17
232,2,2024-12-30,3,2,leafinfo,leafnumber,엽수,개,8
232,2,2024-12-30,3,2,steminfo,crowndiameter,관부직경,cm,2
232,2,2024-12-30,3,2,plantobjectinfo,fruitingnumber,착과수,개,4
241,2,2024-12-30,4,1,steminfo,plantheight,초장,cm,30
241,2,2024-12-30,4,1,leafinfo,leaflength,엽장,cm,11
241,2,2024-12-30,4,1,leafinfo,leafwidth,엽폭,cm,10
241,2,2024-12-30,4,1,leafinfo,petiolelength,엽병장,cm,18
241,2,2024-12-30,4,1,leafinfo,leafnumber,엽수,개,7
241,2,2024-12-30,4,1,steminfo,crowndiameter,관부직경,cm,2
241,2,2024-12-30,4,1,plantobjectinfo,fruitingnumber,착과수,개,3
242,2,2024-12-30,4,2,steminfo,plantheight,초장,cm,26
242,2,2024-12-30,4,2,leafinfo,leaflength,엽장,cm,10
242,2,2024-12-30,4,2,leafinfo,leafwidth,엽폭,cm,9
242,2,2024-12-30,4,2,leafinfo,petiolelength,엽병장,cm,16
242,2,2024-12-30,4,2,leafinfo,leafnumber,엽수,개,6
242,2,2024-12-30,4,2,steminfo,crowndiameter,관부직경,cm,2
242,2,2024-12-30,4,2,plantobjectinfo,fruitingnumber,착과수,개,4
251,2,2024-12-30,5,1,steminfo,plantheight,초장,cm,27
251,2,2024-12-30,5,1,leafinfo,leaflength,엽장,cm,10
251,2,2024-12-30,5,1,leafinfo,leafwidth,엽폭,cm,9
251,2,2024-12-30,5,1,leafinfo,petiolelength,엽병장,cm,17
251,2,2024-12-30,5,1,leafinfo,leafnumber,엽수,개,7
251,2,2024-12-30,5,1,steminfo,crowndiameter,관부직경,cm,2
251,2,2024-12-30,5,1,plantobjectinfo,fruitingnumber,착과수,개,4
252,2,2024-12-30,5,2,steminfo,plantheight,초장,cm,29
252,2,2024-12-30,5,2,leafinfo,leaflength,엽장,cm,11
252,2,2024-12-30,5,2,leafinfo,leafwidth,엽폭,cm,9
252,2,2024-12-30,5,2,leafinfo,petiolelength,엽병장,cm,18
252,2,2024-12-30,5,2,leafinfo,leafnumber,엽수,개,8
252,2,2024-12-30,5,2,steminfo,crowndiameter,관부직경,cm,2
252,2,2024-12-30,5,2,plantobjectinfo,fruitingnumber,착과수,개,3
211,2,2025-01-06,1,1,steminfo,plantheight,초장,cm,28
211,2,2025-01-06,1,1,leafinfo,leaflength,엽장,cm,10
211,2,2025-01-06,1,1,leafinfo,leafwidth,엽폭,cm,9
211,2,2025-01-06,1,1,leafinfo,petiolelength,엽병장,cm,18
211,2,2025-01-06,1,1,leafinfo,leafnumber,엽수,개,8
211,2,2025-01-06,1,1,steminfo,crowndiameter,관부직경,cm,2
211,2,2025-01-06,1,1,plantobjectinfo,fruitingnumber,착과수,개,2
212,2,2025-01-06,1,2,steminfo,plantheight,초장,cm,27
212,2,2025-01-06,1,2,leafinfo,leaflength,엽장,cm,12
212,2,2025-01-06,1,2,leafinfo,leafwidth,엽폭,cm,9
212,2,2025-01-06,1,2,leafinfo,petiolelength,엽병장,cm,15
212,2,2025-01-06,1,2,leafinfo,leafnumber,엽수,개,7
212,2,2025-01-06,1,2,steminfo,crowndiameter,관부직경,cm,2
212,2,2025-01-06,1,2,plantobjectinfo,fruitingnumber,착과수,개,2
221,2,2025-01-06,2,1,steminfo,plantheight,초장,cm,29
221,2,2025-01-06,2,1,leafinfo,leaflength,엽장,cm,10
221,2,2025-01-06,2,1,leafinfo,leafwidth,엽폭,cm,8
221,2,2025-01-06,2,1,leafinfo,petiolelength,엽병장,cm,19
221,2,2025-01-06,2,1,leafinfo,leafnumber,엽수,개,7
221,2,2025-01-06,2,1,steminfo,crowndiameter,관부직경,cm,2.3
221,2,2025-01-06,2,1,plantobjectinfo,fruitingnumber,착과수,개,4
222,2,2025-01-06,2,2,steminfo,plantheight,초장,cm,31
222,2,2025-01-06,2,2,leafinfo,leaflength,엽장,cm,11
222,2,2025-01-06,2,2,leafinfo,leafwidth,엽폭,cm,9
222,2,2025-01-06,2,2,leafinfo,petiolelength,엽병장,cm,20
222,2,2025-01-06,2,2,leafinfo,leafnumber,엽수,개,7
222,2,2025-01-06,2,2,steminfo,crowndiameter,관부직경,cm,2
222,2,2025-01-06,2,2,plantobjectinfo,fruitingnumber,착과수,개,4
231,2,2025-01-06,3,1,steminfo,plantheight,초장,cm,28
231,2,2025-01-06,3,1,leafinfo,leaflength,엽장,cm,11
231,2,2025-01-06,3,1,leafinfo,leafwidth,엽폭,cm,10
231,2,2025-01-06,3,1,leafinfo,petiolelength,엽병장,cm,16
231,2,2025-01-06,3,1,leafinfo,leafnumber,엽수,개,7
231,2,2025-01-06,3,1,steminfo,crowndiameter,관부직경,cm,2.5
231,2,2025-01-06,3,1,plantobjectinfo,fruitingnumber,착과수,개,2
232,2,2025-01-06,3,2,steminfo,plantheight,초장,cm,27
232,2,2025-01-06,3,2,leafinfo,leaflength,엽장,cm,10
232,2,2025-01-06,3,2,leafinfo,leafwidth,엽폭,cm,9
232,2,2025-01-06,3,2,leafinfo,petiolelength,엽병장,cm,17
232,2,2025-01-06,3,2,leafinfo,leafnumber,엽수,개,8
232,2,2025-01-06,3,2,steminfo,crowndiameter,관부직경,cm,2.3
232,2,2025-01-06,3,2,plantobjectinfo,fruitingnumber,착과수,개,3
241,2,2025-01-06,4,1,steminfo,plantheight,초장,cm,30
241,2,2025-01-06,4,1,leafinfo,leaflength,엽장,cm,11
241,2,2025-01-06,4,1,leafinfo,leafwidth,엽폭,cm,10
241,2,2025-01-06,4,1,leafinfo,petiolelength,엽병장,cm,18
241,2,2025-01-06,4,1,leafinfo,leafnumber,엽수,개,7
241,2,2025-01-06,4,1,steminfo,crowndiameter,관부직경,cm,2.3
241,2,2025-01-06,4,1,plantobjectinfo,fruitingnumber,착과수,개,2
242,2,2025-01-06,4,2,steminfo,plantheight,초장,cm,26
242,2,2025-01-06,4,2,leafinfo,leaflength,엽장,cm,10
242,2,2025-01-06,4,2,leafinfo,leafwidth,엽폭,cm,9
242,2,2025-01-06,4,2,leafinfo,petiolelength,엽병장,cm,16
242,2,2025-01-06,4,2,leafinfo,leafnumber,엽수,개,6
242,2,2025-01-06,4,2,steminfo,crowndiameter,관부직경,cm,2.5
242,2,2025-01-06,4,2,plantobjectinfo,fruitingnumber,착과수,개,3
251,2,2025-01-06,5,1,steminfo,plantheight,초장,cm,28
251,2,2025-01-06,5,1,leafinfo,leaflength,엽장,cm,12
251,2,2025-01-06,5,1,leafinfo,leafwidth,엽폭,cm,9
251,2,2025-01-06,5,1,leafinfo,petiolelength,엽병장,cm,17
251,2,2025-01-06,5,1,leafinfo,leafnumber,엽수,개,7
251,2,2025-01-06,5,1,steminfo,crowndiameter,관부직경,cm,2
251,2,2025-01-06,5,1,plantobjectinfo,fruitingnumber,착과수,개,3
252,2,2025-01-06,5,2,steminfo,plantheight,초장,cm,30
252,2,2025-01-06,5,2,leafinfo,leaflength,엽장,cm,12
252,2,2025-01-06,5,2,leafinfo,leafwidth,엽폭,cm,9
252,2,2025-01-06,5,2,leafinfo,petiolelength,엽병장,cm,18
252,2,2025-01-06,5,2,leafinfo,leafnumber,엽수,개,8
252,2,2025-01-06,5,2,steminfo,crowndiameter,관부직경,cm,2
252,2,2025-01-06,5,2,plantobjectinfo,fruitingnumber,착과수,개,2
211,2,2025-01-13,1,1,steminfo,plantheight,초장,cm,28
211,2,2025-01-13,1,1,leafinfo,leaflength,엽장,cm,10
211,2,2025-01-13,1,1,leafinfo,leafwidth,엽폭,cm,9
211,2,2025-01-13,1,1,leafinfo,petiolelength,엽병장,cm,18
211,2,2025-01-13,1,1,leafinfo,leafnumber,엽수,개,7
211,2,2025-01-13,1,1,steminfo,crowndiameter,관부직경,cm,2.3
211,2,2025-01-13,1,1,plantobjectinfo,fruitingnumber,착과수,개,4
212,2,2025-01-13,1,2,steminfo,plantheight,초장,cm,27
212,2,2025-01-13,1,2,leafinfo,leaflength,엽장,cm,12
212,2,2025-01-13,1,2,leafinfo,leafwidth,엽폭,cm,9
212,2,2025-01-13,1,2,leafinfo,petiolelength,엽병장,cm,15
212,2,2025-01-13,1,2,leafinfo,leafnumber,엽수,개,7
212,2,2025-01-13,1,2,steminfo,crowndiameter,관부직경,cm,2.4
212,2,2025-01-13,1,2,plantobjectinfo,fruitingnumber,착과수,개,3
221,2,2025-01-13,2,1,steminfo,plantheight,초장,cm,29
221,2,2025-01-13,2,1,leafinfo,leaflength,엽장,cm,10
221,2,2025-01-13,2,1,leafinfo,leafwidth,엽폭,cm,8
221,2,2025-01-13,2,1,leafinfo,petiolelength,엽병장,cm,19
221,2,2025-01-13,2,1,leafinfo,leafnumber,엽수,개,7
221,2,2025-01-13,2,1,steminfo,crowndiameter,관부직경,cm,2.5
221,2,2025-01-13,2,1,plantobjectinfo,fruitingnumber,착과수,개,4
222,2,2025-01-13,2,2,steminfo,plantheight,초장,cm,31
222,2,2025-01-13,2,2,leafinfo,leaflength,엽장,cm,11
222,2,2025-01-13,2,2,leafinfo,leafwidth,엽폭,cm,9
222,2,2025-01-13,2,2,leafinfo,petiolelength,엽병장,cm,20
222,2,2025-01-13,2,2,leafinfo,leafnumber,엽수,개,7
222,2,2025-01-13,2,2,steminfo,crowndiameter,관부직경,cm,2.3
222,2,2025-01-13,2,2,plantobjectinfo,fruitingnumber,착과수,개,4
231,2,2025-01-13,3,1,steminfo,plantheight,초장,cm,28
231,2,2025-01-13,3,1,leafinfo,leaflength,엽장,cm,11
231,2,2025-01-13,3,1,leafinfo,leafwidth,엽폭,cm,10
231,2,2025-01-13,3,1,leafinfo,petiolelength,엽병장,cm,16
231,2,2025-01-13,3,1,leafinfo,leafnumber,엽수,개,7
231,2,2025-01-13,3,1,steminfo,crowndiameter,관부직경,cm,2.7
231,2,2025-01-13,3,1,plantobjectinfo,fruitingnumber,착과수,개,4
232,2,2025-01-13,3,2,steminfo,plantheight,초장,cm,27
232,2,2025-01-13,3,2,leafinfo,leaflength,엽장,cm,10
232,2,2025-01-13,3,2,leafinfo,leafwidth,엽폭,cm,9
232,2,2025-01-13,3,2,leafinfo,petiolelength,엽병장,cm,17
232,2,2025-01-13,3,2,leafinfo,leafnumber,엽수,개,7
232,2,2025-01-13,3,2,steminfo,crowndiameter,관부직경,cm,2.5
232,2,2025-01-13,3,2,plantobjectinfo,fruitingnumber,착과수,개,6
241,2,2025-01-13,4,1,steminfo,plantheight,초장,cm,30
241,2,2025-01-13,4,1,leafinfo,leaflength,엽장,cm,11
241,2,2025-01-13,4,1,leafinfo,leafwidth,엽폭,cm,10
241,2,2025-01-13,4,1,leafinfo,petiolelength,엽병장,cm,18
241,2,2025-01-13,4,1,leafinfo,leafnumber,엽수,개,7
241,2,2025-01-13,4,1,steminfo,crowndiameter,관부직경,cm,2.5
241,2,2025-01-13,4,1,plantobjectinfo,fruitingnumber,착과수,개,6
242,2,2025-01-13,4,2,steminfo,plantheight,초장,cm,26
242,2,2025-01-13,4,2,leafinfo,leaflength,엽장,cm,10
242,2,2025-01-13,4,2,leafinfo,leafwidth,엽폭,cm,9
242,2,2025-01-13,4,2,leafinfo,petiolelength,엽병장,cm,16
242,2,2025-01-13,4,2,leafinfo,leafnumber,엽수,개,7
242,2,2025-01-13,4,2,steminfo,crowndiameter,관부직경,cm,2.5
242,2,2025-01-13,4,2,plantobjectinfo,fruitingnumber,착과수,개,5
251,2,2025-01-13,5,1,steminfo,plantheight,초장,cm,28
251,2,2025-01-13,5,1,leafinfo,leaflength,엽장,cm,12
251,2,2025-01-13,5,1,leafinfo,leafwidth,엽폭,cm,9
251,2,2025-01-13,5,1,leafinfo,petiolelength,엽병장,cm,17
251,2,2025-01-13,5,1,leafinfo,leafnumber,엽수,개,7
251,2,2025-01-13,5,1,steminfo,crowndiameter,관부직경,cm,2.3
251,2,2025-01-13,5,1,plantobjectinfo,fruitingnumber,착과수,개,4
252,2,2025-01-13,5,2,steminfo,plantheight,초장,cm,30
252,2,2025-01-13,5,2,leafinfo,leaflength,엽장,cm,12
252,2,2025-01-13,5,2,leafinfo,leafwidth,엽폭,cm,9
252,2,2025-01-13,5,2,leafinfo,petiolelength,엽병장,cm,18
252,2,2025-01-13,5,2,leafinfo,leafnumber,엽수,개,7
252,2,2025-01-13,5,2,steminfo,crowndiameter,관부직경,cm,2.5
252,2,2025-01-13,5,2,plantobjectinfo,fruitingnumber,착과수,개,5
211,2,2025-01-20,1,1,steminfo,plantheight,초장,cm,28
211,2,2025-01-20,1,1,leafinfo,leaflength,엽장,cm,10
211,2,2025-01-20,1,1,leafinfo,leafwidth,엽폭,cm,9
211,2,2025-01-20,1,1,leafinfo,petiolelength,엽병장,cm,18
211,2,2025-01-20,1,1,leafinfo,leafnumber,엽수,개,7
211,2,2025-01-20,1,1,steminfo,crowndiameter,관부직경,cm,2.5
211,2,2025-01-20,1,1,plantobjectinfo,fruitingnumber,착과수,개,4
212,2,2025-01-20,1,2,steminfo,plantheight,초장,cm,27
212,2,2025-01-20,1,2,leafinfo,leaflength,엽장,cm,12
212,2,2025-01-20,1,2,leafinfo,leafwidth,엽폭,cm,9
212,2,2025-01-20,1,2,leafinfo,petiolelength,엽병장,cm,15
212,2,2025-01-20,1,2,leafinfo,leafnumber,엽수,개,7
212,2,2025-01-20,1,2,steminfo,crowndiameter,관부직경,cm,2.4
212,2,2025-01-20,1,2,plantobjectinfo,fruitingnumber,착과수,개,3
221,2,2025-01-20,2,1,steminfo,plantheight,초장,cm,29
221,2,2025-01-20,2,1,leafinfo,leaflength,엽장,cm,10
221,2,2025-01-20,2,1,leafinfo,leafwidth,엽폭,cm,8
221,2,2025-01-20,2,1,leafinfo,petiolelength,엽병장,cm,19
221,2,2025-01-20,2,1,leafinfo,leafnumber,엽수,개,7
221,2,2025-01-20,2,1,steminfo,crowndiameter,관부직경,cm,2.5
221,2,2025-01-20,2,1,plantobjectinfo,fruitingnumber,착과수,개,4
222,2,2025-01-20,2,2,steminfo,plantheight,초장,cm,31
222,2,2025-01-20,2,2,leafinfo,leaflength,엽장,cm,11
222,2,2025-01-20,2,2,leafinfo,leafwidth,엽폭,cm,9
222,2,2025-01-20,2,2,leafinfo,petiolelength,엽병장,cm,20
222,2,2025-01-20,2,2,leafinfo,leafnumber,엽수,개,7
222,2,2025-01-20,2,2,steminfo,crowndiameter,관부직경,cm,2.3
222,2,2025-01-20,2,2,plantobjectinfo,fruitingnumber,착과수,개,4
231,2,2025-01-20,3,1,steminfo,plantheight,초장,cm,28
231,2,2025-01-20,3,1,leafinfo,leaflength,엽장,cm,11
231,2,2025-01-20,3,1,leafinfo,leafwidth,엽폭,cm,10
231,2,2025-01-20,3,1,leafinfo,petiolelength,엽병장,cm,16
231,2,2025-01-20,3,1,leafinfo,leafnumber,엽수,개,8
231,2,2025-01-20,3,1,steminfo,crowndiameter,관부직경,cm,2.7
231,2,2025-01-20,3,1,plantobjectinfo,fruitingnumber,착과수,개,5
232,2,2025-01-20,3,2,steminfo,plantheight,초장,cm,27
232,2,2025-01-20,3,2,leafinfo,leaflength,엽장,cm,10
232,2,2025-01-20,3,2,leafinfo,leafwidth,엽폭,cm,9
232,2,2025-01-20,3,2,leafinfo,petiolelength,엽병장,cm,17
232,2,2025-01-20,3,2,leafinfo,leafnumber,엽수,개,7
232,2,2025-01-20,3,2,steminfo,crowndiameter,관부직경,cm,2.5
232,2,2025-01-20,3,2,plantobjectinfo,fruitingnumber,착과수,개,6
241,2,2025-01-20,4,1,steminfo,plantheight,초장,cm,30
241,2,2025-01-20,4,1,leafinfo,leaflength,엽장,cm,11
241,2,2025-01-20,4,1,leafinfo,leafwidth,엽폭,cm,10
241,2,2025-01-20,4,1,leafinfo,petiolelength,엽병장,cm,18
241,2,2025-01-20,4,1,leafinfo,leafnumber,엽수,개,7
241,2,2025-01-20,4,1,steminfo,crowndiameter,관부직경,cm,2.5
241,2,2025-01-20,4,1,plantobjectinfo,fruitingnumber,착과수,개,5
242,2,2025-01-20,4,2,steminfo,plantheight,초장,cm,26
242,2,2025-01-20,4,2,leafinfo,leaflength,엽장,cm,10
242,2,2025-01-20,4,2,leafinfo,leafwidth,엽폭,cm,9
242,2,2025-01-20,4,2,leafinfo,petiolelength,엽병장,cm,16
242,2,2025-01-20,4,2,leafinfo,leafnumber,엽수,개,7
242,2,2025-01-20,4,2,steminfo,crowndiameter,관부직경,cm,2.5
242,2,2025-01-20,4,2,plantobjectinfo,fruitingnumber,착과수,개,5
251,2,2025-01-20,5,1,steminfo,plantheight,초장,cm,28
251,2,2025-01-20,5,1,leafinfo,leaflength,엽장,cm,12
251,2,2025-01-20,5,1,leafinfo,leafwidth,엽폭,cm,9
251,2,2025-01-20,5,1,leafinfo,petiolelength,엽병장,cm,17
251,2,2025-01-20,5,1,leafinfo,leafnumber,엽수,개,7
251,2,2025-01-20,5,1,steminfo,crowndiameter,관부직경,cm,2.3
251,2,2025-01-20,5,1,plantobjectinfo,fruitingnumber,착과수,개,4
252,2,2025-01-20,5,2,steminfo,plantheight,초장,cm,30
252,2,2025-01-20,5,2,leafinfo,leaflength,엽장,cm,12
252,2,2025-01-20,5,2,leafinfo,leafwidth,엽폭,cm,9
252,2,2025-01-20,5,2,leafinfo,petiolelength,엽병장,cm,18
252,2,2025-01-20,5,2,leafinfo,leafnumber,엽수,개,7
252,2,2025-01-20,5,2,steminfo,crowndiameter,관부직경,cm,2.5
252,2,2025-01-20,5,2,plantobjectinfo,fruitingnumber,착과수,개,5
211,2,2025-01-31,1,1,steminfo,plantheight,초장,cm,28
211,2,2025-01-31,1,1,leafinfo,leaflength,엽장,cm,10
211,2,2025-01-31,1,1,leafinfo,leafwidth,엽폭,cm,9
211,2,2025-01-31,1,1,leafinfo,petiolelength,엽병장,cm,18
211,2,2025-01-31,1,1,leafinfo,leafnumber,엽수,개,7
211,2,2025-01-31,1,1,steminfo,crowndiameter,관부직경,cm,2.5
211,2,2025-01-31,1,1,plantobjectinfo,fruitingnumber,착과수,개,7
212,2,2025-01-31,1,2,steminfo,plantheight,초장,cm,27
212,2,2025-01-31,1,2,leafinfo,leaflength,엽장,cm,12
212,2,2025-01-31,1,2,leafinfo,leafwidth,엽폭,cm,9
212,2,2025-01-31,1,2,leafinfo,petiolelength,엽병장,cm,15
212,2,2025-01-31,1,2,leafinfo,leafnumber,엽수,개,7
212,2,2025-01-31,1,2,steminfo,crowndiameter,관부직경,cm,2.4
212,2,2025-01-31,1,2,plantobjectinfo,fruitingnumber,착과수,개,6
221,2,2025-01-31,2,1,steminfo,plantheight,초장,cm,29
221,2,2025-01-31,2,1,leafinfo,leaflength,엽장,cm,10
221,2,2025-01-31,2,1,leafinfo,leafwidth,엽폭,cm,8
221,2,2025-01-31,2,1,leafinfo,petiolelength,엽병장,cm,19
221,2,2025-01-31,2,1,leafinfo,leafnumber,엽수,개,7
221,2,2025-01-31,2,1,steminfo,crowndiameter,관부직경,cm,2.5
221,2,2025-01-31,2,1,plantobjectinfo,fruitingnumber,착과수,개,7
222,2,2025-01-31,2,2,steminfo,plantheight,초장,cm,31
222,2,2025-01-31,2,2,leafinfo,leaflength,엽장,cm,11
222,2,2025-01-31,2,2,leafinfo,leafwidth,엽폭,cm,9
222,2,2025-01-31,2,2,leafinfo,petiolelength,엽병장,cm,20
222,2,2025-01-31,2,2,leafinfo,leafnumber,엽수,개,7
222,2,2025-01-31,2,2,steminfo,crowndiameter,관부직경,cm,2.3
222,2,2025-01-31,2,2,plantobjectinfo,fruitingnumber,착과수,개,6
231,2,2025-01-31,3,1,steminfo,plantheight,초장,cm,28
231,2,2025-01-31,3,1,leafinfo,leaflength,엽장,cm,11
231,2,2025-01-31,3,1,leafinfo,leafwidth,엽폭,cm,10
231,2,2025-01-31,3,1,leafinfo,petiolelength,엽병장,cm,16
231,2,2025-01-31,3,1,leafinfo,leafnumber,엽수,개,8
231,2,2025-01-31,3,1,steminfo,crowndiameter,관부직경,cm,2.7
231,2,2025-01-31,3,1,plantobjectinfo,fruitingnumber,착과수,개,5
232,2,2025-01-31,3,2,steminfo,plantheight,초장,cm,27
232,2,2025-01-31,3,2,leafinfo,leaflength,엽장,cm,10
232,2,2025-01-31,3,2,leafinfo,leafwidth,엽폭,cm,9
232,2,2025-01-31,3,2,leafinfo,petiolelength,엽병장,cm,17
232,2,2025-01-31,3,2,leafinfo,leafnumber,엽수,개,7
232,2,2025-01-31,3,2,steminfo,crowndiameter,관부직경,cm,2.5
232,2,2025-01-31,3,2,plantobjectinfo,fruitingnumber,착과수,개,6
241,2,2025-01-31,4,1,steminfo,plantheight,초장,cm,30
241,2,2025-01-31,4,1,leafinfo,leaflength,엽장,cm,11
241,2,2025-01-31,4,1,leafinfo,leafwidth,엽폭,cm,10
241,2,2025-01-31,4,1,leafinfo,petiolelength,엽병장,cm,18
241,2,2025-01-31,4,1,leafinfo,leafnumber,엽수,개,7
241,2,2025-01-31,4,1,steminfo,crowndiameter,관부직경,cm,2.5
241,2,2025-01-31,4,1,plantobjectinfo,fruitingnumber,착과수,개,7
242,2,2025-01-31,4,2,steminfo,plantheight,초장,cm,26
242,2,2025-01-31,4,2,leafinfo,leaflength,엽장,cm,10
242,2,2025-01-31,4,2,leafinfo,leafwidth,엽폭,cm,9
242,2,2025-01-31,4,2,leafinfo,petiolelength,엽병장,cm,16
242,2,2025-01-31,4,2,leafinfo,leafnumber,엽수,개,7
242,2,2025-01-31,4,2,steminfo,crowndiameter,관부직경,cm,2.5
242,2,2025-01-31,4,2,plantobjectinfo,fruitingnumber,착과수,개,6
251,2,2025-01-31,5,1,steminfo,plantheight,초장,cm,28
251,2,2025-01-31,5,1,leafinfo,leaflength,엽장,cm,12
251,2,2025-01-31,5,1,leafinfo,leafwidth,엽폭,cm,9
251,2,2025-01-31,5,1,leafinfo,petiolelength,엽병장,cm,17
251,2,2025-01-31,5,1,leafinfo,leafnumber,엽수,개,7
251,2,2025-01-31,5,1,steminfo,crowndiameter,관부직경,cm,2.3
251,2,2025-01-31,5,1,plantobjectinfo,fruitingnumber,착과수,개,7
252,2,2025-01-31,5,2,steminfo,plantheight,초장,cm,30
252,2,2025-01-31,5,2,leafinfo,leaflength,엽장,cm,12
252,2,2025-01-31,5,2,leafinfo,leafwidth,엽폭,cm,9
252,2,2025-01-31,5,2,leafinfo,petiolelength,엽병장,cm,18
252,2,2025-01-31,5,2,leafinfo,leafnumber,엽수,개,7
252,2,2025-01-31,5,2,steminfo,crowndiameter,관부직경,cm,2.5
252,2,2025-01-31,5,2,plantobjectinfo,fruitingnumber,착과수,개,7
211,2,2025-02-03,1,1,steminfo,plantheight,초장,cm,28
211,2,2025-02-03,1,1,leafinfo,leaflength,엽장,cm,10
211,2,2025-02-03,1,1,leafinfo,leafwidth,엽폭,cm,9
211,2,2025-02-03,1,1,leafinfo,petiolelength,엽병장,cm,18
211,2,2025-02-03,1,1,leafinfo,leafnumber,엽수,개,7
211,2,2025-02-03,1,1,steminfo,crowndiameter,관부직경,cm,2.5
211,2,2025-02-03,1,1,plantobjectinfo,fruitingnumber,착과수,개,6
212,2,2025-02-03,1,2,steminfo,plantheight,초장,cm,27
212,2,2025-02-03,1,2,leafinfo,leaflength,엽장,cm,12
212,2,2025-02-03,1,2,leafinfo,leafwidth,엽폭,cm,9
212,2,2025-02-03,1,2,leafinfo,petiolelength,엽병장,cm,15
212,2,2025-02-03,1,2,leafinfo,leafnumber,엽수,개,7
212,2,2025-02-03,1,2,steminfo,crowndiameter,관부직경,cm,2.4
212,2,2025-02-03,1,2,plantobjectinfo,fruitingnumber,착과수,개,5
221,2,2025-02-03,2,1,steminfo,plantheight,초장,cm,29
221,2,2025-02-03,2,1,leafinfo,leaflength,엽장,cm,10
221,2,2025-02-03,2,1,leafinfo,leafwidth,엽폭,cm,8
221,2,2025-02-03,2,1,leafinfo,petiolelength,엽병장,cm,19
221,2,2025-02-03,2,1,leafinfo,leafnumber,엽수,개,7
221,2,2025-02-03,2,1,steminfo,crowndiameter,관부직경,cm,2.5
221,2,2025-02-03,2,1,plantobjectinfo,fruitingnumber,착과수,개,6
222,2,2025-02-03,2,2,steminfo,plantheight,초장,cm,31
222,2,2025-02-03,2,2,leafinfo,leaflength,엽장,cm,11
222,2,2025-02-03,2,2,leafinfo,leafwidth,엽폭,cm,9
222,2,2025-02-03,2,2,leafinfo,petiolelength,엽병장,cm,20
222,2,2025-02-03,2,2,leafinfo,leafnumber,엽수,개,7
222,2,2025-02-03,2,2,steminfo,crowndiameter,관부직경,cm,2.3
222,2,2025-02-03,2,2,plantobjectinfo,fruitingnumber,착과수,개,6
231,2,2025-02-03,3,1,steminfo,plantheight,초장,cm,28
231,2,2025-02-03,3,1,leafinfo,leaflength,엽장,cm,11
231,2,2025-02-03,3,1,leafinfo,leafwidth,엽폭,cm,10
231,2,2025-02-03,3,1,leafinfo,petiolelength,엽병장,cm,16
231,2,2025-02-03,3,1,leafinfo,leafnumber,엽수,개,8
231,2,2025-02-03,3,1,steminfo,crowndiameter,관부직경,cm,2.7
231,2,2025-02-03,3,1,plantobjectinfo,fruitingnumber,착과수,개,4
232,2,2025-02-03,3,2,steminfo,plantheight,초장,cm,27
232,2,2025-02-03,3,2,leafinfo,leaflength,엽장,cm,10
232,2,2025-02-03,3,2,leafinfo,leafwidth,엽폭,cm,9
232,2,2025-02-03,3,2,leafinfo,petiolelength,엽병장,cm,17
232,2,2025-02-03,3,2,leafinfo,leafnumber,엽수,개,7
232,2,2025-02-03,3,2,steminfo,crowndiameter,관부직경,cm,2.5
232,2,2025-02-03,3,2,plantobjectinfo,fruitingnumber,착과수,개,5
241,2,2025-02-03,4,1,steminfo,plantheight,초장,cm,30
241,2,2025-02-03,4,1,leafinfo,leaflength,엽장,cm,11
241,2,2025-02-03,4,1,leafinfo,leafwidth,엽폭,cm,10
241,2,2025-02-03,4,1,leafinfo,petiolelength,엽병장,cm,18
241,2,2025-02-03,4,1,leafinfo,leafnumber,엽수,개,7
241,2,2025-02-03,4,1,steminfo,crowndiameter,관부직경,cm,2.5
241,2,2025-02-03,4,1,plantobjectinfo,fruitingnumber,착과수,개,6
242,2,2025-02-03,4,2,steminfo,plantheight,초장,cm,26
242,2,2025-02-03,4,2,leafinfo,leaflength,엽장,cm,10
242,2,2025-02-03,4,2,leafinfo,leafwidth,엽폭,cm,9
242,2,2025-02-03,4,2,leafinfo,petiolelength,엽병장,cm,16
242,2,2025-02-03,4,2,leafinfo,leafnumber,엽수,개,7
242,2,2025-02-03,4,2,steminfo,crowndiameter,관부직경,cm,2.5
242,2,2025-02-03,4,2,plantobjectinfo,fruitingnumber,착과수,개,6
251,2,2025-02-03,5,1,steminfo,plantheight,초장,cm,28
251,2,2025-02-03,5,1,leafinfo,leaflength,엽장,cm,12
251,2,2025-02-03,5,1,leafinfo,leafwidth,엽폭,cm,9
251,2,2025-02-03,5,1,leafinfo,petiolelength,엽병장,cm,17
251,2,2025-02-03,5,1,leafinfo,leafnumber,엽수,개,7
251,2,2025-02-03,5,1,steminfo,crowndiameter,관부직경,cm,2.3
251,2,2025-02-03,5,1,plantobjectinfo,fruitingnumber,착과수,개,6
252,2,2025-02-03,5,2,steminfo,plantheight,초장,cm,30
252,2,2025-02-03,5,2,leafinfo,leaflength,엽장,cm,12
252,2,2025-02-03,5,2,leafinfo,leafwidth,엽폭,cm,9
252,2,2025-02-03,5,2,leafinfo,petiolelength,엽병장,cm,18
252,2,2025-02-03,5,2,leafinfo,leafnumber,엽수,개,7
252,2,2025-02-03,5,2,steminfo,crowndiameter,관부직경,cm,2.5
252,2,2025-02-03,5,2,plantobjectinfo,fruitingnumber,착과수,개,5
311,3,2024-11-01,1,1,steminfo,plantheight,초장,cm,20
311,3,2024-11-01,1,1,leafinfo,leaflength,엽장,cm,9
311,3,2024-11-01,1,1,leafinfo,leafwidth,엽폭,cm,8
311,3,2024-11-01,1,1,leafinfo,petiolelength,엽병장,cm,11
311,3,2024-11-01,1,1,leafinfo,leafnumber,엽수,개,6
311,3,2024-11-01,1,1,steminfo,crowndiameter,관부직경,cm,1.5
311,3,2024-11-01,1,1,plantobjectinfo,fruitingnumber,착과수,개,0
312,3,2024-11-01,1,2,steminfo,plantheight,초장,cm,22
312,3,2024-11-01,1,2,leafinfo,leaflength,엽장,cm,10
312,3,2024-11-01,1,2,leafinfo,leafwidth,엽폭,cm,8
312,3,2024-11-01,1,2,leafinfo,petiolelength,엽병장,cm,13
312,3,2024-11-01,1,2,leafinfo,leafnumber,엽수,개,5
312,3,2024-11-01,1,2,steminfo,crowndiameter,관부직경,cm,2
312,3,2024-11-01,1,2,plantobjectinfo,fruitingnumber,착과수,개,0
321,3,2024-11-01,2,1,steminfo,plantheight,초장,cm,22
321,3,2024-11-01,2,1,leafinfo,leaflength,엽장,cm,11
321,3,2024-11-01,2,1,leafinfo,leafwidth,엽폭,cm,9
321,3,2024-11-01,2,1,leafinfo,petiolelength,엽병장,cm,8
321,3,2024-11-01,2,1,leafinfo,leafnumber,엽수,개,5
321,3,2024-11-01,2,1,steminfo,crowndiameter,관부직경,cm,2
321,3,2024-11-01,2,1,plantobjectinfo,fruitingnumber,착과수,개,0
322,3,2024-11-01,2,2,steminfo,plantheight,초장,cm,24
322,3,2024-11-01,2,2,leafinfo,leaflength,엽장,cm,10
322,3,2024-11-01,2,2,leafinfo,leafwidth,엽폭,cm,9
322,3,2024-11-01,2,2,leafinfo,petiolelength,엽병장,cm,13
322,3,2024-11-01,2,2,leafinfo,leafnumber,엽수,개,6
322,3,2024-11-01,2,2,steminfo,crowndiameter,관부직경,cm,2
322,3,2024-11-01,2,2,plantobjectinfo,fruitingnumber,착과수,개,0
331,3,2024-11-01,3,1,steminfo,plantheight,초장,cm,20
331,3,2024-11-01,3,1,leafinfo,leaflength,엽장,cm,10
331,3,2024-11-01,3,1,leafinfo,leafwidth,엽폭,cm,8
331,3,2024-11-01,3,1,leafinfo,petiolelength,엽병장,cm,11
331,3,2024-11-01,3,1,leafinfo,leafnumber,엽수,개,5
331,3,2024-11-01,3,1,steminfo,crowndiameter,관부직경,cm,1.5
331,3,2024-11-01,3,1,plantobjectinfo,fruitingnumber,착과수,개,0
332,3,2024-11-01,3,2,steminfo,plantheight,초장,cm,24
332,3,2024-11-01,3,2,leafinfo,leaflength,엽장,cm,10
332,3,2024-11-01,3,2,leafinfo,leafwidth,엽폭,cm,9
332,3,2024-11-01,3,2,leafinfo,petiolelength,엽병장,cm,14
332,3,2024-11-01,3,2,leafinfo,leafnumber,엽수,개,6
332,3,2024-11-01,3,2,steminfo,crowndiameter,관부직경,cm,2
332,3,2024-11-01,3,2,plantobjectinfo,fruitingnumber,착과수,개,2
341,3,2024-11-01,4,1,steminfo,plantheight,초장,cm,23
341,3,2024-11-01,4,1,leafinfo,leaflength,엽장,cm,9
341,3,2024-11-01,4,1,leafinfo,leafwidth,엽폭,cm,8
341,3,2024-11-01,4,1,leafinfo,petiolelength,엽병장,cm,14
341,3,2024-11-01,4,1,leafinfo,leafnumber,엽수,개,6
341,3,2024-11-01,4,1,steminfo,crowndiameter,관부직경,cm,2
341,3,2024-11-01,4,1,plantobjectinfo,fruitingnumber,착과수,개,0
342,3,2024-11-01,4,2,steminfo,plantheight,초장,cm,22
342,3,2024-11-01,4,2,leafinfo,leaflength,엽장,cm,9
342,3,2024-11-01,4,2,leafinfo,leafwidth,엽폭,cm,8
342,3,2024-11-01,4,2,leafinfo,petiolelength,엽병장,cm,13
342,3,2024-11-01,4,2,leafinfo,leafnumber,엽수,개,7
342,3,2024-11-01,4,2,steminfo,crowndiameter,관부직경,cm,1.5
342,3,2024-11-01,4,2,plantobjectinfo,fruitingnumber,착과수,개,0
351,3,2024-11-01,5,1,steminfo,plantheight,초장,cm,23
351,3,2024-11-01,5,1,leafinfo,leaflength,엽장,cm,9
351,3,2024-11-01,5,1,leafinfo,leafwidth,엽폭,cm,8
351,3,2024-11-01,5,1,leafinfo,petiolelength,엽병장,cm,14
351,3,2024-11-01,5,1,leafinfo,leafnumber,엽수,개,7
351,3,2024-11-01,5,1,steminfo,crowndiameter,관부직경,cm,1.5
351,3,2024-11-01,5,1,plantobjectinfo,fruitingnumber,착과수,개,0
352,3,2024-11-01,5,2,steminfo,plantheight,초장,cm,24
352,3,2024-11-01,5,2,leafinfo,leaflength,엽장,cm,10
352,3,2024-11-01,5,2,leafinfo,leafwidth,엽폭,cm,8
352,3,2024-11-01,5,2,leafinfo,petiolelength,엽병장,cm,13
352,3,2024-11-01,5,2,leafinfo,leafnumber,엽수,개,6
352,3,2024-11-01,5,2,steminfo,crowndiameter,관부직경,cm,1.5
352,3,2024-11-01,5,2,plantobjectinfo,fruitingnumber,착과수,개,0
311,3,2024-11-04,1,1,steminfo,plantheight,초장,cm,21
311,3,2024-11-04,1,1,leafinfo,leaflength,엽장,cm,10
311,3,2024-11-04,1,1,leafinfo,leafwidth,엽폭,cm,9
311,3,2024-11-04,1,1,leafinfo,petiolelength,엽병장,cm,11
311,3,2024-11-04,1,1,leafinfo,leafnumber,엽수,개,7
311,3,2024-11-04,1,1,steminfo,crowndiameter,관부직경,cm,1.5
311,3,2024-11-04,1,1,plantobjectinfo,fruitingnumber,착과수,개,0
312,3,2024-11-04,1,2,steminfo,plantheight,초장,cm,23
312,3,2024-11-04,1,2,leafinfo,leaflength,엽장,cm,11
312,3,2024-11-04,1,2,leafinfo,leafwidth,엽폭,cm,9
312,3,2024-11-04,1,2,leafinfo,petiolelength,엽병장,cm,12
312,3,2024-11-04,1,2,leafinfo,leafnumber,엽수,개,6
312,3,2024-11-04,1,2,steminfo,crowndiameter,관부직경,cm,2
312,3,2024-11-04,1,2,plantobjectinfo,fruitingnumber,착과수,개,0
321,3,2024-11-04,2,1,steminfo,plantheight,초장,cm,23
321,3,2024-11-04,2,1,leafinfo,leaflength,엽장,cm,12
321,3,2024-11-04,2,1,leafinfo,leafwidth,엽폭,cm,10
321,3,2024-11-04,2,1,leafinfo,petiolelength,엽병장,cm,11
321,3,2024-11-04,2,1,leafinfo,leafnumber,엽수,개,6
321,3,2024-11-04,2,1,steminfo,crowndiameter,관부직경,cm,2
321,3,2024-11-04,2,1,plantobjectinfo,fruitingnumber,착과수,개,0
322,3,2024-11-04,2,2,steminfo,plantheight,초장,cm,25
322,3,2024-11-04,2,2,leafinfo,leaflength,엽장,cm,11
322,3,2024-11-04,2,2,leafinfo,leafwidth,엽폭,cm,10
322,3,2024-11-04,2,2,leafinfo,petiolelength,엽병장,cm,14
322,3,2024-11-04,2,2,leafinfo,leafnumber,엽수,개,7
322,3,2024-11-04,2,2,steminfo,crowndiameter,관부직경,cm,2
322,3,2024-11-04,2,2,plantobjectinfo,fruitingnumber,착과수,개,0
331,3,2024-11-04,3,1,steminfo,plantheight,초장,cm,21
331,3,2024-11-04,3,1,leafinfo,leaflength,엽장,cm,11
331,3,2024-11-04,3,1,leafinfo,leafwidth,엽폭,cm,9
331,3,2024-11-04,3,1,leafinfo,petiolelength,엽병장,cm,10
331,3,2024-11-04,3,1,leafinfo,leafnumber,엽수,개,6
331,3,2024-11-04,3,1,steminfo,crowndiameter,관부직경,cm,1.5
331,3,2024-11-04,3,1,plantobjectinfo,fruitingnumber,착과수,개,0
332,3,2024-11-04,3,2,steminfo,plantheight,초장,cm,25
332,3,2024-11-04,3,2,leafinfo,leaflength,엽장,cm,11
332,3,2024-11-04,3,2,leafinfo,leafwidth,엽폭,cm,10
332,3,2024-11-04,3,2,leafinfo,petiolelength,엽병장,cm,14
332,3,2024-11-04,3,2,leafinfo,leafnumber,엽수,개,7
332,3,2024-11-04,3,2,steminfo,crowndiameter,관부직경,cm,2
332,3,2024-11-04,3,2,plantobjectinfo,fruitingnumber,착과수,개,1
341,3,2024-11-04,4,1,steminfo,plantheight,초장,cm,24
341,3,2024-11-04,4,1,leafinfo,leaflength,엽장,cm,10
341,3,2024-11-04,4,1,leafinfo,leafwidth,엽폭,cm,9
341,3,2024-11-04,4,1,leafinfo,petiolelength,엽병장,cm,14
341,3,2024-11-04,4,1,leafinfo,leafnumber,엽수,개,6
341,3,2024-11-04,4,1,steminfo,crowndiameter,관부직경,cm,2
341,3,2024-11-04,4,1,plantobjectinfo,fruitingnumber,착과수,개,0
342,3,2024-11-04,4,2,steminfo,plantheight,초장,cm,23
342,3,2024-11-04,4,2,leafinfo,leaflength,엽장,cm,10
342,3,2024-11-04,4,2,leafinfo,leafwidth,엽폭,cm,9
342,3,2024-11-04,4,2,leafinfo,petiolelength,엽병장,cm,13
342,3,2024-11-04,4,2,leafinfo,leafnumber,엽수,개,7
342,3,2024-11-04,4,2,steminfo,crowndiameter,관부직경,cm,1.5
342,3,2024-11-04,4,2,plantobjectinfo,fruitingnumber,착과수,개,0
351,3,2024-11-04,5,1,steminfo,plantheight,초장,cm,24
351,3,2024-11-04,5,1,leafinfo,leaflength,엽장,cm,10
351,3,2024-11-04,5,1,leafinfo,leafwidth,엽폭,cm,9
351,3,2024-11-04,5,1,leafinfo,petiolelength,엽병장,cm,14
351,3,2024-11-04,5,1,leafinfo,leafnumber,엽수,개,7
351,3,2024-11-04,5,1,steminfo,crowndiameter,관부직경,cm,1.5
351,3,2024-11-04,5,1,plantobjectinfo,fruitingnumber,착과수,개,0
352,3,2024-11-04,5,2,steminfo,plantheight,초장,cm,25
352,3,2024-11-04,5,2,leafinfo,leaflength,엽장,cm,11
352,3,2024-11-04,5,2,leafinfo,leafwidth,엽폭,cm,9
352,3,2024-11-04,5,2,leafinfo,petiolelength,엽병장,cm,14
352,3,2024-11-04,5,2,leafinfo,leafnumber,엽수,개,6
352,3,2024-11-04,5,2,steminfo,crowndiameter,관부직경,cm,1.5
352,3,2024-11-04,5,2,plantobjectinfo,fruitingnumber,착과수,개,0
311,3,2024-11-11,1,1,steminfo,plantheight,초장,cm,21
311,3,2024-11-11,1,1,leafinfo,leaflength,엽장,cm,10
311,3,2024-11-11,1,1,leafinfo,leafwidth,엽폭,cm,9
311,3,2024-11-11,1,1,leafinfo,petiolelength,엽병장,cm,11
311,3,2024-11-11,1,1,leafinfo,leafnumber,엽수,개,6
311,3,2024-11-11,1,1,steminfo,crowndiameter,관부직경,cm,1.5
311,3,2024-11-11,1,1,plantobjectinfo,fruitingnumber,착과수,개,0
312,3,2024-11-11,1,2,steminfo,plantheight,초장,cm,24
312,3,2024-11-11,1,2,leafinfo,leaflength,엽장,cm,11
312,3,2024-11-11,1,2,leafinfo,leafwidth,엽폭,cm,9
312,3,2024-11-11,1,2,leafinfo,petiolelength,엽병장,cm,13
312,3,2024-11-11,1,2,leafinfo,leafnumber,엽수,개,6
312,3,2024-11-11,1,2,steminfo,crowndiameter,관부직경,cm,2
312,3,2024-11-11,1,2,plantobjectinfo,fruitingnumber,착과수,개,0
321,3,2024-11-11,2,1,steminfo,plantheight,초장,cm,23
321,3,2024-11-11,2,1,leafinfo,leaflength,엽장,cm,12
321,3,2024-11-11,2,1,leafinfo,leafwidth,엽폭,cm,10
321,3,2024-11-11,2,1,leafinfo,petiolelength,엽병장,cm,11
321,3,2024-11-11,2,1,leafinfo,leafnumber,엽수,개,6
321,3,2024-11-11,2,1,steminfo,crowndiameter,관부직경,cm,2
321,3,2024-11-11,2,1,plantobjectinfo,fruitingnumber,착과수,개,0
322,3,2024-11-11,2,2,steminfo,plantheight,초장,cm,26
322,3,2024-11-11,2,2,leafinfo,leaflength,엽장,cm,11
322,3,2024-11-11,2,2,leafinfo,leafwidth,엽폭,cm,10
322,3,2024-11-11,2,2,leafinfo,petiolelength,엽병장,cm,15
322,3,2024-11-11,2,2,leafinfo,leafnumber,엽수,개,6
322,3,2024-11-11,2,2,steminfo,crowndiameter,관부직경,cm,2
322,3,2024-11-11,2,2,plantobjectinfo,fruitingnumber,착과수,개,0
331,3,2024-11-11,3,1,steminfo,plantheight,초장,cm,21
331,3,2024-11-11,3,1,leafinfo,leaflength,엽장,cm,11
331,3,2024-11-11,3,1,leafinfo,leafwidth,엽폭,cm,9
331,3,2024-11-11,3,1,leafinfo,petiolelength,엽병장,cm,10
331,3,2024-11-11,3,1,leafinfo,leafnumber,엽수,개,6
331,3,2024-11-11,3,1,steminfo,crowndiameter,관부직경,cm,1.5
331,3,2024-11-11,3,1,plantobjectinfo,fruitingnumber,착과수,개,0
332,3,2024-11-11,3,2,steminfo,plantheight,초장,cm,25
332,3,2024-11-11,3,2,leafinfo,leaflength,엽장,cm,11
332,3,2024-11-11,3,2,leafinfo,leafwidth,엽폭,cm,10
332,3,2024-11-11,3,2,leafinfo,petiolelength,엽병장,cm,14
332,3,2024-11-11,3,2,leafinfo,leafnumber,엽수,개,6
332,3,2024-11-11,3,2,steminfo,crowndiameter,관부직경,cm,2
332,3,2024-11-11,3,2,plantobjectinfo,fruitingnumber,착과수,개,3
341,3,2024-11-11,4,1,steminfo,plantheight,초장,cm,24
341,3,2024-11-11,4,1,leafinfo,leaflength,엽장,cm,10
341,3,2024-11-11,4,1,leafinfo,leafwidth,엽폭,cm,9
341,3,2024-11-11,4,1,leafinfo,petiolelength,엽병장,cm,14
341,3,2024-11-11,4,1,leafinfo,leafnumber,엽수,개,6
341,3,2024-11-11,4,1,steminfo,crowndiameter,관부직경,cm,2
341,3,2024-11-11,4,1,plantobjectinfo,fruitingnumber,착과수,개,0
342,3,2024-11-11,4,2,steminfo,plantheight,초장,cm,23
342,3,2024-11-11,4,2,leafinfo,leaflength,엽장,cm,10
342,3,2024-11-11,4,2,leafinfo,leafwidth,엽폭,cm,9
342,3,2024-11-11,4,2,leafinfo,petiolelength,엽병장,cm,13
342,3,2024-11-11,4,2,leafinfo,leafnumber,엽수,개,6
342,3,2024-11-11,4,2,steminfo,crowndiameter,관부직경,cm,1.5
342,3,2024-11-11,4,2,plantobjectinfo,fruitingnumber,착과수,개,0
351,3,2024-11-11,5,1,steminfo,plantheight,초장,cm,25
351,3,2024-11-11,5,1,leafinfo,leaflength,엽장,cm,10
351,3,2024-11-11,5,1,leafinfo,leafwidth,엽폭,cm,9
351,3,2024-11-11,5,1,leafinfo,petiolelength,엽병장,cm,15
351,3,2024-11-11,5,1,leafinfo,leafnumber,엽수,개,6
351,3,2024-11-11,5,1,steminfo,crowndiameter,관부직경,cm,1.5
351,3,2024-11-11,5,1,plantobjectinfo,fruitingnumber,착과수,개,0
352,3,2024-11-11,5,2,steminfo,plantheight,초장,cm,25
352,3,2024-11-11,5,2,leafinfo,leaflength,엽장,cm,11
352,3,2024-11-11,5,2,leafinfo,leafwidth,엽폭,cm,9
352,3,2024-11-11,5,2,leafinfo,petiolelength,엽병장,cm,14
352,3,2024-11-11,5,2,leafinfo,leafnumber,엽수,개,5
352,3,2024-11-11,5,2,steminfo,crowndiameter,관부직경,cm,1.5
352,3,2024-11-11,5,2,plantobjectinfo,fruitingnumber,착과수,개,0
311,3,2024-11-18,1,1,steminfo,plantheight,초장,cm,23
311,3,2024-11-18,1,1,leafinfo,leaflength,엽장,cm,10
311,3,2024-11-18,1,1,leafinfo,leafwidth,엽폭,cm,9
311,3,2024-11-18,1,1,leafinfo,petiolelength,엽병장,cm,13
311,3,2024-11-18,1,1,leafinfo,leafnumber,엽수,개,7
311,3,2024-11-18,1,1,steminfo,crowndiameter,관부직경,cm,1.5
311,3,2024-11-18,1,1,plantobjectinfo,fruitingnumber,착과수,개,0
312,3,2024-11-18,1,2,steminfo,plantheight,초장,cm,24
312,3,2024-11-18,1,2,leafinfo,leaflength,엽장,cm,11
312,3,2024-11-18,1,2,leafinfo,leafwidth,엽폭,cm,9
312,3,2024-11-18,1,2,leafinfo,petiolelength,엽병장,cm,13
312,3,2024-11-18,1,2,leafinfo,leafnumber,엽수,개,7
312,3,2024-11-18,1,2,steminfo,crowndiameter,관부직경,cm,2
312,3,2024-11-18,1,2,plantobjectinfo,fruitingnumber,착과수,개,0
321,3,2024-11-18,2,1,steminfo,plantheight,초장,cm,24
321,3,2024-11-18,2,1,leafinfo,leaflength,엽장,cm,12
321,3,2024-11-18,2,1,leafinfo,leafwidth,엽폭,cm,10
321,3,2024-11-18,2,1,leafinfo,petiolelength,엽병장,cm,12
321,3,2024-11-18,2,1,leafinfo,leafnumber,엽수,개,7
321,3,2024-11-18,2,1,steminfo,crowndiameter,관부직경,cm,2
321,3,2024-11-18,2,1,plantobjectinfo,fruitingnumber,착과수,개,0
322,3,2024-11-18,2,2,steminfo,plantheight,초장,cm,26
322,3,2024-11-18,2,2,leafinfo,leaflength,엽장,cm,11
322,3,2024-11-18,2,2,leafinfo,leafwidth,엽폭,cm,10
322,3,2024-11-18,2,2,leafinfo,petiolelength,엽병장,cm,15
322,3,2024-11-18,2,2,leafinfo,leafnumber,엽수,개,7
322,3,2024-11-18,2,2,steminfo,crowndiameter,관부직경,cm,2
322,3,2024-11-18,2,2,plantobjectinfo,fruitingnumber,착과수,개,0
331,3,2024-11-18,3,1,steminfo,plantheight,초장,cm,22
331,3,2024-11-18,3,1,leafinfo,leaflength,엽장,cm,11
331,3,2024-11-18,3,1,leafinfo,leafwidth,엽폭,cm,9
331,3,2024-11-18,3,1,leafinfo,petiolelength,엽병장,cm,12
331,3,2024-11-18,3,1,leafinfo,leafnumber,엽수,개,7
331,3,2024-11-18,3,1,steminfo,crowndiameter,관부직경,cm,1.5
331,3,2024-11-18,3,1,plantobjectinfo,fruitingnumber,착과수,개,0
332,3,2024-11-18,3,2,steminfo,plantheight,초장,cm,26
332,3,2024-11-18,3,2,leafinfo,leaflength,엽장,cm,11
332,3,2024-11-18,3,2,leafinfo,leafwidth,엽폭,cm,10
332,3,2024-11-18,3,2,leafinfo,petiolelength,엽병장,cm,15
332,3,2024-11-18,3,2,leafinfo,leafnumber,엽수,개,6
332,3,2024-11-18,3,2,steminfo,crowndiameter,관부직경,cm,2
332,3,2024-11-18,3,2,plantobjectinfo,fruitingnumber,착과수,개,5
341,3,2024-11-18,4,1,steminfo,plantheight,초장,cm,25
341,3,2024-11-18,4,1,leafinfo,leaflength,엽장,cm,10
341,3,2024-11-18,4,1,leafinfo,leafwidth,엽폭,cm,9
341,3,2024-11-18,4,1,leafinfo,petiolelength,엽병장,cm,15
341,3,2024-11-18,4,1,leafinfo,leafnumber,엽수,개,7
341,3,2024-11-18,4,1,steminfo,crowndiameter,관부직경,cm,2
341,3,2024-11-18,4,1,plantobjectinfo,fruitingnumber,착과수,개,1
342,3,2024-11-18,4,2,steminfo,plantheight,초장,cm,25
342,3,2024-11-18,4,2,leafinfo,leaflength,엽장,cm,10
342,3,2024-11-18,4,2,leafinfo,leafwidth,엽폭,cm,9
342,3,2024-11-18,4,2,leafinfo,petiolelength,엽병장,cm,15
342,3,2024-11-18,4,2,leafinfo,leafnumber,엽수,개,6
342,3,2024-11-18,4,2,steminfo,crowndiameter,관부직경,cm,1.5
342,3,2024-11-18,4,2,plantobjectinfo,fruitingnumber,착과수,개,1
351,3,2024-11-18,5,1,steminfo,plantheight,초장,cm,26
351,3,2024-11-18,5,1,leafinfo,leaflength,엽장,cm,10
351,3,2024-11-18,5,1,leafinfo,leafwidth,엽폭,cm,9
351,3,2024-11-18,5,1,leafinfo,petiolelength,엽병장,cm,16
351,3,2024-11-18,5,1,leafinfo,leafnumber,엽수,개,6
351,3,2024-11-18,5,1,steminfo,crowndiameter,관부직경,cm,1.5
351,3,2024-11-18,5,1,plantobjectinfo,fruitingnumber,착과수,개,1
352,3,2024-11-18,5,2,steminfo,plantheight,초장,cm,25
352,3,2024-11-18,5,2,leafinfo,leaflength,엽장,cm,11
352,3,2024-11-18,5,2,leafinfo,leafwidth,엽폭,cm,9
352,3,2024-11-18,5,2,leafinfo,petiolelength,엽병장,cm,14
352,3,2024-11-18,5,2,leafinfo,leafnumber,엽수,개,5
352,3,2024-11-18,5,2,steminfo,crowndiameter,관부직경,cm,1.5
352,3,2024-11-18,5,2,plantobjectinfo,fruitingnumber,착과수,개,0
311,3,2024-11-25,1,1,steminfo,plantheight,초장,cm,24
311,3,2024-11-25,1,1,leafinfo,leaflength,엽장,cm,10
311,3,2024-11-25,1,1,leafinfo,leafwidth,엽폭,cm,9
311,3,2024-11-25,1,1,leafinfo,petiolelength,엽병장,cm,14
311,3,2024-11-25,1,1,leafinfo,leafnumber,엽수,개,7
311,3,2024-11-25,1,1,steminfo,crowndiameter,관부직경,cm,1.5
311,3,2024-11-25,1,1,plantobjectinfo,fruitingnumber,착과수,개,1
312,3,2024-11-25,1,2,steminfo,plantheight,초장,cm,24
312,3,2024-11-25,1,2,leafinfo,leaflength,엽장,cm,11
312,3,2024-11-25,1,2,leafinfo,leafwidth,엽폭,cm,9
312,3,2024-11-25,1,2,leafinfo,petiolelength,엽병장,cm,13
312,3,2024-11-25,1,2,leafinfo,leafnumber,엽수,개,7
312,3,2024-11-25,1,2,steminfo,crowndiameter,관부직경,cm,2
312,3,2024-11-25,1,2,plantobjectinfo,fruitingnumber,착과수,개,3
321,3,2024-11-25,2,1,steminfo,plantheight,초장,cm,24
321,3,2024-11-25,2,1,leafinfo,leaflength,엽장,cm,12
321,3,2024-11-25,2,1,leafinfo,leafwidth,엽폭,cm,10
321,3,2024-11-25,2,1,leafinfo,petiolelength,엽병장,cm,12
321,3,2024-11-25,2,1,leafinfo,leafnumber,엽수,개,7
321,3,2024-11-25,2,1,steminfo,crowndiameter,관부직경,cm,2
321,3,2024-11-25,2,1,plantobjectinfo,fruitingnumber,착과수,개,3
322,3,2024-11-25,2,2,steminfo,plantheight,초장,cm,27
322,3,2024-11-25,2,2,leafinfo,leaflength,엽장,cm,11
322,3,2024-11-25,2,2,leafinfo,leafwidth,엽폭,cm,10
322,3,2024-11-25,2,2,leafinfo,petiolelength,엽병장,cm,16
322,3,2024-11-25,2,2,leafinfo,leafnumber,엽수,개,7
322,3,2024-11-25,2,2,steminfo,crowndiameter,관부직경,cm,2
322,3,2024-11-25,2,2,plantobjectinfo,fruitingnumber,착과수,개,2
331,3,2024-11-25,3,1,steminfo,plantheight,초장,cm,23
331,3,2024-11-25,3,1,leafinfo,leaflength,엽장,cm,11
331,3,2024-11-25,3,1,leafinfo,leafwidth,엽폭,cm,9
331,3,2024-11-25,3,1,leafinfo,petiolelength,엽병장,cm,12
331,3,2024-11-25,3,1,leafinfo,leafnumber,엽수,개,7
331,3,2024-11-25,3,1,steminfo,crowndiameter,관부직경,cm,1.5
331,3,2024-11-25,3,1,plantobjectinfo,fruitingnumber,착과수,개,2
332,3,2024-11-25,3,2,steminfo,plantheight,초장,cm,27
332,3,2024-11-25,3,2,leafinfo,leaflength,엽장,cm,11
332,3,2024-11-25,3,2,leafinfo,leafwidth,엽폭,cm,10
332,3,2024-11-25,3,2,leafinfo,petiolelength,엽병장,cm,16
332,3,2024-11-25,3,2,leafinfo,leafnumber,엽수,개,6
332,3,2024-11-25,3,2,steminfo,crowndiameter,관부직경,cm,2
332,3,2024-11-25,3,2,plantobjectinfo,fruitingnumber,착과수,개,7
341,3,2024-11-25,4,1,steminfo,plantheight,초장,cm,26
341,3,2024-11-25,4,1,leafinfo,leaflength,엽장,cm,10
341,3,2024-11-25,4,1,leafinfo,leafwidth,엽폭,cm,9
341,3,2024-11-25,4,1,leafinfo,petiolelength,엽병장,cm,16
341,3,2024-11-25,4,1,leafinfo,leafnumber,엽수,개,7
341,3,2024-11-25,4,1,steminfo,crowndiameter,관부직경,cm,2
341,3,2024-11-25,4,1,plantobjectinfo,fruitingnumber,착과수,개,5
342,3,2024-11-25,4,2,steminfo,plantheight,초장,cm,25
342,3,2024-11-25,4,2,leafinfo,leaflength,엽장,cm,10
342,3,2024-11-25,4,2,leafinfo,leafwidth,엽폭,cm,9
342,3,2024-11-25,4,2,leafinfo,petiolelength,엽병장,cm,15
342,3,2024-11-25,4,2,leafinfo,leafnumber,엽수,개,6
342,3,2024-11-25,4,2,steminfo,crowndiameter,관부직경,cm,1.5
342,3,2024-11-25,4,2,plantobjectinfo,fruitingnumber,착과수,개,7
351,3,2024-11-25,5,1,steminfo,plantheight,초장,cm,26
351,3,2024-11-25,5,1,leafinfo,leaflength,엽장,cm,10
351,3,2024-11-25,5,1,leafinfo,leafwidth,엽폭,cm,9
351,3,2024-11-25,5,1,leafinfo,petiolelength,엽병장,cm,16
351,3,2024-11-25,5,1,leafinfo,leafnumber,엽수,개,6
351,3,2024-11-25,5,1,steminfo,crowndiameter,관부직경,cm,1.5
351,3,2024-11-25,5,1,plantobjectinfo,fruitingnumber,착과수,개,3
352,3,2024-11-25,5,2,steminfo,plantheight,초장,cm,26
352,3,2024-11-25,5,2,leafinfo,leaflength,엽장,cm,11
352,3,2024-11-25,5,2,leafinfo,leafwidth,엽폭,cm,9
352,3,2024-11-25,5,2,leafinfo,petiolelength,엽병장,cm,15
352,3,2024-11-25,5,2,leafinfo,leafnumber,엽수,개,5
352,3,2024-11-25,5,2,steminfo,crowndiameter,관부직경,cm,1.5
352,3,2024-11-25,5,2,plantobjectinfo,fruitingnumber,착과수,개,6
311,3,2024-12-02,1,1,steminfo,plantheight,초장,cm,25
311,3,2024-12-02,1,1,leafinfo,leaflength,엽장,cm,11
311,3,2024-12-02,1,1,leafinfo,leafwidth,엽폭,cm,9
311,3,2024-12-02,1,1,leafinfo,petiolelength,엽병장,cm,14
311,3,2024-12-02,1,1,leafinfo,leafnumber,엽수,개,6
311,3,2024-12-02,1,1,steminfo,crowndiameter,관부직경,cm,1.5
311,3,2024-12-02,1,1,plantobjectinfo,fruitingnumber,착과수,개,6
312,3,2024-12-02,1,2,steminfo,plantheight,초장,cm,25
312,3,2024-12-02,1,2,leafinfo,leaflength,엽장,cm,12
312,3,2024-12-02,1,2,leafinfo,leafwidth,엽폭,cm,9
312,3,2024-12-02,1,2,leafinfo,petiolelength,엽병장,cm,13
312,3,2024-12-02,1,2,leafinfo,leafnumber,엽수,개,7
312,3,2024-12-02,1,2,steminfo,crowndiameter,관부직경,cm,2
312,3,2024-12-02,1,2,plantobjectinfo,fruitingnumber,착과수,개,5
321,3,2024-12-02,2,1,steminfo,plantheight,초장,cm,25
321,3,2024-12-02,2,1,leafinfo,leaflength,엽장,cm,12
321,3,2024-12-02,2,1,leafinfo,leafwidth,엽폭,cm,10
321,3,2024-12-02,2,1,leafinfo,petiolelength,엽병장,cm,13
321,3,2024-12-02,2,1,leafinfo,leafnumber,엽수,개,6
321,3,2024-12-02,2,1,steminfo,crowndiameter,관부직경,cm,2
321,3,2024-12-02,2,1,plantobjectinfo,fruitingnumber,착과수,개,6
322,3,2024-12-02,2,2,steminfo,plantheight,초장,cm,27
322,3,2024-12-02,2,2,leafinfo,leaflength,엽장,cm,11
322,3,2024-12-02,2,2,leafinfo,leafwidth,엽폭,cm,10
322,3,2024-12-02,2,2,leafinfo,petiolelength,엽병장,cm,16
322,3,2024-12-02,2,2,leafinfo,leafnumber,엽수,개,6
322,3,2024-12-02,2,2,steminfo,crowndiameter,관부직경,cm,2
322,3,2024-12-02,2,2,plantobjectinfo,fruitingnumber,착과수,개,6
331,3,2024-12-02,3,1,steminfo,plantheight,초장,cm,24
331,3,2024-12-02,3,1,leafinfo,leaflength,엽장,cm,11
331,3,2024-12-02,3,1,leafinfo,leafwidth,엽폭,cm,9
331,3,2024-12-02,3,1,leafinfo,petiolelength,엽병장,cm,13
331,3,2024-12-02,3,1,leafinfo,leafnumber,엽수,개,7
331,3,2024-12-02,3,1,steminfo,crowndiameter,관부직경,cm,2
331,3,2024-12-02,3,1,plantobjectinfo,fruitingnumber,착과수,개,6
332,3,2024-12-02,3,2,steminfo,plantheight,초장,cm,28
332,3,2024-12-02,3,2,leafinfo,leaflength,엽장,cm,12
332,3,2024-12-02,3,2,leafinfo,leafwidth,엽폭,cm,10
332,3,2024-12-02,3,2,leafinfo,petiolelength,엽병장,cm,16
332,3,2024-12-02,3,2,leafinfo,leafnumber,엽수,개,6
332,3,2024-12-02,3,2,steminfo,crowndiameter,관부직경,cm,2
332,3,2024-12-02,3,2,plantobjectinfo,fruitingnumber,착과수,개,7
341,3,2024-12-02,4,1,steminfo,plantheight,초장,cm,27
341,3,2024-12-02,4,1,leafinfo,leaflength,엽장,cm,10
341,3,2024-12-02,4,1,leafinfo,leafwidth,엽폭,cm,9
341,3,2024-12-02,4,1,leafinfo,petiolelength,엽병장,cm,17
341,3,2024-12-02,4,1,leafinfo,leafnumber,엽수,개,7
341,3,2024-12-02,4,1,steminfo,crowndiameter,관부직경,cm,2
341,3,2024-12-02,4,1,plantobjectinfo,fruitingnumber,착과수,개,6
342,3,2024-12-02,4,2,steminfo,plantheight,초장,cm,25
342,3,2024-12-02,4,2,leafinfo,leaflength,엽장,cm,10
342,3,2024-12-02,4,2,leafinfo,leafwidth,엽폭,cm,9
342,3,2024-12-02,4,2,leafinfo,petiolelength,엽병장,cm,15
342,3,2024-12-02,4,2,leafinfo,leafnumber,엽수,개,7
342,3,2024-12-02,4,2,steminfo,crowndiameter,관부직경,cm,1.5
342,3,2024-12-02,4,2,plantobjectinfo,fruitingnumber,착과수,개,8
351,3,2024-12-02,5,1,steminfo,plantheight,초장,cm,27
351,3,2024-12-02,5,1,leafinfo,leaflength,엽장,cm,10
351,3,2024-12-02,5,1,leafinfo,leafwidth,엽폭,cm,9
351,3,2024-12-02,5,1,leafinfo,petiolelength,엽병장,cm,17
351,3,2024-12-02,5,1,leafinfo,leafnumber,엽수,개,6
351,3,2024-12-02,5,1,steminfo,crowndiameter,관부직경,cm,2
351,3,2024-12-02,5,1,plantobjectinfo,fruitingnumber,착과수,개,5
352,3,2024-12-02,5,2,steminfo,plantheight,초장,cm,26
352,3,2024-12-02,5,2,leafinfo,leaflength,엽장,cm,11
352,3,2024-12-02,5,2,leafinfo,leafwidth,엽폭,cm,9
352,3,2024-12-02,5,2,leafinfo,petiolelength,엽병장,cm,15
352,3,2024-12-02,5,2,leafinfo,leafnumber,엽수,개,5
352,3,2024-12-02,5,2,steminfo,crowndiameter,관부직경,cm,1.5
352,3,2024-12-02,5,2,plantobjectinfo,fruitingnumber,착과수,개,6
311,3,2024-12-09,1,1,steminfo,plantheight,초장,cm,25
311,3,2024-12-09,1,1,leafinfo,leaflength,엽장,cm,11
311,3,2024-12-09,1,1,leafinfo,leafwidth,엽폭,cm,9
311,3,2024-12-09,1,1,leafinfo,petiolelength,엽병장,cm,14
311,3,2024-12-09,1,1,leafinfo,leafnumber,엽수,개,6
311,3,2024-12-09,1,1,steminfo,crowndiameter,관부직경,cm,1.5
311,3,2024-12-09,1,1,plantobjectinfo,fruitingnumber,착과수,개,8
312,3,2024-12-09,1,2,steminfo,plantheight,초장,cm,25
312,3,2024-12-09,1,2,leafinfo,leaflength,엽장,cm,12
312,3,2024-12-09,1,2,leafinfo,leafwidth,엽폭,cm,9
312,3,2024-12-09,1,2,leafinfo,petiolelength,엽병장,cm,13
312,3,2024-12-09,1,2,leafinfo,leafnumber,엽수,개,7
312,3,2024-12-09,1,2,steminfo,crowndiameter,관부직경,cm,2
312,3,2024-12-09,1,2,plantobjectinfo,fruitingnumber,착과수,개,7
321,3,2024-12-09,2,1,steminfo,plantheight,초장,cm,25
321,3,2024-12-09,2,1,leafinfo,leaflength,엽장,cm,12
321,3,2024-12-09,2,1,leafinfo,leafwidth,엽폭,cm,10
321,3,2024-12-09,2,1,leafinfo,petiolelength,엽병장,cm,13
321,3,2024-12-09,2,1,leafinfo,leafnumber,엽수,개,6
321,3,2024-12-09,2,1,steminfo,crowndiameter,관부직경,cm,2
321,3,2024-12-09,2,1,plantobjectinfo,fruitingnumber,착과수,개,8
322,3,2024-12-09,2,2,steminfo,plantheight,초장,cm,27
322,3,2024-12-09,2,2,leafinfo,leaflength,엽장,cm,11
322,3,2024-12-09,2,2,leafinfo,leafwidth,엽폭,cm,10
322,3,2024-12-09,2,2,leafinfo,petiolelength,엽병장,cm,16
322,3,2024-12-09,2,2,leafinfo,leafnumber,엽수,개,6
322,3,2024-12-09,2,2,steminfo,crowndiameter,관부직경,cm,2
322,3,2024-12-09,2,2,plantobjectinfo,fruitingnumber,착과수,개,7
331,3,2024-12-09,3,1,steminfo,plantheight,초장,cm,24
331,3,2024-12-09,3,1,leafinfo,leaflength,엽장,cm,11
331,3,2024-12-09,3,1,leafinfo,leafwidth,엽폭,cm,9
331,3,2024-12-09,3,1,leafinfo,petiolelength,엽병장,cm,13
331,3,2024-12-09,3,1,leafinfo,leafnumber,엽수,개,7
331,3,2024-12-09,3,1,steminfo,crowndiameter,관부직경,cm,2
331,3,2024-12-09,3,1,plantobjectinfo,fruitingnumber,착과수,개,8
332,3,2024-12-09,3,2,steminfo,plantheight,초장,cm,28
332,3,2024-12-09,3,2,leafinfo,leaflength,엽장,cm,12
332,3,2024-12-09,3,2,leafinfo,leafwidth,엽폭,cm,10
332,3,2024-12-09,3,2,leafinfo,petiolelength,엽병장,cm,16
332,3,2024-12-09,3,2,leafinfo,leafnumber,엽수,개,6
332,3,2024-12-09,3,2,steminfo,crowndiameter,관부직경,cm,2
332,3,2024-12-09,3,2,plantobjectinfo,fruitingnumber,착과수,개,8
341,3,2024-12-09,4,1,steminfo,plantheight,초장,cm,27
341,3,2024-12-09,4,1,leafinfo,leaflength,엽장,cm,10
341,3,2024-12-09,4,1,leafinfo,leafwidth,엽폭,cm,9
341,3,2024-12-09,4,1,leafinfo,petiolelength,엽병장,cm,17
341,3,2024-12-09,4,1,leafinfo,leafnumber,엽수,개,7
341,3,2024-12-09,4,1,steminfo,crowndiameter,관부직경,cm,2
341,3,2024-12-09,4,1,plantobjectinfo,fruitingnumber,착과수,개,6
342,3,2024-12-09,4,2,steminfo,plantheight,초장,cm,26
342,3,2024-12-09,4,2,leafinfo,leaflength,엽장,cm,10
342,3,2024-12-09,4,2,leafinfo,leafwidth,엽폭,cm,9
342,3,2024-12-09,4,2,leafinfo,petiolelength,엽병장,cm,16
342,3,2024-12-09,4,2,leafinfo,leafnumber,엽수,개,7
342,3,2024-12-09,4,2,steminfo,crowndiameter,관부직경,cm,1.5
342,3,2024-12-09,4,2,plantobjectinfo,fruitingnumber,착과수,개,8
351,3,2024-12-09,5,1,steminfo,plantheight,초장,cm,27
351,3,2024-12-09,5,1,leafinfo,leaflength,엽장,cm,10
351,3,2024-12-09,5,1,leafinfo,leafwidth,엽폭,cm,9
351,3,2024-12-09,5,1,leafinfo,petiolelength,엽병장,cm,17
351,3,2024-12-09,5,1,leafinfo,leafnumber,엽수,개,6
351,3,2024-12-09,5,1,steminfo,crowndiameter,관부직경,cm,2
351,3,2024-12-09,5,1,plantobjectinfo,fruitingnumber,착과수,개,5
352,3,2024-12-09,5,2,steminfo,plantheight,초장,cm,26
352,3,2024-12-09,5,2,leafinfo,leaflength,엽장,cm,11
352,3,2024-12-09,5,2,leafinfo,leafwidth,엽폭,cm,9
352,3,2024-12-09,5,2,leafinfo,petiolelength,엽병장,cm,15
352,3,2024-12-09,5,2,leafinfo,leafnumber,엽수,개,5
352,3,2024-12-09,5,2,steminfo,crowndiameter,관부직경,cm,1.5
352,3,2024-12-09,5,2,plantobjectinfo,fruitingnumber,착과수,개,6
311,3,2024-12-16,1,1,steminfo,plantheight,초장,cm,25
311,3,2024-12-16,1,1,leafinfo,leaflength,엽장,cm,11
311,3,2024-12-16,1,1,leafinfo,leafwidth,엽폭,cm,9
311,3,2024-12-16,1,1,leafinfo,petiolelength,엽병장,cm,14
311,3,2024-12-16,1,1,leafinfo,leafnumber,엽수,개,6
311,3,2024-12-16,1,1,steminfo,crowndiameter,관부직경,cm,2
311,3,2024-12-16,1,1,plantobjectinfo,fruitingnumber,착과수,개,6
312,3,2024-12-16,1,2,steminfo,plantheight,초장,cm,25
312,3,2024-12-16,1,2,leafinfo,leaflength,엽장,cm,12
312,3,2024-12-16,1,2,leafinfo,leafwidth,엽폭,cm,9
312,3,2024-12-16,1,2,leafinfo,petiolelength,엽병장,cm,13
312,3,2024-12-16,1,2,leafinfo,leafnumber,엽수,개,7
312,3,2024-12-16,1,2,steminfo,crowndiameter,관부직경,cm,2.5
312,3,2024-12-16,1,2,plantobjectinfo,fruitingnumber,착과수,개,5
321,3,2024-12-16,2,1,steminfo,plantheight,초장,cm,25
321,3,2024-12-16,2,1,leafinfo,leaflength,엽장,cm,12
321,3,2024-12-16,2,1,leafinfo,leafwidth,엽폭,cm,10
321,3,2024-12-16,2,1,leafinfo,petiolelength,엽병장,cm,13
321,3,2024-12-16,2,1,leafinfo,leafnumber,엽수,개,6
321,3,2024-12-16,2,1,steminfo,crowndiameter,관부직경,cm,2
321,3,2024-12-16,2,1,plantobjectinfo,fruitingnumber,착과수,개,6
322,3,2024-12-16,2,2,steminfo,plantheight,초장,cm,27
322,3,2024-12-16,2,2,leafinfo,leaflength,엽장,cm,11
322,3,2024-12-16,2,2,leafinfo,leafwidth,엽폭,cm,10
322,3,2024-12-16,2,2,leafinfo,petiolelength,엽병장,cm,16
322,3,2024-12-16,2,2,leafinfo,leafnumber,엽수,개,6
322,3,2024-12-16,2,2,steminfo,crowndiameter,관부직경,cm,2
322,3,2024-12-16,2,2,plantobjectinfo,fruitingnumber,착과수,개,6
331,3,2024-12-16,3,1,steminfo,plantheight,초장,cm,24
331,3,2024-12-16,3,1,leafinfo,leaflength,엽장,cm,11
331,3,2024-12-16,3,1,leafinfo,leafwidth,엽폭,cm,9
331,3,2024-12-16,3,1,leafinfo,petiolelength,엽병장,cm,13
331,3,2024-12-16,3,1,leafinfo,leafnumber,엽수,개,7
331,3,2024-12-16,3,1,steminfo,crowndiameter,관부직경,cm,2
331,3,2024-12-16,3,1,plantobjectinfo,fruitingnumber,착과수,개,6
332,3,2024-12-16,3,2,steminfo,plantheight,초장,cm,28
332,3,2024-12-16,3,2,leafinfo,leaflength,엽장,cm,12
332,3,2024-12-16,3,2,leafinfo,leafwidth,엽폭,cm,10
332,3,2024-12-16,3,2,leafinfo,petiolelength,엽병장,cm,16
332,3,2024-12-16,3,2,leafinfo,leafnumber,엽수,개,6
332,3,2024-12-16,3,2,steminfo,crowndiameter,관부직경,cm,2
332,3,2024-12-16,3,2,plantobjectinfo,fruitingnumber,착과수,개,7
341,3,2024-12-16,4,1,steminfo,plantheight,초장,cm,27
341,3,2024-12-16,4,1,leafinfo,leaflength,엽장,cm,10
341,3,2024-12-16,4,1,leafinfo,leafwidth,엽폭,cm,9
341,3,2024-12-16,4,1,leafinfo,petiolelength,엽병장,cm,17
341,3,2024-12-16,4,1,leafinfo,leafnumber,엽수,개,7
341,3,2024-12-16,4,1,steminfo,crowndiameter,관부직경,cm,2
341,3,2024-12-16,4,1,plantobjectinfo,fruitingnumber,착과수,개,5
342,3,2024-12-16,4,2,steminfo,plantheight,초장,cm,26
342,3,2024-12-16,4,2,leafinfo,leaflength,엽장,cm,10
342,3,2024-12-16,4,2,leafinfo,leafwidth,엽폭,cm,9
342,3,2024-12-16,4,2,leafinfo,petiolelength,엽병장,cm,16
342,3,2024-12-16,4,2,leafinfo,leafnumber,엽수,개,7
342,3,2024-12-16,4,2,steminfo,crowndiameter,관부직경,cm,2
342,3,2024-12-16,4,2,plantobjectinfo,fruitingnumber,착과수,개,7
351,3,2024-12-16,5,1,steminfo,plantheight,초장,cm,27
351,3,2024-12-16,5,1,leafinfo,leaflength,엽장,cm,10
351,3,2024-12-16,5,1,leafinfo,leafwidth,엽폭,cm,9
351,3,2024-12-16,5,1,leafinfo,petiolelength,엽병장,cm,17
351,3,2024-12-16,5,1,leafinfo,leafnumber,엽수,개,6
351,3,2024-12-16,5,1,steminfo,crowndiameter,관부직경,cm,2
351,3,2024-12-16,5,1,plantobjectinfo,fruitingnumber,착과수,개,4
352,3,2024-12-16,5,2,steminfo,plantheight,초장,cm,26
352,3,2024-12-16,5,2,leafinfo,leaflength,엽장,cm,11
352,3,2024-12-16,5,2,leafinfo,leafwidth,엽폭,cm,9
352,3,2024-12-16,5,2,leafinfo,petiolelength,엽병장,cm,15
352,3,2024-12-16,5,2,leafinfo,leafnumber,엽수,개,5
352,3,2024-12-16,5,2,steminfo,crowndiameter,관부직경,cm,2
352,3,2024-12-16,5,2,plantobjectinfo,fruitingnumber,착과수,개,5
311,3,2024-12-23,1,1,steminfo,plantheight,초장,cm,25
311,3,2024-12-23,1,1,leafinfo,leaflength,엽장,cm,11
311,3,2024-12-23,1,1,leafinfo,leafwidth,엽폭,cm,9
311,3,2024-12-23,1,1,leafinfo,petiolelength,엽병장,cm,14
311,3,2024-12-23,1,1,leafinfo,leafnumber,엽수,개,7
311,3,2024-12-23,1,1,steminfo,crowndiameter,관부직경,cm,2
311,3,2024-12-23,1,1,plantobjectinfo,fruitingnumber,착과수,개,4
312,3,2024-12-23,1,2,steminfo,plantheight,초장,cm,25
312,3,2024-12-23,1,2,leafinfo,leaflength,엽장,cm,12
312,3,2024-12-23,1,2,leafinfo,leafwidth,엽폭,cm,9
312,3,2024-12-23,1,2,leafinfo,petiolelength,엽병장,cm,13
312,3,2024-12-23,1,2,leafinfo,leafnumber,엽수,개,8
312,3,2024-12-23,1,2,steminfo,crowndiameter,관부직경,cm,2.5
312,3,2024-12-23,1,2,plantobjectinfo,fruitingnumber,착과수,개,4
321,3,2024-12-23,2,1,steminfo,plantheight,초장,cm,25
321,3,2024-12-23,2,1,leafinfo,leaflength,엽장,cm,12
321,3,2024-12-23,2,1,leafinfo,leafwidth,엽폭,cm,10
321,3,2024-12-23,2,1,leafinfo,petiolelength,엽병장,cm,13
321,3,2024-12-23,2,1,leafinfo,leafnumber,엽수,개,8
321,3,2024-12-23,2,1,steminfo,crowndiameter,관부직경,cm,2
321,3,2024-12-23,2,1,plantobjectinfo,fruitingnumber,착과수,개,5
322,3,2024-12-23,2,2,steminfo,plantheight,초장,cm,27
322,3,2024-12-23,2,2,leafinfo,leaflength,엽장,cm,11
322,3,2024-12-23,2,2,leafinfo,leafwidth,엽폭,cm,10
322,3,2024-12-23,2,2,leafinfo,petiolelength,엽병장,cm,16
322,3,2024-12-23,2,2,leafinfo,leafnumber,엽수,개,7
322,3,2024-12-23,2,2,steminfo,crowndiameter,관부직경,cm,2
322,3,2024-12-23,2,2,plantobjectinfo,fruitingnumber,착과수,개,4
331,3,2024-12-23,3,1,steminfo,plantheight,초장,cm,24
331,3,2024-12-23,3,1,leafinfo,leaflength,엽장,cm,11
331,3,2024-12-23,3,1,leafinfo,leafwidth,엽폭,cm,9
331,3,2024-12-23,3,1,leafinfo,petiolelength,엽병장,cm,13
331,3,2024-12-23,3,1,leafinfo,leafnumber,엽수,개,8
331,3,2024-12-23,3,1,steminfo,crowndiameter,관부직경,cm,2
331,3,2024-12-23,3,1,plantobjectinfo,fruitingnumber,착과수,개,6
332,3,2024-12-23,3,2,steminfo,plantheight,초장,cm,28
332,3,2024-12-23,3,2,leafinfo,leaflength,엽장,cm,12
332,3,2024-12-23,3,2,leafinfo,leafwidth,엽폭,cm,10
332,3,2024-12-23,3,2,leafinfo,petiolelength,엽병장,cm,16
332,3,2024-12-23,3,2,leafinfo,leafnumber,엽수,개,7
332,3,2024-12-23,3,2,steminfo,crowndiameter,관부직경,cm,2
332,3,2024-12-23,3,2,plantobjectinfo,fruitingnumber,착과수,개,6
341,3,2024-12-23,4,1,steminfo,plantheight,초장,cm,27
341,3,2024-12-23,4,1,leafinfo,leaflength,엽장,cm,10
341,3,2024-12-23,4,1,leafinfo,leafwidth,엽폭,cm,9
341,3,2024-12-23,4,1,leafinfo,petiolelength,엽병장,cm,17
341,3,2024-12-23,4,1,leafinfo,leafnumber,엽수,개,8
341,3,2024-12-23,4,1,steminfo,crowndiameter,관부직경,cm,2
341,3,2024-12-23,4,1,plantobjectinfo,fruitingnumber,착과수,개,3
342,3,2024-12-23,4,2,steminfo,plantheight,초장,cm,26
342,3,2024-12-23,4,2,leafinfo,leaflength,엽장,cm,10
342,3,2024-12-23,4,2,leafinfo,leafwidth,엽폭,cm,9
342,3,2024-12-23,4,2,leafinfo,petiolelength,엽병장,cm,16
342,3,2024-12-23,4,2,leafinfo,leafnumber,엽수,개,7
342,3,2024-12-23,4,2,steminfo,crowndiameter,관부직경,cm,2
342,3,2024-12-23,4,2,plantobjectinfo,fruitingnumber,착과수,개,6
351,3,2024-12-23,5,1,steminfo,plantheight,초장,cm,27
351,3,2024-12-23,5,1,leafinfo,leaflength,엽장,cm,10
351,3,2024-12-23,5,1,leafinfo,leafwidth,엽폭,cm,9
351,3,2024-12-23,5,1,leafinfo,petiolelength,엽병장,cm,17
351,3,2024-12-23,5,1,leafinfo,leafnumber,엽수,개,7
351,3,2024-12-23,5,1,steminfo,crowndiameter,관부직경,cm,2
351,3,2024-12-23,5,1,plantobjectinfo,fruitingnumber,착과수,개,5
352,3,2024-12-23,5,2,steminfo,plantheight,초장,cm,26
352,3,2024-12-23,5,2,leafinfo,leaflength,엽장,cm,11
352,3,2024-12-23,5,2,leafinfo,leafwidth,엽폭,cm,9
352,3,2024-12-23,5,2,leafinfo,petiolelength,엽병장,cm,15
352,3,2024-12-23,5,2,leafinfo,leafnumber,엽수,개,6
352,3,2024-12-23,5,2,steminfo,crowndiameter,관부직경,cm,2
352,3,2024-12-23,5,2,plantobjectinfo,fruitingnumber,착과수,개,4
311,3,2024-12-30,1,1,steminfo,plantheight,초장,cm,25
311,3,2024-12-30,1,1,leafinfo,leaflength,엽장,cm,11
311,3,2024-12-30,1,1,leafinfo,leafwidth,엽폭,cm,9
311,3,2024-12-30,1,1,leafinfo,petiolelength,엽병장,cm,14
311,3,2024-12-30,1,1,leafinfo,leafnumber,엽수,개,7
311,3,2024-12-30,1,1,steminfo,crowndiameter,관부직경,cm,2
311,3,2024-12-30,1,1,plantobjectinfo,fruitingnumber,착과수,개,2
312,3,2024-12-30,1,2,steminfo,plantheight,초장,cm,25
312,3,2024-12-30,1,2,leafinfo,leaflength,엽장,cm,12
312,3,2024-12-30,1,2,leafinfo,leafwidth,엽폭,cm,9
312,3,2024-12-30,1,2,leafinfo,petiolelength,엽병장,cm,13
312,3,2024-12-30,1,2,leafinfo,leafnumber,엽수,개,8
312,3,2024-12-30,1,2,steminfo,crowndiameter,관부직경,cm,2.5
312,3,2024-12-30,1,2,plantobjectinfo,fruitingnumber,착과수,개,4
321,3,2024-12-30,2,1,steminfo,plantheight,초장,cm,25
321,3,2024-12-30,2,1,leafinfo,leaflength,엽장,cm,12
321,3,2024-12-30,2,1,leafinfo,leafwidth,엽폭,cm,10
321,3,2024-12-30,2,1,leafinfo,petiolelength,엽병장,cm,13
321,3,2024-12-30,2,1,leafinfo,leafnumber,엽수,개,8
321,3,2024-12-30,2,1,steminfo,crowndiameter,관부직경,cm,2
321,3,2024-12-30,2,1,plantobjectinfo,fruitingnumber,착과수,개,3
322,3,2024-12-30,2,2,steminfo,plantheight,초장,cm,27
322,3,2024-12-30,2,2,leafinfo,leaflength,엽장,cm,11
322,3,2024-12-30,2,2,leafinfo,leafwidth,엽폭,cm,10
322,3,2024-12-30,2,2,leafinfo,petiolelength,엽병장,cm,16
322,3,2024-12-30,2,2,leafinfo,leafnumber,엽수,개,7
322,3,2024-12-30,2,2,steminfo,crowndiameter,관부직경,cm,2
322,3,2024-12-30,2,2,plantobjectinfo,fruitingnumber,착과수,개,3
331,3,2024-12-30,3,1,steminfo,plantheight,초장,cm,24
331,3,2024-12-30,3,1,leafinfo,leaflength,엽장,cm,11
331,3,2024-12-30,3,1,leafinfo,leafwidth,엽폭,cm,9
331,3,2024-12-30,3,1,leafinfo,petiolelength,엽병장,cm,13
331,3,2024-12-30,3,1,leafinfo,leafnumber,엽수,개,8
331,3,2024-12-30,3,1,steminfo,crowndiameter,관부직경,cm,2
331,3,2024-12-30,3,1,plantobjectinfo,fruitingnumber,착과수,개,5
332,3,2024-12-30,3,2,steminfo,plantheight,초장,cm,28
332,3,2024-12-30,3,2,leafinfo,leaflength,엽장,cm,12
332,3,2024-12-30,3,2,leafinfo,leafwidth,엽폭,cm,10
332,3,2024-12-30,3,2,leafinfo,petiolelength,엽병장,cm,16
332,3,2024-12-30,3,2,leafinfo,leafnumber,엽수,개,7
332,3,2024-12-30,3,2,steminfo,crowndiameter,관부직경,cm,2
332,3,2024-12-30,3,2,plantobjectinfo,fruitingnumber,착과수,개,5
341,3,2024-12-30,4,1,steminfo,plantheight,초장,cm,27
341,3,2024-12-30,4,1,leafinfo,leaflength,엽장,cm,10
341,3,2024-12-30,4,1,leafinfo,leafwidth,엽폭,cm,9
341,3,2024-12-30,4,1,leafinfo,petiolelength,엽병장,cm,17
341,3,2024-12-30,4,1,leafinfo,leafnumber,엽수,개,8
341,3,2024-12-30,4,1,steminfo,crowndiameter,관부직경,cm,2
341,3,2024-12-30,4,1,plantobjectinfo,fruitingnumber,착과수,개,3
342,3,2024-12-30,4,2,steminfo,plantheight,초장,cm,26
342,3,2024-12-30,4,2,leafinfo,leaflength,엽장,cm,10
342,3,2024-12-30,4,2,leafinfo,leafwidth,엽폭,cm,9
342,3,2024-12-30,4,2,leafinfo,petiolelength,엽병장,cm,16
342,3,2024-12-30,4,2,leafinfo,leafnumber,엽수,개,7
342,3,2024-12-30,4,2,steminfo,crowndiameter,관부직경,cm,2
342,3,2024-12-30,4,2,plantobjectinfo,fruitingnumber,착과수,개,5
351,3,2024-12-30,5,1,steminfo,plantheight,초장,cm,27
351,3,2024-12-30,5,1,leafinfo,leaflength,엽장,cm,10
351,3,2024-12-30,5,1,leafinfo,leafwidth,엽폭,cm,9
351,3,2024-12-30,5,1,leafinfo,petiolelength,엽병장,cm,17
351,3,2024-12-30,5,1,leafinfo,leafnumber,엽수,개,7
351,3,2024-12-30,5,1,steminfo,crowndiameter,관부직경,cm,2
351,3,2024-12-30,5,1,plantobjectinfo,fruitingnumber,착과수,개,3
352,3,2024-12-30,5,2,steminfo,plantheight,초장,cm,26
352,3,2024-12-30,5,2,leafinfo,leaflength,엽장,cm,11
352,3,2024-12-30,5,2,leafinfo,leafwidth,엽폭,cm,9
352,3,2024-12-30,5,2,leafinfo,petiolelength,엽병장,cm,15
352,3,2024-12-30,5,2,leafinfo,leafnumber,엽수,개,6
352,3,2024-12-30,5,2,steminfo,crowndiameter,관부직경,cm,2
352,3,2024-12-30,5,2,plantobjectinfo,fruitingnumber,착과수,개,2
311,3,2025-01-06,1,1,steminfo,plantheight,초장,cm,26
311,3,2025-01-06,1,1,leafinfo,leaflength,엽장,cm,11
311,3,2025-01-06,1,1,leafinfo,leafwidth,엽폭,cm,9
311,3,2025-01-06,1,1,leafinfo,petiolelength,엽병장,cm,15
311,3,2025-01-06,1,1,leafinfo,leafnumber,엽수,개,7
311,3,2025-01-06,1,1,steminfo,crowndiameter,관부직경,cm,2.3
311,3,2025-01-06,1,1,plantobjectinfo,fruitingnumber,착과수,개,2
312,3,2025-01-06,1,2,steminfo,plantheight,초장,cm,26
312,3,2025-01-06,1,2,leafinfo,leaflength,엽장,cm,12
312,3,2025-01-06,1,2,leafinfo,leafwidth,엽폭,cm,9
312,3,2025-01-06,1,2,leafinfo,petiolelength,엽병장,cm,14
312,3,2025-01-06,1,2,leafinfo,leafnumber,엽수,개,8
312,3,2025-01-06,1,2,steminfo,crowndiameter,관부직경,cm,2.5
312,3,2025-01-06,1,2,plantobjectinfo,fruitingnumber,착과수,개,4
321,3,2025-01-06,2,1,steminfo,plantheight,초장,cm,26
321,3,2025-01-06,2,1,leafinfo,leaflength,엽장,cm,12
321,3,2025-01-06,2,1,leafinfo,leafwidth,엽폭,cm,10
321,3,2025-01-06,2,1,leafinfo,petiolelength,엽병장,cm,14
321,3,2025-01-06,2,1,leafinfo,leafnumber,엽수,개,8
321,3,2025-01-06,2,1,steminfo,crowndiameter,관부직경,cm,2.5
321,3,2025-01-06,2,1,plantobjectinfo,fruitingnumber,착과수,개,2
322,3,2025-01-06,2,2,steminfo,plantheight,초장,cm,27
322,3,2025-01-06,2,2,leafinfo,leaflength,엽장,cm,11
322,3,2025-01-06,2,2,leafinfo,leafwidth,엽폭,cm,10
322,3,2025-01-06,2,2,leafinfo,petiolelength,엽병장,cm,16
322,3,2025-01-06,2,2,leafinfo,leafnumber,엽수,개,7
322,3,2025-01-06,2,2,steminfo,crowndiameter,관부직경,cm,2.3
322,3,2025-01-06,2,2,plantobjectinfo,fruitingnumber,착과수,개,1
331,3,2025-01-06,3,1,steminfo,plantheight,초장,cm,25
331,3,2025-01-06,3,1,leafinfo,leaflength,엽장,cm,12
331,3,2025-01-06,3,1,leafinfo,leafwidth,엽폭,cm,9
331,3,2025-01-06,3,1,leafinfo,petiolelength,엽병장,cm,13
331,3,2025-01-06,3,1,leafinfo,leafnumber,엽수,개,8
331,3,2025-01-06,3,1,steminfo,crowndiameter,관부직경,cm,2.5
331,3,2025-01-06,3,1,plantobjectinfo,fruitingnumber,착과수,개,4
332,3,2025-01-06,3,2,steminfo,plantheight,초장,cm,28
332,3,2025-01-06,3,2,leafinfo,leaflength,엽장,cm,12
332,3,2025-01-06,3,2,leafinfo,leafwidth,엽폭,cm,10
332,3,2025-01-06,3,2,leafinfo,petiolelength,엽병장,cm,16
332,3,2025-01-06,3,2,leafinfo,leafnumber,엽수,개,7
332,3,2025-01-06,3,2,steminfo,crowndiameter,관부직경,cm,2.5
332,3,2025-01-06,3,2,plantobjectinfo,fruitingnumber,착과수,개,3
341,3,2025-01-06,4,1,steminfo,plantheight,초장,cm,27
341,3,2025-01-06,4,1,leafinfo,leaflength,엽장,cm,10
341,3,2025-01-06,4,1,leafinfo,leafwidth,엽폭,cm,9
341,3,2025-01-06,4,1,leafinfo,petiolelength,엽병장,cm,17
341,3,2025-01-06,4,1,leafinfo,leafnumber,엽수,개,8
341,3,2025-01-06,4,1,steminfo,crowndiameter,관부직경,cm,2
341,3,2025-01-06,4,1,plantobjectinfo,fruitingnumber,착과수,개,1
342,3,2025-01-06,4,2,steminfo,plantheight,초장,cm,26
342,3,2025-01-06,4,2,leafinfo,leaflength,엽장,cm,10
342,3,2025-01-06,4,2,leafinfo,leafwidth,엽폭,cm,9
342,3,2025-01-06,4,2,leafinfo,petiolelength,엽병장,cm,16
342,3,2025-01-06,4,2,leafinfo,leafnumber,엽수,개,7
342,3,2025-01-06,4,2,steminfo,crowndiameter,관부직경,cm,2
342,3,2025-01-06,4,2,plantobjectinfo,fruitingnumber,착과수,개,1
351,3,2025-01-06,5,1,steminfo,plantheight,초장,cm,27
351,3,2025-01-06,5,1,leafinfo,leaflength,엽장,cm,10
351,3,2025-01-06,5,1,leafinfo,leafwidth,엽폭,cm,9
351,3,2025-01-06,5,1,leafinfo,petiolelength,엽병장,cm,17
351,3,2025-01-06,5,1,leafinfo,leafnumber,엽수,개,7
351,3,2025-01-06,5,1,steminfo,crowndiameter,관부직경,cm,2
351,3,2025-01-06,5,1,plantobjectinfo,fruitingnumber,착과수,개,1
352,3,2025-01-06,5,2,steminfo,plantheight,초장,cm,26
352,3,2025-01-06,5,2,leafinfo,leaflength,엽장,cm,11
352,3,2025-01-06,5,2,leafinfo,leafwidth,엽폭,cm,9
352,3,2025-01-06,5,2,leafinfo,petiolelength,엽병장,cm,15
352,3,2025-01-06,5,2,leafinfo,leafnumber,엽수,개,6
352,3,2025-01-06,5,2,steminfo,crowndiameter,관부직경,cm,2
352,3,2025-01-06,5,2,plantobjectinfo,fruitingnumber,착과수,개,1
311,3,2025-01-13,1,1,steminfo,plantheight,초장,cm,26
311,3,2025-01-13,1,1,leafinfo,leaflength,엽장,cm,11
311,3,2025-01-13,1,1,leafinfo,leafwidth,엽폭,cm,9
311,3,2025-01-13,1,1,leafinfo,petiolelength,엽병장,cm,15
311,3,2025-01-13,1,1,leafinfo,leafnumber,엽수,개,7
311,3,2025-01-13,1,1,steminfo,crowndiameter,관부직경,cm,2.3
311,3,2025-01-13,1,1,plantobjectinfo,fruitingnumber,착과수,개,5
312,3,2025-01-13,1,2,steminfo,plantheight,초장,cm,26
312,3,2025-01-13,1,2,leafinfo,leaflength,엽장,cm,12
312,3,2025-01-13,1,2,leafinfo,leafwidth,엽폭,cm,9
312,3,2025-01-13,1,2,leafinfo,petiolelength,엽병장,cm,14
312,3,2025-01-13,1,2,leafinfo,leafnumber,엽수,개,7
312,3,2025-01-13,1,2,steminfo,crowndiameter,관부직경,cm,2.5
312,3,2025-01-13,1,2,plantobjectinfo,fruitingnumber,착과수,개,4
321,3,2025-01-13,2,1,steminfo,plantheight,초장,cm,26
321,3,2025-01-13,2,1,leafinfo,leaflength,엽장,cm,12
321,3,2025-01-13,2,1,leafinfo,leafwidth,엽폭,cm,10
321,3,2025-01-13,2,1,leafinfo,petiolelength,엽병장,cm,14
321,3,2025-01-13,2,1,leafinfo,leafnumber,엽수,개,8
321,3,2025-01-13,2,1,steminfo,crowndiameter,관부직경,cm,2.5
321,3,2025-01-13,2,1,plantobjectinfo,fruitingnumber,착과수,개,6
322,3,2025-01-13,2,2,steminfo,plantheight,초장,cm,27
322,3,2025-01-13,2,2,leafinfo,leaflength,엽장,cm,11
322,3,2025-01-13,2,2,leafinfo,leafwidth,엽폭,cm,10
322,3,2025-01-13,2,2,leafinfo,petiolelength,엽병장,cm,16
322,3,2025-01-13,2,2,leafinfo,leafnumber,엽수,개,7
322,3,2025-01-13,2,2,steminfo,crowndiameter,관부직경,cm,2.3
322,3,2025-01-13,2,2,plantobjectinfo,fruitingnumber,착과수,개,5
331,3,2025-01-13,3,1,steminfo,plantheight,초장,cm,25
331,3,2025-01-13,3,1,leafinfo,leaflength,엽장,cm,12
331,3,2025-01-13,3,1,leafinfo,leafwidth,엽폭,cm,9
331,3,2025-01-13,3,1,leafinfo,petiolelength,엽병장,cm,13
331,3,2025-01-13,3,1,leafinfo,leafnumber,엽수,개,8
331,3,2025-01-13,3,1,steminfo,crowndiameter,관부직경,cm,2.5
331,3,2025-01-13,3,1,plantobjectinfo,fruitingnumber,착과수,개,5
332,3,2025-01-13,3,2,steminfo,plantheight,초장,cm,28
332,3,2025-01-13,3,2,leafinfo,leaflength,엽장,cm,12
332,3,2025-01-13,3,2,leafinfo,leafwidth,엽폭,cm,10
332,3,2025-01-13,3,2,leafinfo,petiolelength,엽병장,cm,16
332,3,2025-01-13,3,2,leafinfo,leafnumber,엽수,개,7
332,3,2025-01-13,3,2,steminfo,crowndiameter,관부직경,cm,2.5
332,3,2025-01-13,3,2,plantobjectinfo,fruitingnumber,착과수,개,5
341,3,2025-01-13,4,1,steminfo,plantheight,초장,cm,27
341,3,2025-01-13,4,1,leafinfo,leaflength,엽장,cm,10
341,3,2025-01-13,4,1,leafinfo,leafwidth,엽폭,cm,9
341,3,2025-01-13,4,1,leafinfo,petiolelength,엽병장,cm,17
341,3,2025-01-13,4,1,leafinfo,leafnumber,엽수,개,7
341,3,2025-01-13,4,1,steminfo,crowndiameter,관부직경,cm,2.3
341,3,2025-01-13,4,1,plantobjectinfo,fruitingnumber,착과수,개,4
342,3,2025-01-13,4,2,steminfo,plantheight,초장,cm,26
342,3,2025-01-13,4,2,leafinfo,leaflength,엽장,cm,10
342,3,2025-01-13,4,2,leafinfo,leafwidth,엽폭,cm,9
342,3,2025-01-13,4,2,leafinfo,petiolelength,엽병장,cm,16
342,3,2025-01-13,4,2,leafinfo,leafnumber,엽수,개,6
342,3,2025-01-13,4,2,steminfo,crowndiameter,관부직경,cm,2.5
342,3,2025-01-13,4,2,plantobjectinfo,fruitingnumber,착과수,개,3
351,3,2025-01-13,5,1,steminfo,plantheight,초장,cm,27
351,3,2025-01-13,5,1,leafinfo,leaflength,엽장,cm,10
351,3,2025-01-13,5,1,leafinfo,leafwidth,엽폭,cm,9
351,3,2025-01-13,5,1,leafinfo,petiolelength,엽병장,cm,17
351,3,2025-01-13,5,1,leafinfo,leafnumber,엽수,개,7
351,3,2025-01-13,5,1,steminfo,crowndiameter,관부직경,cm,2.5
351,3,2025-01-13,5,1,plantobjectinfo,fruitingnumber,착과수,개,5
352,3,2025-01-13,5,2,steminfo,plantheight,초장,cm,26
352,3,2025-01-13,5,2,leafinfo,leaflength,엽장,cm,11
352,3,2025-01-13,5,2,leafinfo,leafwidth,엽폭,cm,9
352,3,2025-01-13,5,2,leafinfo,petiolelength,엽병장,cm,15
352,3,2025-01-13,5,2,leafinfo,leafnumber,엽수,개,6
352,3,2025-01-13,5,2,steminfo,crowndiameter,관부직경,cm,2.3
352,3,2025-01-13,5,2,plantobjectinfo,fruitingnumber,착과수,개,5
311,3,2025-01-20,1,1,steminfo,plantheight,초장,cm,26
311,3,2025-01-20,1,1,leafinfo,leaflength,엽장,cm,11
311,3,2025-01-20,1,1,leafinfo,leafwidth,엽폭,cm,9
311,3,2025-01-20,1,1,leafinfo,petiolelength,엽병장,cm,15
311,3,2025-01-20,1,1,leafinfo,leafnumber,엽수,개,6
311,3,2025-01-20,1,1,steminfo,crowndiameter,관부직경,cm,2.3
311,3,2025-01-20,1,1,plantobjectinfo,fruitingnumber,착과수,개,5
312,3,2025-01-20,1,2,steminfo,plantheight,초장,cm,26
312,3,2025-01-20,1,2,leafinfo,leaflength,엽장,cm,12
312,3,2025-01-20,1,2,leafinfo,leafwidth,엽폭,cm,9
312,3,2025-01-20,1,2,leafinfo,petiolelength,엽병장,cm,14
312,3,2025-01-20,1,2,leafinfo,leafnumber,엽수,개,6
312,3,2025-01-20,1,2,steminfo,crowndiameter,관부직경,cm,2.5
312,3,2025-01-20,1,2,plantobjectinfo,fruitingnumber,착과수,개,4
321,3,2025-01-20,2,1,steminfo,plantheight,초장,cm,26
321,3,2025-01-20,2,1,leafinfo,leaflength,엽장,cm,12
321,3,2025-01-20,2,1,leafinfo,leafwidth,엽폭,cm,10
321,3,2025-01-20,2,1,leafinfo,petiolelength,엽병장,cm,14
321,3,2025-01-20,2,1,leafinfo,leafnumber,엽수,개,7
321,3,2025-01-20,2,1,steminfo,crowndiameter,관부직경,cm,2.5
321,3,2025-01-20,2,1,plantobjectinfo,fruitingnumber,착과수,개,5
322,3,2025-01-20,2,2,steminfo,plantheight,초장,cm,27
322,3,2025-01-20,2,2,leafinfo,leaflength,엽장,cm,11
322,3,2025-01-20,2,2,leafinfo,leafwidth,엽폭,cm,10
322,3,2025-01-20,2,2,leafinfo,petiolelength,엽병장,cm,16
322,3,2025-01-20,2,2,leafinfo,leafnumber,엽수,개,7
322,3,2025-01-20,2,2,steminfo,crowndiameter,관부직경,cm,2.3
322,3,2025-01-20,2,2,plantobjectinfo,fruitingnumber,착과수,개,5
331,3,2025-01-20,3,1,steminfo,plantheight,초장,cm,25
331,3,2025-01-20,3,1,leafinfo,leaflength,엽장,cm,12
331,3,2025-01-20,3,1,leafinfo,leafwidth,엽폭,cm,9
331,3,2025-01-20,3,1,leafinfo,petiolelength,엽병장,cm,13
331,3,2025-01-20,3,1,leafinfo,leafnumber,엽수,개,8
331,3,2025-01-20,3,1,steminfo,crowndiameter,관부직경,cm,2.5
331,3,2025-01-20,3,1,plantobjectinfo,fruitingnumber,착과수,개,5
332,3,2025-01-20,3,2,steminfo,plantheight,초장,cm,28
332,3,2025-01-20,3,2,leafinfo,leaflength,엽장,cm,12
332,3,2025-01-20,3,2,leafinfo,leafwidth,엽폭,cm,10
332,3,2025-01-20,3,2,leafinfo,petiolelength,엽병장,cm,16
332,3,2025-01-20,3,2,leafinfo,leafnumber,엽수,개,7
332,3,2025-01-20,3,2,steminfo,crowndiameter,관부직경,cm,2.5
332,3,2025-01-20,3,2,plantobjectinfo,fruitingnumber,착과수,개,5
341,3,2025-01-20,4,1,steminfo,plantheight,초장,cm,27
341,3,2025-01-20,4,1,leafinfo,leaflength,엽장,cm,10
341,3,2025-01-20,4,1,leafinfo,leafwidth,엽폭,cm,9
341,3,2025-01-20,4,1,leafinfo,petiolelength,엽병장,cm,17
341,3,2025-01-20,4,1,leafinfo,leafnumber,엽수,개,7
341,3,2025-01-20,4,1,steminfo,crowndiameter,관부직경,cm,2.3
341,3,2025-01-20,4,1,plantobjectinfo,fruitingnumber,착과수,개,5
342,3,2025-01-20,4,2,steminfo,plantheight,초장,cm,26
342,3,2025-01-20,4,2,leafinfo,leaflength,엽장,cm,10
342,3,2025-01-20,4,2,leafinfo,leafwidth,엽폭,cm,9
342,3,2025-01-20,4,2,leafinfo,petiolelength,엽병장,cm,16
342,3,2025-01-20,4,2,leafinfo,leafnumber,엽수,개,6
342,3,2025-01-20,4,2,steminfo,crowndiameter,관부직경,cm,2.5
342,3,2025-01-20,4,2,plantobjectinfo,fruitingnumber,착과수,개,4
351,3,2025-01-20,5,1,steminfo,plantheight,초장,cm,27
351,3,2025-01-20,5,1,leafinfo,leaflength,엽장,cm,10
351,3,2025-01-20,5,1,leafinfo,leafwidth,엽폭,cm,9
351,3,2025-01-20,5,1,leafinfo,petiolelength,엽병장,cm,17
351,3,2025-01-20,5,1,leafinfo,leafnumber,엽수,개,7
351,3,2025-01-20,5,1,steminfo,crowndiameter,관부직경,cm,2.5
351,3,2025-01-20,5,1,plantobjectinfo,fruitingnumber,착과수,개,5
352,3,2025-01-20,5,2,steminfo,plantheight,초장,cm,26
352,3,2025-01-20,5,2,leafinfo,leaflength,엽장,cm,11
352,3,2025-01-20,5,2,leafinfo,leafwidth,엽폭,cm,9
352,3,2025-01-20,5,2,leafinfo,petiolelength,엽병장,cm,15
352,3,2025-01-20,5,2,leafinfo,leafnumber,엽수,개,6
352,3,2025-01-20,5,2,steminfo,crowndiameter,관부직경,cm,2.3
352,3,2025-01-20,5,2,plantobjectinfo,fruitingnumber,착과수,개,5
311,3,2025-01-31,1,1,steminfo,plantheight,초장,cm,26
311,3,2025-01-31,1,1,leafinfo,leaflength,엽장,cm,11
311,3,2025-01-31,1,1,leafinfo,leafwidth,엽폭,cm,9
311,3,2025-01-31,1,1,leafinfo,petiolelength,엽병장,cm,15
311,3,2025-01-31,1,1,leafinfo,leafnumber,엽수,개,6
311,3,2025-01-31,1,1,steminfo,crowndiameter,관부직경,cm,2.3
311,3,2025-01-31,1,1,plantobjectinfo,fruitingnumber,착과수,개,8
312,3,2025-01-31,1,2,steminfo,plantheight,초장,cm,26
312,3,2025-01-31,1,2,leafinfo,leaflength,엽장,cm,12
312,3,2025-01-31,1,2,leafinfo,leafwidth,엽폭,cm,9
312,3,2025-01-31,1,2,leafinfo,petiolelength,엽병장,cm,14
312,3,2025-01-31,1,2,leafinfo,leafnumber,엽수,개,6
312,3,2025-01-31,1,2,steminfo,crowndiameter,관부직경,cm,2.5
312,3,2025-01-31,1,2,plantobjectinfo,fruitingnumber,착과수,개,7
321,3,2025-01-31,2,1,steminfo,plantheight,초장,cm,26
321,3,2025-01-31,2,1,leafinfo,leaflength,엽장,cm,12
321,3,2025-01-31,2,1,leafinfo,leafwidth,엽폭,cm,10
321,3,2025-01-31,2,1,leafinfo,petiolelength,엽병장,cm,14
321,3,2025-01-31,2,1,leafinfo,leafnumber,엽수,개,7
321,3,2025-01-31,2,1,steminfo,crowndiameter,관부직경,cm,2.5
321,3,2025-01-31,2,1,plantobjectinfo,fruitingnumber,착과수,개,7
322,3,2025-01-31,2,2,steminfo,plantheight,초장,cm,27
322,3,2025-01-31,2,2,leafinfo,leaflength,엽장,cm,11
322,3,2025-01-31,2,2,leafinfo,leafwidth,엽폭,cm,10
322,3,2025-01-31,2,2,leafinfo,petiolelength,엽병장,cm,16
322,3,2025-01-31,2,2,leafinfo,leafnumber,엽수,개,7
322,3,2025-01-31,2,2,steminfo,crowndiameter,관부직경,cm,2.3
322,3,2025-01-31,2,2,plantobjectinfo,fruitingnumber,착과수,개,6
331,3,2025-01-31,3,1,steminfo,plantheight,초장,cm,25
331,3,2025-01-31,3,1,leafinfo,leaflength,엽장,cm,12
331,3,2025-01-31,3,1,leafinfo,leafwidth,엽폭,cm,9
331,3,2025-01-31,3,1,leafinfo,petiolelength,엽병장,cm,13
331,3,2025-01-31,3,1,leafinfo,leafnumber,엽수,개,8
331,3,2025-01-31,3,1,steminfo,crowndiameter,관부직경,cm,2.5
331,3,2025-01-31,3,1,plantobjectinfo,fruitingnumber,착과수,개,5
332,3,2025-01-31,3,2,steminfo,plantheight,초장,cm,28
332,3,2025-01-31,3,2,leafinfo,leaflength,엽장,cm,12
332,3,2025-01-31,3,2,leafinfo,leafwidth,엽폭,cm,10
332,3,2025-01-31,3,2,leafinfo,petiolelength,엽병장,cm,16
332,3,2025-01-31,3,2,leafinfo,leafnumber,엽수,개,7
332,3,2025-01-31,3,2,steminfo,crowndiameter,관부직경,cm,2.5
332,3,2025-01-31,3,2,plantobjectinfo,fruitingnumber,착과수,개,5
341,3,2025-01-31,4,1,steminfo,plantheight,초장,cm,27
341,3,2025-01-31,4,1,leafinfo,leaflength,엽장,cm,10
341,3,2025-01-31,4,1,leafinfo,leafwidth,엽폭,cm,9
341,3,2025-01-31,4,1,leafinfo,petiolelength,엽병장,cm,17
341,3,2025-01-31,4,1,leafinfo,leafnumber,엽수,개,7
341,3,2025-01-31,4,1,steminfo,crowndiameter,관부직경,cm,2.3
341,3,2025-01-31,4,1,plantobjectinfo,fruitingnumber,착과수,개,7
342,3,2025-01-31,4,2,steminfo,plantheight,초장,cm,26
342,3,2025-01-31,4,2,leafinfo,leaflength,엽장,cm,10
342,3,2025-01-31,4,2,leafinfo,leafwidth,엽폭,cm,9
342,3,2025-01-31,4,2,leafinfo,petiolelength,엽병장,cm,16
342,3,2025-01-31,4,2,leafinfo,leafnumber,엽수,개,6
342,3,2025-01-31,4,2,steminfo,crowndiameter,관부직경,cm,2.5
342,3,2025-01-31,4,2,plantobjectinfo,fruitingnumber,착과수,개,7
351,3,2025-01-31,5,1,steminfo,plantheight,초장,cm,27
351,3,2025-01-31,5,1,leafinfo,leaflength,엽장,cm,10
351,3,2025-01-31,5,1,leafinfo,leafwidth,엽폭,cm,9
351,3,2025-01-31,5,1,leafinfo,petiolelength,엽병장,cm,17
351,3,2025-01-31,5,1,leafinfo,leafnumber,엽수,개,7
351,3,2025-01-31,5,1,steminfo,crowndiameter,관부직경,cm,2.5
351,3,2025-01-31,5,1,plantobjectinfo,fruitingnumber,착과수,개,6
352,3,2025-01-31,5,2,steminfo,plantheight,초장,cm,26
352,3,2025-01-31,5,2,leafinfo,leaflength,엽장,cm,11
352,3,2025-01-31,5,2,leafinfo,leafwidth,엽폭,cm,9
352,3,2025-01-31,5,2,leafinfo,petiolelength,엽병장,cm,15
352,3,2025-01-31,5,2,leafinfo,leafnumber,엽수,개,6
352,3,2025-01-31,5,2,steminfo,crowndiameter,관부직경,cm,2.3
352,3,2025-01-31,5,2,plantobjectinfo,fruitingnumber,착과수,개,7
311,3,2025-02-03,1,1,steminfo,plantheight,초장,cm,26
311,3,2025-02-03,1,1,leafinfo,leaflength,엽장,cm,11
311,3,2025-02-03,1,1,leafinfo,leafwidth,엽폭,cm,9
311,3,2025-02-03,1,1,leafinfo,petiolelength,엽병장,cm,15
311,3,2025-02-03,1,1,leafinfo,leafnumber,엽수,개,6
311,3,2025-02-03,1,1,steminfo,crowndiameter,관부직경,cm,2.3
311,3,2025-02-03,1,1,plantobjectinfo,fruitingnumber,착과수,개,7
312,3,2025-02-03,1,2,steminfo,plantheight,초장,cm,26
312,3,2025-02-03,1,2,leafinfo,leaflength,엽장,cm,12
312,3,2025-02-03,1,2,leafinfo,leafwidth,엽폭,cm,9
312,3,2025-02-03,1,2,leafinfo,petiolelength,엽병장,cm,14
312,3,2025-02-03,1,2,leafinfo,leafnumber,엽수,개,6
312,3,2025-02-03,1,2,steminfo,crowndiameter,관부직경,cm,2.5
312,3,2025-02-03,1,2,plantobjectinfo,fruitingnumber,착과수,개,7
321,3,2025-02-03,2,1,steminfo,plantheight,초장,cm,26
321,3,2025-02-03,2,1,leafinfo,leaflength,엽장,cm,12
321,3,2025-02-03,2,1,leafinfo,leafwidth,엽폭,cm,10
321,3,2025-02-03,2,1,leafinfo,petiolelength,엽병장,cm,14
321,3,2025-02-03,2,1,leafinfo,leafnumber,엽수,개,7
321,3,2025-02-03,2,1,steminfo,crowndiameter,관부직경,cm,2.5
321,3,2025-02-03,2,1,plantobjectinfo,fruitingnumber,착과수,개,6
322,3,2025-02-03,2,2,steminfo,plantheight,초장,cm,27
322,3,2025-02-03,2,2,leafinfo,leaflength,엽장,cm,11
322,3,2025-02-03,2,2,leafinfo,leafwidth,엽폭,cm,10
322,3,2025-02-03,2,2,leafinfo,petiolelength,엽병장,cm,16
322,3,2025-02-03,2,2,leafinfo,leafnumber,엽수,개,7
322,3,2025-02-03,2,2,steminfo,crowndiameter,관부직경,cm,2.3
322,3,2025-02-03,2,2,plantobjectinfo,fruitingnumber,착과수,개,5
331,3,2025-02-03,3,1,steminfo,plantheight,초장,cm,25
331,3,2025-02-03,3,1,leafinfo,leaflength,엽장,cm,12
331,3,2025-02-03,3,1,leafinfo,leafwidth,엽폭,cm,9
331,3,2025-02-03,3,1,leafinfo,petiolelength,엽병장,cm,13
331,3,2025-02-03,3,1,leafinfo,leafnumber,엽수,개,8
331,3,2025-02-03,3,1,steminfo,crowndiameter,관부직경,cm,2.5
331,3,2025-02-03,3,1,plantobjectinfo,fruitingnumber,착과수,개,5
332,3,2025-02-03,3,2,steminfo,plantheight,초장,cm,28
332,3,2025-02-03,3,2,leafinfo,leaflength,엽장,cm,12
332,3,2025-02-03,3,2,leafinfo,leafwidth,엽폭,cm,10
332,3,2025-02-03,3,2,leafinfo,petiolelength,엽병장,cm,16
332,3,2025-02-03,3,2,leafinfo,leafnumber,엽수,개,7
332,3,2025-02-03,3,2,steminfo,crowndiameter,관부직경,cm,2.5
332,3,2025-02-03,3,2,plantobjectinfo,fruitingnumber,착과수,개,5
341,3,2025-02-03,4,1,steminfo,plantheight,초장,cm,27
341,3,2025-02-03,4,1,leafinfo,leaflength,엽장,cm,10
341,3,2025-02-03,4,1,leafinfo,leafwidth,엽폭,cm,9
341,3,2025-02-03,4,1,leafinfo,petiolelength,엽병장,cm,17
341,3,2025-02-03,4,1,leafinfo,leafnumber,엽수,개,7
341,3,2025-02-03,4,1,steminfo,crowndiameter,관부직경,cm,2.3
341,3,2025-02-03,4,1,plantobjectinfo,fruitingnumber,착과수,개,6
342,3,2025-02-03,4,2,steminfo,plantheight,초장,cm,26
342,3,2025-02-03,4,2,leafinfo,leaflength,엽장,cm,10
342,3,2025-02-03,4,2,leafinfo,leafwidth,엽폭,cm,9
342,3,2025-02-03,4,2,leafinfo,petiolelength,엽병장,cm,16
342,3,2025-02-03,4,2,leafinfo,leafnumber,엽수,개,6
342,3,2025-02-03,4,2,steminfo,crowndiameter,관부직경,cm,2.5
342,3,2025-02-03,4,2,plantobjectinfo,fruitingnumber,착과수,개,7
351,3,2025-02-03,5,1,steminfo,plantheight,초장,cm,27
351,3,2025-02-03,5,1,leafinfo,leaflength,엽장,cm,10
351,3,2025-02-03,5,1,leafinfo,leafwidth,엽폭,cm,9
351,3,2025-02-03,5,1,leafinfo,petiolelength,엽병장,cm,17
351,3,2025-02-03,5,1,leafinfo,leafnumber,엽수,개,7
351,3,2025-02-03,5,1,steminfo,crowndiameter,관부직경,cm,2.5
351,3,2025-02-03,5,1,plantobjectinfo,fruitingnumber,착과수,개,5
352,3,2025-02-03,5,2,steminfo,plantheight,초장,cm,26
352,3,2025-02-03,5,2,leafinfo,leaflength,엽장,cm,11
352,3,2025-02-03,5,2,leafinfo,leafwidth,엽폭,cm,9
352,3,2025-02-03,5,2,leafinfo,petiolelength,엽병장,cm,15
352,3,2025-02-03,5,2,leafinfo,leafnumber,엽수,개,6
352,3,2025-02-03,5,2,steminfo,crowndiameter,관부직경,cm,2.3
352,3,2025-02-03,5,2,plantobjectinfo,fruitingnumber,착과수,개,6
411,4,2024-11-01,1,1,steminfo,plantheight,초장,cm,22
411,4,2024-11-01,1,1,leafinfo,leaflength,엽장,cm,10
411,4,2024-11-01,1,1,leafinfo,leafwidth,엽폭,cm,8
411,4,2024-11-01,1,1,leafinfo,petiolelength,엽병장,cm,11
411,4,2024-11-01,1,1,leafinfo,leafnumber,엽수,개,7
411,4,2024-11-01,1,1,steminfo,crowndiameter,관부직경,cm,2
411,4,2024-11-01,1,1,plantobjectinfo,fruitingnumber,착과수,개,0
412,4,2024-11-01,1,2,steminfo,plantheight,초장,cm,24
412,4,2024-11-01,1,2,leafinfo,leaflength,엽장,cm,9
412,4,2024-11-01,1,2,leafinfo,leafwidth,엽폭,cm,8
412,4,2024-11-01,1,2,leafinfo,petiolelength,엽병장,cm,14
412,4,2024-11-01,1,2,leafinfo,leafnumber,엽수,개,6
412,4,2024-11-01,1,2,steminfo,crowndiameter,관부직경,cm,2
412,4,2024-11-01,1,2,plantobjectinfo,fruitingnumber,착과수,개,0
421,4,2024-11-01,2,1,steminfo,plantheight,초장,cm,19
421,4,2024-11-01,2,1,leafinfo,leaflength,엽장,cm,10
421,4,2024-11-01,2,1,leafinfo,leafwidth,엽폭,cm,8
421,4,2024-11-01,2,1,leafinfo,petiolelength,엽병장,cm,9
421,4,2024-11-01,2,1,leafinfo,leafnumber,엽수,개,6
421,4,2024-11-01,2,1,steminfo,crowndiameter,관부직경,cm,1.5
421,4,2024-11-01,2,1,plantobjectinfo,fruitingnumber,착과수,개,0
422,4,2024-11-01,2,2,steminfo,plantheight,초장,cm,23
422,4,2024-11-01,2,2,leafinfo,leaflength,엽장,cm,11
422,4,2024-11-01,2,2,leafinfo,leafwidth,엽폭,cm,9
422,4,2024-11-01,2,2,leafinfo,petiolelength,엽병장,cm,12
422,4,2024-11-01,2,2,leafinfo,leafnumber,엽수,개,6
422,4,2024-11-01,2,2,steminfo,crowndiameter,관부직경,cm,1.5
422,4,2024-11-01,2,2,plantobjectinfo,fruitingnumber,착과수,개,0
431,4,2024-11-01,3,1,steminfo,plantheight,초장,cm,27
431,4,2024-11-01,3,1,leafinfo,leaflength,엽장,cm,11
431,4,2024-11-01,3,1,leafinfo,leafwidth,엽폭,cm,9
431,4,2024-11-01,3,1,leafinfo,petiolelength,엽병장,cm,15
431,4,2024-11-01,3,1,leafinfo,leafnumber,엽수,개,8
431,4,2024-11-01,3,1,steminfo,crowndiameter,관부직경,cm,2
431,4,2024-11-01,3,1,plantobjectinfo,fruitingnumber,착과수,개,0
432,4,2024-11-01,3,2,steminfo,plantheight,초장,cm,24
432,4,2024-11-01,3,2,leafinfo,leaflength,엽장,cm,10
432,4,2024-11-01,3,2,leafinfo,leafwidth,엽폭,cm,9
432,4,2024-11-01,3,2,leafinfo,petiolelength,엽병장,cm,13
432,4,2024-11-01,3,2,leafinfo,leafnumber,엽수,개,7
432,4,2024-11-01,3,2,steminfo,crowndiameter,관부직경,cm,0
432,4,2024-11-01,3,2,plantobjectinfo,fruitingnumber,착과수,개,0
441,4,2024-11-01,4,1,steminfo,plantheight,초장,cm,28
441,4,2024-11-01,4,1,leafinfo,leaflength,엽장,cm,11
441,4,2024-11-01,4,1,leafinfo,leafwidth,엽폭,cm,9
441,4,2024-11-01,4,1,leafinfo,petiolelength,엽병장,cm,16
441,4,2024-11-01,4,1,leafinfo,leafnumber,엽수,개,7
441,4,2024-11-01,4,1,steminfo,crowndiameter,관부직경,cm,1.5
441,4,2024-11-01,4,1,plantobjectinfo,fruitingnumber,착과수,개,0
442,4,2024-11-01,4,2,steminfo,plantheight,초장,cm,26
442,4,2024-11-01,4,2,leafinfo,leaflength,엽장,cm,11
442,4,2024-11-01,4,2,leafinfo,leafwidth,엽폭,cm,10
442,4,2024-11-01,4,2,leafinfo,petiolelength,엽병장,cm,14
442,4,2024-11-01,4,2,leafinfo,leafnumber,엽수,개,7
442,4,2024-11-01,4,2,steminfo,crowndiameter,관부직경,cm,2
442,4,2024-11-01,4,2,plantobjectinfo,fruitingnumber,착과수,개,0
451,4,2024-11-01,5,1,steminfo,plantheight,초장,cm,22
451,4,2024-11-01,5,1,leafinfo,leaflength,엽장,cm,10
451,4,2024-11-01,5,1,leafinfo,leafwidth,엽폭,cm,7
451,4,2024-11-01,5,1,leafinfo,petiolelength,엽병장,cm,11
451,4,2024-11-01,5,1,leafinfo,leafnumber,엽수,개,6
451,4,2024-11-01,5,1,steminfo,crowndiameter,관부직경,cm,1.5
451,4,2024-11-01,5,1,plantobjectinfo,fruitingnumber,착과수,개,0
452,4,2024-11-01,5,2,steminfo,plantheight,초장,cm,20
452,4,2024-11-01,5,2,leafinfo,leaflength,엽장,cm,10
452,4,2024-11-01,5,2,leafinfo,leafwidth,엽폭,cm,8
452,4,2024-11-01,5,2,leafinfo,petiolelength,엽병장,cm,10
452,4,2024-11-01,5,2,leafinfo,leafnumber,엽수,개,6
452,4,2024-11-01,5,2,steminfo,crowndiameter,관부직경,cm,1.5
452,4,2024-11-01,5,2,plantobjectinfo,fruitingnumber,착과수,개,0
411,4,2024-11-04,1,1,steminfo,plantheight,초장,cm,23
411,4,2024-11-04,1,1,leafinfo,leaflength,엽장,cm,11
411,4,2024-11-04,1,1,leafinfo,leafwidth,엽폭,cm,9
411,4,2024-11-04,1,1,leafinfo,petiolelength,엽병장,cm,12
411,4,2024-11-04,1,1,leafinfo,leafnumber,엽수,개,7
411,4,2024-11-04,1,1,steminfo,crowndiameter,관부직경,cm,2
411,4,2024-11-04,1,1,plantobjectinfo,fruitingnumber,착과수,개,0
412,4,2024-11-04,1,2,steminfo,plantheight,초장,cm,25
412,4,2024-11-04,1,2,leafinfo,leaflength,엽장,cm,10
412,4,2024-11-04,1,2,leafinfo,leafwidth,엽폭,cm,9
412,4,2024-11-04,1,2,leafinfo,petiolelength,엽병장,cm,15
412,4,2024-11-04,1,2,leafinfo,leafnumber,엽수,개,6
412,4,2024-11-04,1,2,steminfo,crowndiameter,관부직경,cm,2
412,4,2024-11-04,1,2,plantobjectinfo,fruitingnumber,착과수,개,0
421,4,2024-11-04,2,1,steminfo,plantheight,초장,cm,19
421,4,2024-11-04,2,1,leafinfo,leaflength,엽장,cm,10
421,4,2024-11-04,2,1,leafinfo,leafwidth,엽폭,cm,8
421,4,2024-11-04,2,1,leafinfo,petiolelength,엽병장,cm,9
421,4,2024-11-04,2,1,leafinfo,leafnumber,엽수,개,6
421,4,2024-11-04,2,1,steminfo,crowndiameter,관부직경,cm,1.5
421,4,2024-11-04,2,1,plantobjectinfo,fruitingnumber,착과수,개,0
422,4,2024-11-04,2,2,steminfo,plantheight,초장,cm,23
422,4,2024-11-04,2,2,leafinfo,leaflength,엽장,cm,11
422,4,2024-11-04,2,2,leafinfo,leafwidth,엽폭,cm,9
422,4,2024-11-04,2,2,leafinfo,petiolelength,엽병장,cm,12
422,4,2024-11-04,2,2,leafinfo,leafnumber,엽수,개,6
422,4,2024-11-04,2,2,steminfo,crowndiameter,관부직경,cm,1.5
422,4,2024-11-04,2,2,plantobjectinfo,fruitingnumber,착과수,개,0
431,4,2024-11-04,3,1,steminfo,plantheight,초장,cm,28
431,4,2024-11-04,3,1,leafinfo,leaflength,엽장,cm,12
431,4,2024-11-04,3,1,leafinfo,leafwidth,엽폭,cm,10
431,4,2024-11-04,3,1,leafinfo,petiolelength,엽병장,cm,16
431,4,2024-11-04,3,1,leafinfo,leafnumber,엽수,개,8
431,4,2024-11-04,3,1,steminfo,crowndiameter,관부직경,cm,2
431,4,2024-11-04,3,1,plantobjectinfo,fruitingnumber,착과수,개,0
432,4,2024-11-04,3,2,steminfo,plantheight,초장,cm,25
432,4,2024-11-04,3,2,leafinfo,leaflength,엽장,cm,11
432,4,2024-11-04,3,2,leafinfo,leafwidth,엽폭,cm,10
432,4,2024-11-04,3,2,leafinfo,petiolelength,엽병장,cm,14
432,4,2024-11-04,3,2,leafinfo,leafnumber,엽수,개,7
432,4,2024-11-04,3,2,steminfo,crowndiameter,관부직경,cm,2
432,4,2024-11-04,3,2,plantobjectinfo,fruitingnumber,착과수,개,0
441,4,2024-11-04,4,1,steminfo,plantheight,초장,cm,29
441,4,2024-11-04,4,1,leafinfo,leaflength,엽장,cm,12
441,4,2024-11-04,4,1,leafinfo,leafwidth,엽폭,cm,10
441,4,2024-11-04,4,1,leafinfo,petiolelength,엽병장,cm,17
441,4,2024-11-04,4,1,leafinfo,leafnumber,엽수,개,7
441,4,2024-11-04,4,1,steminfo,crowndiameter,관부직경,cm,1.5
441,4,2024-11-04,4,1,plantobjectinfo,fruitingnumber,착과수,개,0
442,4,2024-11-04,4,2,steminfo,plantheight,초장,cm,27
442,4,2024-11-04,4,2,leafinfo,leaflength,엽장,cm,12
442,4,2024-11-04,4,2,leafinfo,leafwidth,엽폭,cm,11
442,4,2024-11-04,4,2,leafinfo,petiolelength,엽병장,cm,15
442,4,2024-11-04,4,2,leafinfo,leafnumber,엽수,개,7
442,4,2024-11-04,4,2,steminfo,crowndiameter,관부직경,cm,2
442,4,2024-11-04,4,2,plantobjectinfo,fruitingnumber,착과수,개,0
451,4,2024-11-04,5,1,steminfo,plantheight,초장,cm,23
451,4,2024-11-04,5,1,leafinfo,leaflength,엽장,cm,11
451,4,2024-11-04,5,1,leafinfo,leafwidth,엽폭,cm,8
451,4,2024-11-04,5,1,leafinfo,petiolelength,엽병장,cm,12
451,4,2024-11-04,5,1,leafinfo,leafnumber,엽수,개,6
451,4,2024-11-04,5,1,steminfo,crowndiameter,관부직경,cm,1.5
451,4,2024-11-04,5,1,plantobjectinfo,fruitingnumber,착과수,개,0
452,4,2024-11-04,5,2,steminfo,plantheight,초장,cm,20
452,4,2024-11-04,5,2,leafinfo,leaflength,엽장,cm,10
452,4,2024-11-04,5,2,leafinfo,leafwidth,엽폭,cm,8
452,4,2024-11-04,5,2,leafinfo,petiolelength,엽병장,cm,10
452,4,2024-11-04,5,2,leafinfo,leafnumber,엽수,개,6
452,4,2024-11-04,5,2,steminfo,crowndiameter,관부직경,cm,1.5
452,4,2024-11-04,5,2,plantobjectinfo,fruitingnumber,착과수,개,0
411,4,2024-11-11,1,1,steminfo,plantheight,초장,cm,27
411,4,2024-11-11,1,1,leafinfo,leaflength,엽장,cm,11
411,4,2024-11-11,1,1,leafinfo,leafwidth,엽폭,cm,9
411,4,2024-11-11,1,1,leafinfo,petiolelength,엽병장,cm,16
411,4,2024-11-11,1,1,leafinfo,leafnumber,엽수,개,7
411,4,2024-11-11,1,1,steminfo,crowndiameter,관부직경,cm,2
411,4,2024-11-11,1,1,plantobjectinfo,fruitingnumber,착과수,개,0
412,4,2024-11-11,1,2,steminfo,plantheight,초장,cm,27
412,4,2024-11-11,1,2,leafinfo,leaflength,엽장,cm,10
412,4,2024-11-11,1,2,leafinfo,leafwidth,엽폭,cm,9
412,4,2024-11-11,1,2,leafinfo,petiolelength,엽병장,cm,17
412,4,2024-11-11,1,2,leafinfo,leafnumber,엽수,개,7
412,4,2024-11-11,1,2,steminfo,crowndiameter,관부직경,cm,2
412,4,2024-11-11,1,2,plantobjectinfo,fruitingnumber,착과수,개,0
421,4,2024-11-11,2,1,steminfo,plantheight,초장,cm,21
421,4,2024-11-11,2,1,leafinfo,leaflength,엽장,cm,10
421,4,2024-11-11,2,1,leafinfo,leafwidth,엽폭,cm,8
421,4,2024-11-11,2,1,leafinfo,petiolelength,엽병장,cm,11
421,4,2024-11-11,2,1,leafinfo,leafnumber,엽수,개,7
421,4,2024-11-11,2,1,steminfo,crowndiameter,관부직경,cm,1.5
421,4,2024-11-11,2,1,plantobjectinfo,fruitingnumber,착과수,개,1
422,4,2024-11-11,2,2,steminfo,plantheight,초장,cm,24
422,4,2024-11-11,2,2,leafinfo,leaflength,엽장,cm,11
422,4,2024-11-11,2,2,leafinfo,leafwidth,엽폭,cm,9
422,4,2024-11-11,2,2,leafinfo,petiolelength,엽병장,cm,13
422,4,2024-11-11,2,2,leafinfo,leafnumber,엽수,개,6
422,4,2024-11-11,2,2,steminfo,crowndiameter,관부직경,cm,1.5
422,4,2024-11-11,2,2,plantobjectinfo,fruitingnumber,착과수,개,0
431,4,2024-11-11,3,1,steminfo,plantheight,초장,cm,29
431,4,2024-11-11,3,1,leafinfo,leaflength,엽장,cm,12
431,4,2024-11-11,3,1,leafinfo,leafwidth,엽폭,cm,10
431,4,2024-11-11,3,1,leafinfo,petiolelength,엽병장,cm,17
431,4,2024-11-11,3,1,leafinfo,leafnumber,엽수,개,7
431,4,2024-11-11,3,1,steminfo,crowndiameter,관부직경,cm,2
431,4,2024-11-11,3,1,plantobjectinfo,fruitingnumber,착과수,개,0
432,4,2024-11-11,3,2,steminfo,plantheight,초장,cm,26
432,4,2024-11-11,3,2,leafinfo,leaflength,엽장,cm,11
432,4,2024-11-11,3,2,leafinfo,leafwidth,엽폭,cm,10
432,4,2024-11-11,3,2,leafinfo,petiolelength,엽병장,cm,15
432,4,2024-11-11,3,2,leafinfo,leafnumber,엽수,개,7
432,4,2024-11-11,3,2,steminfo,crowndiameter,관부직경,cm,2
432,4,2024-11-11,3,2,plantobjectinfo,fruitingnumber,착과수,개,0
441,4,2024-11-11,4,1,steminfo,plantheight,초장,cm,29
441,4,2024-11-11,4,1,leafinfo,leaflength,엽장,cm,12
441,4,2024-11-11,4,1,leafinfo,leafwidth,엽폭,cm,10
441,4,2024-11-11,4,1,leafinfo,petiolelength,엽병장,cm,17
441,4,2024-11-11,4,1,leafinfo,leafnumber,엽수,개,7
441,4,2024-11-11,4,1,steminfo,crowndiameter,관부직경,cm,1.5
441,4,2024-11-11,4,1,plantobjectinfo,fruitingnumber,착과수,개,0
442,4,2024-11-11,4,2,steminfo,plantheight,초장,cm,27
442,4,2024-11-11,4,2,leafinfo,leaflength,엽장,cm,12
442,4,2024-11-11,4,2,leafinfo,leafwidth,엽폭,cm,11
442,4,2024-11-11,4,2,leafinfo,petiolelength,엽병장,cm,15
442,4,2024-11-11,4,2,leafinfo,leafnumber,엽수,개,7
442,4,2024-11-11,4,2,steminfo,crowndiameter,관부직경,cm,2
442,4,2024-11-11,4,2,plantobjectinfo,fruitingnumber,착과수,개,0
451,4,2024-11-11,5,1,steminfo,plantheight,초장,cm,24
451,4,2024-11-11,5,1,leafinfo,leaflength,엽장,cm,11
451,4,2024-11-11,5,1,leafinfo,leafwidth,엽폭,cm,8
451,4,2024-11-11,5,1,leafinfo,petiolelength,엽병장,cm,13
451,4,2024-11-11,5,1,leafinfo,leafnumber,엽수,개,6
451,4,2024-11-11,5,1,steminfo,crowndiameter,관부직경,cm,1.5
451,4,2024-11-11,5,1,plantobjectinfo,fruitingnumber,착과수,개,0
452,4,2024-11-11,5,2,steminfo,plantheight,초장,cm,22
452,4,2024-11-11,5,2,leafinfo,leaflength,엽장,cm,10
452,4,2024-11-11,5,2,leafinfo,leafwidth,엽폭,cm,12
452,4,2024-11-11,5,2,leafinfo,petiolelength,엽병장,cm,12
452,4,2024-11-11,5,2,leafinfo,leafnumber,엽수,개,7
452,4,2024-11-11,5,2,steminfo,crowndiameter,관부직경,cm,1.5
452,4,2024-11-11,5,2,plantobjectinfo,fruitingnumber,착과수,개,0
411,4,2024-11-18,1,1,steminfo,plantheight,초장,cm,27
411,4,2024-11-18,1,1,leafinfo,leaflength,엽장,cm,11
411,4,2024-11-18,1,1,leafinfo,leafwidth,엽폭,cm,9
411,4,2024-11-18,1,1,leafinfo,petiolelength,엽병장,cm,16
411,4,2024-11-18,1,1,leafinfo,leafnumber,엽수,개,6
411,4,2024-11-18,1,1,steminfo,crowndiameter,관부직경,cm,2
411,4,2024-11-18,1,1,plantobjectinfo,fruitingnumber,착과수,개,0
412,4,2024-11-18,1,2,steminfo,plantheight,초장,cm,28
412,4,2024-11-18,1,2,leafinfo,leaflength,엽장,cm,10
412,4,2024-11-18,1,2,leafinfo,leafwidth,엽폭,cm,9
412,4,2024-11-18,1,2,leafinfo,petiolelength,엽병장,cm,18
412,4,2024-11-18,1,2,leafinfo,leafnumber,엽수,개,6
412,4,2024-11-18,1,2,steminfo,crowndiameter,관부직경,cm,2
412,4,2024-11-18,1,2,plantobjectinfo,fruitingnumber,착과수,개,1
421,4,2024-11-18,2,1,steminfo,plantheight,초장,cm,22
421,4,2024-11-18,2,1,leafinfo,leaflength,엽장,cm,10
421,4,2024-11-18,2,1,leafinfo,leafwidth,엽폭,cm,8
421,4,2024-11-18,2,1,leafinfo,petiolelength,엽병장,cm,12
421,4,2024-11-18,2,1,leafinfo,leafnumber,엽수,개,6
421,4,2024-11-18,2,1,steminfo,crowndiameter,관부직경,cm,1.5
421,4,2024-11-18,2,1,plantobjectinfo,fruitingnumber,착과수,개,3
422,4,2024-11-18,2,2,steminfo,plantheight,초장,cm,24
422,4,2024-11-18,2,2,leafinfo,leaflength,엽장,cm,11
422,4,2024-11-18,2,2,leafinfo,leafwidth,엽폭,cm,9
422,4,2024-11-18,2,2,leafinfo,petiolelength,엽병장,cm,13
422,4,2024-11-18,2,2,leafinfo,leafnumber,엽수,개,6
422,4,2024-11-18,2,2,steminfo,crowndiameter,관부직경,cm,1.5
422,4,2024-11-18,2,2,plantobjectinfo,fruitingnumber,착과수,개,0
431,4,2024-11-18,3,1,steminfo,plantheight,초장,cm,30
431,4,2024-11-18,3,1,leafinfo,leaflength,엽장,cm,12
431,4,2024-11-18,3,1,leafinfo,leafwidth,엽폭,cm,10
431,4,2024-11-18,3,1,leafinfo,petiolelength,엽병장,cm,18
431,4,2024-11-18,3,1,leafinfo,leafnumber,엽수,개,6
431,4,2024-11-18,3,1,steminfo,crowndiameter,관부직경,cm,2
431,4,2024-11-18,3,1,plantobjectinfo,fruitingnumber,착과수,개,0
432,4,2024-11-18,3,2,steminfo,plantheight,초장,cm,27
432,4,2024-11-18,3,2,leafinfo,leaflength,엽장,cm,11
432,4,2024-11-18,3,2,leafinfo,leafwidth,엽폭,cm,10
432,4,2024-11-18,3,2,leafinfo,petiolelength,엽병장,cm,16
432,4,2024-11-18,3,2,leafinfo,leafnumber,엽수,개,5
432,4,2024-11-18,3,2,steminfo,crowndiameter,관부직경,cm,2
432,4,2024-11-18,3,2,plantobjectinfo,fruitingnumber,착과수,개,1
441,4,2024-11-18,4,1,steminfo,plantheight,초장,cm,30
441,4,2024-11-18,4,1,leafinfo,leaflength,엽장,cm,12
441,4,2024-11-18,4,1,leafinfo,leafwidth,엽폭,cm,10
441,4,2024-11-18,4,1,leafinfo,petiolelength,엽병장,cm,18
441,4,2024-11-18,4,1,leafinfo,leafnumber,엽수,개,6
441,4,2024-11-18,4,1,steminfo,crowndiameter,관부직경,cm,1.5
441,4,2024-11-18,4,1,plantobjectinfo,fruitingnumber,착과수,개,1
442,4,2024-11-18,4,2,steminfo,plantheight,초장,cm,28
442,4,2024-11-18,4,2,leafinfo,leaflength,엽장,cm,12
442,4,2024-11-18,4,2,leafinfo,leafwidth,엽폭,cm,11
442,4,2024-11-18,4,2,leafinfo,petiolelength,엽병장,cm,16
442,4,2024-11-18,4,2,leafinfo,leafnumber,엽수,개,6
442,4,2024-11-18,4,2,steminfo,crowndiameter,관부직경,cm,2
442,4,2024-11-18,4,2,plantobjectinfo,fruitingnumber,착과수,개,0
451,4,2024-11-18,5,1,steminfo,plantheight,초장,cm,26
451,4,2024-11-18,5,1,leafinfo,leaflength,엽장,cm,11
451,4,2024-11-18,5,1,leafinfo,leafwidth,엽폭,cm,8
451,4,2024-11-18,5,1,leafinfo,petiolelength,엽병장,cm,15
451,4,2024-11-18,5,1,leafinfo,leafnumber,엽수,개,6
451,4,2024-11-18,5,1,steminfo,crowndiameter,관부직경,cm,1.5
451,4,2024-11-18,5,1,plantobjectinfo,fruitingnumber,착과수,개,1
452,4,2024-11-18,5,2,steminfo,plantheight,초장,cm,23
452,4,2024-11-18,5,2,leafinfo,leaflength,엽장,cm,10
452,4,2024-11-18,5,2,leafinfo,leafwidth,엽폭,cm,12
452,4,2024-11-18,5,2,leafinfo,petiolelength,엽병장,cm,13
452,4,2024-11-18,5,2,leafinfo,leafnumber,엽수,개,6
452,4,2024-11-18,5,2,steminfo,crowndiameter,관부직경,cm,1.5
452,4,2024-11-18,5,2,plantobjectinfo,fruitingnumber,착과수,개,0
411,4,2024-11-25,1,1,steminfo,plantheight,초장,cm,28
411,4,2024-11-25,1,1,leafinfo,leaflength,엽장,cm,11
411,4,2024-11-25,1,1,leafinfo,leafwidth,엽폭,cm,9
411,4,2024-11-25,1,1,leafinfo,petiolelength,엽병장,cm,17
411,4,2024-11-25,1,1,leafinfo,leafnumber,엽수,개,6
411,4,2024-11-25,1,1,steminfo,crowndiameter,관부직경,cm,2
411,4,2024-11-25,1,1,plantobjectinfo,fruitingnumber,착과수,개,3
412,4,2024-11-25,1,2,steminfo,plantheight,초장,cm,28
412,4,2024-11-25,1,2,leafinfo,leaflength,엽장,cm,10
412,4,2024-11-25,1,2,leafinfo,leafwidth,엽폭,cm,9
412,4,2024-11-25,1,2,leafinfo,petiolelength,엽병장,cm,18
412,4,2024-11-25,1,2,leafinfo,leafnumber,엽수,개,6
412,4,2024-11-25,1,2,steminfo,crowndiameter,관부직경,cm,2
412,4,2024-11-25,1,2,plantobjectinfo,fruitingnumber,착과수,개,5
421,4,2024-11-25,2,1,steminfo,plantheight,초장,cm,23
421,4,2024-11-25,2,1,leafinfo,leaflength,엽장,cm,10
421,4,2024-11-25,2,1,leafinfo,leafwidth,엽폭,cm,8
421,4,2024-11-25,2,1,leafinfo,petiolelength,엽병장,cm,13
421,4,2024-11-25,2,1,leafinfo,leafnumber,엽수,개,6
421,4,2024-11-25,2,1,steminfo,crowndiameter,관부직경,cm,1.5
421,4,2024-11-25,2,1,plantobjectinfo,fruitingnumber,착과수,개,7
422,4,2024-11-25,2,2,steminfo,plantheight,초장,cm,25
422,4,2024-11-25,2,2,leafinfo,leaflength,엽장,cm,11
422,4,2024-11-25,2,2,leafinfo,leafwidth,엽폭,cm,9
422,4,2024-11-25,2,2,leafinfo,petiolelength,엽병장,cm,14
422,4,2024-11-25,2,2,leafinfo,leafnumber,엽수,개,6
422,4,2024-11-25,2,2,steminfo,crowndiameter,관부직경,cm,1.5
422,4,2024-11-25,2,2,plantobjectinfo,fruitingnumber,착과수,개,1
431,4,2024-11-25,3,1,steminfo,plantheight,초장,cm,30
431,4,2024-11-25,3,1,leafinfo,leaflength,엽장,cm,12
431,4,2024-11-25,3,1,leafinfo,leafwidth,엽폭,cm,10
431,4,2024-11-25,3,1,leafinfo,petiolelength,엽병장,cm,18
431,4,2024-11-25,3,1,leafinfo,leafnumber,엽수,개,6
431,4,2024-11-25,3,1,steminfo,crowndiameter,관부직경,cm,2
431,4,2024-11-25,3,1,plantobjectinfo,fruitingnumber,착과수,개,4
432,4,2024-11-25,3,2,steminfo,plantheight,초장,cm,28
432,4,2024-11-25,3,2,leafinfo,leaflength,엽장,cm,11
432,4,2024-11-25,3,2,leafinfo,leafwidth,엽폭,cm,10
432,4,2024-11-25,3,2,leafinfo,petiolelength,엽병장,cm,17
432,4,2024-11-25,3,2,leafinfo,leafnumber,엽수,개,5
432,4,2024-11-25,3,2,steminfo,crowndiameter,관부직경,cm,2
432,4,2024-11-25,3,2,plantobjectinfo,fruitingnumber,착과수,개,5
441,4,2024-11-25,4,1,steminfo,plantheight,초장,cm,30
441,4,2024-11-25,4,1,leafinfo,leaflength,엽장,cm,12
441,4,2024-11-25,4,1,leafinfo,leafwidth,엽폭,cm,10
441,4,2024-11-25,4,1,leafinfo,petiolelength,엽병장,cm,18
441,4,2024-11-25,4,1,leafinfo,leafnumber,엽수,개,6
441,4,2024-11-25,4,1,steminfo,crowndiameter,관부직경,cm,1.5
441,4,2024-11-25,4,1,plantobjectinfo,fruitingnumber,착과수,개,5
442,4,2024-11-25,4,2,steminfo,plantheight,초장,cm,29
442,4,2024-11-25,4,2,leafinfo,leaflength,엽장,cm,12
442,4,2024-11-25,4,2,leafinfo,leafwidth,엽폭,cm,11
442,4,2024-11-25,4,2,leafinfo,petiolelength,엽병장,cm,17
442,4,2024-11-25,4,2,leafinfo,leafnumber,엽수,개,6
442,4,2024-11-25,4,2,steminfo,crowndiameter,관부직경,cm,2
442,4,2024-11-25,4,2,plantobjectinfo,fruitingnumber,착과수,개,1
451,4,2024-11-25,5,1,steminfo,plantheight,초장,cm,27
451,4,2024-11-25,5,1,leafinfo,leaflength,엽장,cm,11
451,4,2024-11-25,5,1,leafinfo,leafwidth,엽폭,cm,8
451,4,2024-11-25,5,1,leafinfo,petiolelength,엽병장,cm,16
451,4,2024-11-25,5,1,leafinfo,leafnumber,엽수,개,6
451,4,2024-11-25,5,1,steminfo,crowndiameter,관부직경,cm,1.5
451,4,2024-11-25,5,1,plantobjectinfo,fruitingnumber,착과수,개,4
452,4,2024-11-25,5,2,steminfo,plantheight,초장,cm,25
452,4,2024-11-25,5,2,leafinfo,leaflength,엽장,cm,10
452,4,2024-11-25,5,2,leafinfo,leafwidth,엽폭,cm,12
452,4,2024-11-25,5,2,leafinfo,petiolelength,엽병장,cm,15
452,4,2024-11-25,5,2,leafinfo,leafnumber,엽수,개,6
452,4,2024-11-25,5,2,steminfo,crowndiameter,관부직경,cm,1.5
452,4,2024-11-25,5,2,plantobjectinfo,fruitingnumber,착과수,개,1
411,4,2024-12-02,1,1,steminfo,plantheight,초장,cm,29
411,4,2024-12-02,1,1,leafinfo,leaflength,엽장,cm,12
411,4,2024-12-02,1,1,leafinfo,leafwidth,엽폭,cm,9
411,4,2024-12-02,1,1,leafinfo,petiolelength,엽병장,cm,17
411,4,2024-12-02,1,1,leafinfo,leafnumber,엽수,개,7
411,4,2024-12-02,1,1,steminfo,crowndiameter,관부직경,cm,2
411,4,2024-12-02,1,1,plantobjectinfo,fruitingnumber,착과수,개,7
412,4,2024-12-02,1,2,steminfo,plantheight,초장,cm,28
412,4,2024-12-02,1,2,leafinfo,leaflength,엽장,cm,10
412,4,2024-12-02,1,2,leafinfo,leafwidth,엽폭,cm,9
412,4,2024-12-02,1,2,leafinfo,petiolelength,엽병장,cm,18
412,4,2024-12-02,1,2,leafinfo,leafnumber,엽수,개,6
412,4,2024-12-02,1,2,steminfo,crowndiameter,관부직경,cm,2
412,4,2024-12-02,1,2,plantobjectinfo,fruitingnumber,착과수,개,8
421,4,2024-12-02,2,1,steminfo,plantheight,초장,cm,23
421,4,2024-12-02,2,1,leafinfo,leaflength,엽장,cm,10
421,4,2024-12-02,2,1,leafinfo,leafwidth,엽폭,cm,8
421,4,2024-12-02,2,1,leafinfo,petiolelength,엽병장,cm,13
421,4,2024-12-02,2,1,leafinfo,leafnumber,엽수,개,7
421,4,2024-12-02,2,1,steminfo,crowndiameter,관부직경,cm,2
421,4,2024-12-02,2,1,plantobjectinfo,fruitingnumber,착과수,개,9
422,4,2024-12-02,2,2,steminfo,plantheight,초장,cm,26
422,4,2024-12-02,2,2,leafinfo,leaflength,엽장,cm,12
422,4,2024-12-02,2,2,leafinfo,leafwidth,엽폭,cm,9
422,4,2024-12-02,2,2,leafinfo,petiolelength,엽병장,cm,14
422,4,2024-12-02,2,2,leafinfo,leafnumber,엽수,개,7
422,4,2024-12-02,2,2,steminfo,crowndiameter,관부직경,cm,1.5
422,4,2024-12-02,2,2,plantobjectinfo,fruitingnumber,착과수,개,7
431,4,2024-12-02,3,1,steminfo,plantheight,초장,cm,30
431,4,2024-12-02,3,1,leafinfo,leaflength,엽장,cm,12
431,4,2024-12-02,3,1,leafinfo,leafwidth,엽폭,cm,10
431,4,2024-12-02,3,1,leafinfo,petiolelength,엽병장,cm,18
431,4,2024-12-02,3,1,leafinfo,leafnumber,엽수,개,6
431,4,2024-12-02,3,1,steminfo,crowndiameter,관부직경,cm,2
431,4,2024-12-02,3,1,plantobjectinfo,fruitingnumber,착과수,개,7
432,4,2024-12-02,3,2,steminfo,plantheight,초장,cm,28
432,4,2024-12-02,3,2,leafinfo,leaflength,엽장,cm,11
432,4,2024-12-02,3,2,leafinfo,leafwidth,엽폭,cm,10
432,4,2024-12-02,3,2,leafinfo,petiolelength,엽병장,cm,17
432,4,2024-12-02,3,2,leafinfo,leafnumber,엽수,개,5
432,4,2024-12-02,3,2,steminfo,crowndiameter,관부직경,cm,2
432,4,2024-12-02,3,2,plantobjectinfo,fruitingnumber,착과수,개,8
441,4,2024-12-02,4,1,steminfo,plantheight,초장,cm,30
441,4,2024-12-02,4,1,leafinfo,leaflength,엽장,cm,12
441,4,2024-12-02,4,1,leafinfo,leafwidth,엽폭,cm,10
441,4,2024-12-02,4,1,leafinfo,petiolelength,엽병장,cm,18
441,4,2024-12-02,4,1,leafinfo,leafnumber,엽수,개,6
441,4,2024-12-02,4,1,steminfo,crowndiameter,관부직경,cm,2
441,4,2024-12-02,4,1,plantobjectinfo,fruitingnumber,착과수,개,8
442,4,2024-12-02,4,2,steminfo,plantheight,초장,cm,29
442,4,2024-12-02,4,2,leafinfo,leaflength,엽장,cm,12
442,4,2024-12-02,4,2,leafinfo,leafwidth,엽폭,cm,11
442,4,2024-12-02,4,2,leafinfo,petiolelength,엽병장,cm,17
442,4,2024-12-02,4,2,leafinfo,leafnumber,엽수,개,6
442,4,2024-12-02,4,2,steminfo,crowndiameter,관부직경,cm,2
442,4,2024-12-02,4,2,plantobjectinfo,fruitingnumber,착과수,개,6
451,4,2024-12-02,5,1,steminfo,plantheight,초장,cm,27
451,4,2024-12-02,5,1,leafinfo,leaflength,엽장,cm,11
451,4,2024-12-02,5,1,leafinfo,leafwidth,엽폭,cm,8
451,4,2024-12-02,5,1,leafinfo,petiolelength,엽병장,cm,16
451,4,2024-12-02,5,1,leafinfo,leafnumber,엽수,개,6
451,4,2024-12-02,5,1,steminfo,crowndiameter,관부직경,cm,2
451,4,2024-12-02,5,1,plantobjectinfo,fruitingnumber,착과수,개,8
452,4,2024-12-02,5,2,steminfo,plantheight,초장,cm,26
452,4,2024-12-02,5,2,leafinfo,leaflength,엽장,cm,11
452,4,2024-12-02,5,2,leafinfo,leafwidth,엽폭,cm,12
452,4,2024-12-02,5,2,leafinfo,petiolelength,엽병장,cm,15
452,4,2024-12-02,5,2,leafinfo,leafnumber,엽수,개,6
452,4,2024-12-02,5,2,steminfo,crowndiameter,관부직경,cm,1.5
452,4,2024-12-02,5,2,plantobjectinfo,fruitingnumber,착과수,개,6
411,4,2024-12-09,1,1,steminfo,plantheight,초장,cm,30
411,4,2024-12-09,1,1,leafinfo,leaflength,엽장,cm,12
411,4,2024-12-09,1,1,leafinfo,leafwidth,엽폭,cm,9
411,4,2024-12-09,1,1,leafinfo,petiolelength,엽병장,cm,18
411,4,2024-12-09,1,1,leafinfo,leafnumber,엽수,개,7
411,4,2024-12-09,1,1,steminfo,crowndiameter,관부직경,cm,2
411,4,2024-12-09,1,1,plantobjectinfo,fruitingnumber,착과수,개,8
412,4,2024-12-09,1,2,steminfo,plantheight,초장,cm,28
412,4,2024-12-09,1,2,leafinfo,leaflength,엽장,cm,10
412,4,2024-12-09,1,2,leafinfo,leafwidth,엽폭,cm,9
412,4,2024-12-09,1,2,leafinfo,petiolelength,엽병장,cm,18
412,4,2024-12-09,1,2,leafinfo,leafnumber,엽수,개,6
412,4,2024-12-09,1,2,steminfo,crowndiameter,관부직경,cm,2
412,4,2024-12-09,1,2,plantobjectinfo,fruitingnumber,착과수,개,9
421,4,2024-12-09,2,1,steminfo,plantheight,초장,cm,23
421,4,2024-12-09,2,1,leafinfo,leaflength,엽장,cm,10
421,4,2024-12-09,2,1,leafinfo,leafwidth,엽폭,cm,8
421,4,2024-12-09,2,1,leafinfo,petiolelength,엽병장,cm,13
421,4,2024-12-09,2,1,leafinfo,leafnumber,엽수,개,7
421,4,2024-12-09,2,1,steminfo,crowndiameter,관부직경,cm,2
421,4,2024-12-09,2,1,plantobjectinfo,fruitingnumber,착과수,개,9
422,4,2024-12-09,2,2,steminfo,plantheight,초장,cm,26
422,4,2024-12-09,2,2,leafinfo,leaflength,엽장,cm,12
422,4,2024-12-09,2,2,leafinfo,leafwidth,엽폭,cm,9
422,4,2024-12-09,2,2,leafinfo,petiolelength,엽병장,cm,14
422,4,2024-12-09,2,2,leafinfo,leafnumber,엽수,개,7
422,4,2024-12-09,2,2,steminfo,crowndiameter,관부직경,cm,1.5
422,4,2024-12-09,2,2,plantobjectinfo,fruitingnumber,착과수,개,9
431,4,2024-12-09,3,1,steminfo,plantheight,초장,cm,30
431,4,2024-12-09,3,1,leafinfo,leaflength,엽장,cm,12
431,4,2024-12-09,3,1,leafinfo,leafwidth,엽폭,cm,10
431,4,2024-12-09,3,1,leafinfo,petiolelength,엽병장,cm,18
431,4,2024-12-09,3,1,leafinfo,leafnumber,엽수,개,6
431,4,2024-12-09,3,1,steminfo,crowndiameter,관부직경,cm,2
431,4,2024-12-09,3,1,plantobjectinfo,fruitingnumber,착과수,개,8
432,4,2024-12-09,3,2,steminfo,plantheight,초장,cm,28
432,4,2024-12-09,3,2,leafinfo,leaflength,엽장,cm,11
432,4,2024-12-09,3,2,leafinfo,leafwidth,엽폭,cm,10
432,4,2024-12-09,3,2,leafinfo,petiolelength,엽병장,cm,17
432,4,2024-12-09,3,2,leafinfo,leafnumber,엽수,개,5
432,4,2024-12-09,3,2,steminfo,crowndiameter,관부직경,cm,2
432,4,2024-12-09,3,2,plantobjectinfo,fruitingnumber,착과수,개,8
441,4,2024-12-09,4,1,steminfo,plantheight,초장,cm,30
441,4,2024-12-09,4,1,leafinfo,leaflength,엽장,cm,12
441,4,2024-12-09,4,1,leafinfo,leafwidth,엽폭,cm,10
441,4,2024-12-09,4,1,leafinfo,petiolelength,엽병장,cm,18
441,4,2024-12-09,4,1,leafinfo,leafnumber,엽수,개,6
441,4,2024-12-09,4,1,steminfo,crowndiameter,관부직경,cm,2
441,4,2024-12-09,4,1,plantobjectinfo,fruitingnumber,착과수,개,9
442,4,2024-12-09,4,2,steminfo,plantheight,초장,cm,29
442,4,2024-12-09,4,2,leafinfo,leaflength,엽장,cm,12
442,4,2024-12-09,4,2,leafinfo,leafwidth,엽폭,cm,11
442,4,2024-12-09,4,2,leafinfo,petiolelength,엽병장,cm,17
442,4,2024-12-09,4,2,leafinfo,leafnumber,엽수,개,6
442,4,2024-12-09,4,2,steminfo,crowndiameter,관부직경,cm,2
442,4,2024-12-09,4,2,plantobjectinfo,fruitingnumber,착과수,개,7
451,4,2024-12-09,5,1,steminfo,plantheight,초장,cm,27
451,4,2024-12-09,5,1,leafinfo,leaflength,엽장,cm,11
451,4,2024-12-09,5,1,leafinfo,leafwidth,엽폭,cm,8
451,4,2024-12-09,5,1,leafinfo,petiolelength,엽병장,cm,16
451,4,2024-12-09,5,1,leafinfo,leafnumber,엽수,개,6
451,4,2024-12-09,5,1,steminfo,crowndiameter,관부직경,cm,2
451,4,2024-12-09,5,1,plantobjectinfo,fruitingnumber,착과수,개,8
452,4,2024-12-09,5,2,steminfo,plantheight,초장,cm,26
452,4,2024-12-09,5,2,leafinfo,leaflength,엽장,cm,11
452,4,2024-12-09,5,2,leafinfo,leafwidth,엽폭,cm,12
452,4,2024-12-09,5,2,leafinfo,petiolelength,엽병장,cm,15
452,4,2024-12-09,5,2,leafinfo,leafnumber,엽수,개,6
452,4,2024-12-09,5,2,steminfo,crowndiameter,관부직경,cm,1.5
452,4,2024-12-09,5,2,plantobjectinfo,fruitingnumber,착과수,개,7
411,4,2024-12-16,1,1,steminfo,plantheight,초장,cm,30
411,4,2024-12-16,1,1,leafinfo,leaflength,엽장,cm,12
411,4,2024-12-16,1,1,leafinfo,leafwidth,엽폭,cm,9
411,4,2024-12-16,1,1,leafinfo,petiolelength,엽병장,cm,18
411,4,2024-12-16,1,1,leafinfo,leafnumber,엽수,개,7
411,4,2024-12-16,1,1,steminfo,crowndiameter,관부직경,cm,2
411,4,2024-12-16,1,1,plantobjectinfo,fruitingnumber,착과수,개,7
412,4,2024-12-16,1,2,steminfo,plantheight,초장,cm,28
412,4,2024-12-16,1,2,leafinfo,leaflength,엽장,cm,10
412,4,2024-12-16,1,2,leafinfo,leafwidth,엽폭,cm,9
412,4,2024-12-16,1,2,leafinfo,petiolelength,엽병장,cm,18
412,4,2024-12-16,1,2,leafinfo,leafnumber,엽수,개,6
412,4,2024-12-16,1,2,steminfo,crowndiameter,관부직경,cm,2
412,4,2024-12-16,1,2,plantobjectinfo,fruitingnumber,착과수,개,7
421,4,2024-12-16,2,1,steminfo,plantheight,초장,cm,23
421,4,2024-12-16,2,1,leafinfo,leaflength,엽장,cm,10
421,4,2024-12-16,2,1,leafinfo,leafwidth,엽폭,cm,8
421,4,2024-12-16,2,1,leafinfo,petiolelength,엽병장,cm,13
421,4,2024-12-16,2,1,leafinfo,leafnumber,엽수,개,7
421,4,2024-12-16,2,1,steminfo,crowndiameter,관부직경,cm,2
421,4,2024-12-16,2,1,plantobjectinfo,fruitingnumber,착과수,개,8
422,4,2024-12-16,2,2,steminfo,plantheight,초장,cm,26
422,4,2024-12-16,2,2,leafinfo,leaflength,엽장,cm,12
422,4,2024-12-16,2,2,leafinfo,leafwidth,엽폭,cm,9
422,4,2024-12-16,2,2,leafinfo,petiolelength,엽병장,cm,14
422,4,2024-12-16,2,2,leafinfo,leafnumber,엽수,개,7
422,4,2024-12-16,2,2,steminfo,crowndiameter,관부직경,cm,1.5
422,4,2024-12-16,2,2,plantobjectinfo,fruitingnumber,착과수,개,6
431,4,2024-12-16,3,1,steminfo,plantheight,초장,cm,30
431,4,2024-12-16,3,1,leafinfo,leaflength,엽장,cm,12
431,4,2024-12-16,3,1,leafinfo,leafwidth,엽폭,cm,10
431,4,2024-12-16,3,1,leafinfo,petiolelength,엽병장,cm,18
431,4,2024-12-16,3,1,leafinfo,leafnumber,엽수,개,6
431,4,2024-12-16,3,1,steminfo,crowndiameter,관부직경,cm,2
431,4,2024-12-16,3,1,plantobjectinfo,fruitingnumber,착과수,개,6
432,4,2024-12-16,3,2,steminfo,plantheight,초장,cm,28
432,4,2024-12-16,3,2,leafinfo,leaflength,엽장,cm,11
432,4,2024-12-16,3,2,leafinfo,leafwidth,엽폭,cm,10
432,4,2024-12-16,3,2,leafinfo,petiolelength,엽병장,cm,17
432,4,2024-12-16,3,2,leafinfo,leafnumber,엽수,개,5
432,4,2024-12-16,3,2,steminfo,crowndiameter,관부직경,cm,2
432,4,2024-12-16,3,2,plantobjectinfo,fruitingnumber,착과수,개,6
441,4,2024-12-16,4,1,steminfo,plantheight,초장,cm,30
441,4,2024-12-16,4,1,leafinfo,leaflength,엽장,cm,12
441,4,2024-12-16,4,1,leafinfo,leafwidth,엽폭,cm,10
441,4,2024-12-16,4,1,leafinfo,petiolelength,엽병장,cm,18
441,4,2024-12-16,4,1,leafinfo,leafnumber,엽수,개,6
441,4,2024-12-16,4,1,steminfo,crowndiameter,관부직경,cm,2
441,4,2024-12-16,4,1,plantobjectinfo,fruitingnumber,착과수,개,7
442,4,2024-12-16,4,2,steminfo,plantheight,초장,cm,29
442,4,2024-12-16,4,2,leafinfo,leaflength,엽장,cm,12
442,4,2024-12-16,4,2,leafinfo,leafwidth,엽폭,cm,11
442,4,2024-12-16,4,2,leafinfo,petiolelength,엽병장,cm,17
442,4,2024-12-16,4,2,leafinfo,leafnumber,엽수,개,6
442,4,2024-12-16,4,2,steminfo,crowndiameter,관부직경,cm,2
442,4,2024-12-16,4,2,plantobjectinfo,fruitingnumber,착과수,개,5
451,4,2024-12-16,5,1,steminfo,plantheight,초장,cm,27
451,4,2024-12-16,5,1,leafinfo,leaflength,엽장,cm,11
451,4,2024-12-16,5,1,leafinfo,leafwidth,엽폭,cm,8
451,4,2024-12-16,5,1,leafinfo,petiolelength,엽병장,cm,16
451,4,2024-12-16,5,1,leafinfo,leafnumber,엽수,개,6
451,4,2024-12-16,5,1,steminfo,crowndiameter,관부직경,cm,2
451,4,2024-12-16,5,1,plantobjectinfo,fruitingnumber,착과수,개,6
452,4,2024-12-16,5,2,steminfo,plantheight,초장,cm,26
452,4,2024-12-16,5,2,leafinfo,leaflength,엽장,cm,11
452,4,2024-12-16,5,2,leafinfo,leafwidth,엽폭,cm,12
452,4,2024-12-16,5,2,leafinfo,petiolelength,엽병장,cm,15
452,4,2024-12-16,5,2,leafinfo,leafnumber,엽수,개,6
452,4,2024-12-16,5,2,steminfo,crowndiameter,관부직경,cm,1.5
452,4,2024-12-16,5,2,plantobjectinfo,fruitingnumber,착과수,개,6
411,4,2024-12-23,1,1,steminfo,plantheight,초장,cm,30
411,4,2024-12-23,1,1,leafinfo,leaflength,엽장,cm,12
411,4,2024-12-23,1,1,leafinfo,leafwidth,엽폭,cm,9
411,4,2024-12-23,1,1,leafinfo,petiolelength,엽병장,cm,18
411,4,2024-12-23,1,1,leafinfo,leafnumber,엽수,개,7
411,4,2024-12-23,1,1,steminfo,crowndiameter,관부직경,cm,2
411,4,2024-12-23,1,1,plantobjectinfo,fruitingnumber,착과수,개,5
412,4,2024-12-23,1,2,steminfo,plantheight,초장,cm,28
412,4,2024-12-23,1,2,leafinfo,leaflength,엽장,cm,10
412,4,2024-12-23,1,2,leafinfo,leafwidth,엽폭,cm,9
412,4,2024-12-23,1,2,leafinfo,petiolelength,엽병장,cm,18
412,4,2024-12-23,1,2,leafinfo,leafnumber,엽수,개,7
412,4,2024-12-23,1,2,steminfo,crowndiameter,관부직경,cm,2
412,4,2024-12-23,1,2,plantobjectinfo,fruitingnumber,착과수,개,6
421,4,2024-12-23,2,1,steminfo,plantheight,초장,cm,23
421,4,2024-12-23,2,1,leafinfo,leaflength,엽장,cm,10
421,4,2024-12-23,2,1,leafinfo,leafwidth,엽폭,cm,8
421,4,2024-12-23,2,1,leafinfo,petiolelength,엽병장,cm,13
421,4,2024-12-23,2,1,leafinfo,leafnumber,엽수,개,7
421,4,2024-12-23,2,1,steminfo,crowndiameter,관부직경,cm,2
421,4,2024-12-23,2,1,plantobjectinfo,fruitingnumber,착과수,개,6
422,4,2024-12-23,2,2,steminfo,plantheight,초장,cm,26
422,4,2024-12-23,2,2,leafinfo,leaflength,엽장,cm,12
422,4,2024-12-23,2,2,leafinfo,leafwidth,엽폭,cm,9
422,4,2024-12-23,2,2,leafinfo,petiolelength,엽병장,cm,14
422,4,2024-12-23,2,2,leafinfo,leafnumber,엽수,개,8
422,4,2024-12-23,2,2,steminfo,crowndiameter,관부직경,cm,1.5
422,4,2024-12-23,2,2,plantobjectinfo,fruitingnumber,착과수,개,5
431,4,2024-12-23,3,1,steminfo,plantheight,초장,cm,30
431,4,2024-12-23,3,1,leafinfo,leaflength,엽장,cm,12
431,4,2024-12-23,3,1,leafinfo,leafwidth,엽폭,cm,10
431,4,2024-12-23,3,1,leafinfo,petiolelength,엽병장,cm,18
431,4,2024-12-23,3,1,leafinfo,leafnumber,엽수,개,7
431,4,2024-12-23,3,1,steminfo,crowndiameter,관부직경,cm,2
431,4,2024-12-23,3,1,plantobjectinfo,fruitingnumber,착과수,개,6
432,4,2024-12-23,3,2,steminfo,plantheight,초장,cm,28
432,4,2024-12-23,3,2,leafinfo,leaflength,엽장,cm,11
432,4,2024-12-23,3,2,leafinfo,leafwidth,엽폭,cm,10
432,4,2024-12-23,3,2,leafinfo,petiolelength,엽병장,cm,17
432,4,2024-12-23,3,2,leafinfo,leafnumber,엽수,개,6
432,4,2024-12-23,3,2,steminfo,crowndiameter,관부직경,cm,2
432,4,2024-12-23,3,2,plantobjectinfo,fruitingnumber,착과수,개,5
441,4,2024-12-23,4,1,steminfo,plantheight,초장,cm,30
441,4,2024-12-23,4,1,leafinfo,leaflength,엽장,cm,12
441,4,2024-12-23,4,1,leafinfo,leafwidth,엽폭,cm,10
441,4,2024-12-23,4,1,leafinfo,petiolelength,엽병장,cm,18
441,4,2024-12-23,4,1,leafinfo,leafnumber,엽수,개,7
441,4,2024-12-23,4,1,steminfo,crowndiameter,관부직경,cm,2
441,4,2024-12-23,4,1,plantobjectinfo,fruitingnumber,착과수,개,6
442,4,2024-12-23,4,2,steminfo,plantheight,초장,cm,29
442,4,2024-12-23,4,2,leafinfo,leaflength,엽장,cm,12
442,4,2024-12-23,4,2,leafinfo,leafwidth,엽폭,cm,11
442,4,2024-12-23,4,2,leafinfo,petiolelength,엽병장,cm,17
442,4,2024-12-23,4,2,leafinfo,leafnumber,엽수,개,6
442,4,2024-12-23,4,2,steminfo,crowndiameter,관부직경,cm,2
442,4,2024-12-23,4,2,plantobjectinfo,fruitingnumber,착과수,개,4
451,4,2024-12-23,5,1,steminfo,plantheight,초장,cm,27
451,4,2024-12-23,5,1,leafinfo,leaflength,엽장,cm,11
451,4,2024-12-23,5,1,leafinfo,leafwidth,엽폭,cm,8
451,4,2024-12-23,5,1,leafinfo,petiolelength,엽병장,cm,16
451,4,2024-12-23,5,1,leafinfo,leafnumber,엽수,개,7
451,4,2024-12-23,5,1,steminfo,crowndiameter,관부직경,cm,2
451,4,2024-12-23,5,1,plantobjectinfo,fruitingnumber,착과수,개,5
452,4,2024-12-23,5,2,steminfo,plantheight,초장,cm,26
452,4,2024-12-23,5,2,leafinfo,leaflength,엽장,cm,11
452,4,2024-12-23,5,2,leafinfo,leafwidth,엽폭,cm,12
452,4,2024-12-23,5,2,leafinfo,petiolelength,엽병장,cm,15
452,4,2024-12-23,5,2,leafinfo,leafnumber,엽수,개,6
452,4,2024-12-23,5,2,steminfo,crowndiameter,관부직경,cm,1.5
452,4,2024-12-23,5,2,plantobjectinfo,fruitingnumber,착과수,개,6
411,4,2024-12-30,1,1,steminfo,plantheight,초장,cm,30
411,4,2024-12-30,1,1,leafinfo,leaflength,엽장,cm,12
411,4,2024-12-30,1,1,leafinfo,leafwidth,엽폭,cm,9
411,4,2024-12-30,1,1,leafinfo,petiolelength,엽병장,cm,18
411,4,2024-12-30,1,1,leafinfo,leafnumber,엽수,개,7
411,4,2024-12-30,1,1,steminfo,crowndiameter,관부직경,cm,2
411,4,2024-12-30,1,1,plantobjectinfo,fruitingnumber,착과수,개,2
412,4,2024-12-30,1,2,steminfo,plantheight,초장,cm,28
412,4,2024-12-30,1,2,leafinfo,leaflength,엽장,cm,10
412,4,2024-12-30,1,2,leafinfo,leafwidth,엽폭,cm,9
412,4,2024-12-30,1,2,leafinfo,petiolelength,엽병장,cm,18
412,4,2024-12-30,1,2,leafinfo,leafnumber,엽수,개,7
412,4,2024-12-30,1,2,steminfo,crowndiameter,관부직경,cm,2
412,4,2024-12-30,1,2,plantobjectinfo,fruitingnumber,착과수,개,3
421,4,2024-12-30,2,1,steminfo,plantheight,초장,cm,23
421,4,2024-12-30,2,1,leafinfo,leaflength,엽장,cm,10
421,4,2024-12-30,2,1,leafinfo,leafwidth,엽폭,cm,8
421,4,2024-12-30,2,1,leafinfo,petiolelength,엽병장,cm,13
421,4,2024-12-30,2,1,leafinfo,leafnumber,엽수,개,7
421,4,2024-12-30,2,1,steminfo,crowndiameter,관부직경,cm,2
421,4,2024-12-30,2,1,plantobjectinfo,fruitingnumber,착과수,개,5
422,4,2024-12-30,2,2,steminfo,plantheight,초장,cm,26
422,4,2024-12-30,2,2,leafinfo,leaflength,엽장,cm,12
422,4,2024-12-30,2,2,leafinfo,leafwidth,엽폭,cm,9
422,4,2024-12-30,2,2,leafinfo,petiolelength,엽병장,cm,14
422,4,2024-12-30,2,2,leafinfo,leafnumber,엽수,개,8
422,4,2024-12-30,2,2,steminfo,crowndiameter,관부직경,cm,1.5
422,4,2024-12-30,2,2,plantobjectinfo,fruitingnumber,착과수,개,5
431,4,2024-12-30,3,1,steminfo,plantheight,초장,cm,30
431,4,2024-12-30,3,1,leafinfo,leaflength,엽장,cm,12
431,4,2024-12-30,3,1,leafinfo,leafwidth,엽폭,cm,10
431,4,2024-12-30,3,1,leafinfo,petiolelength,엽병장,cm,18
431,4,2024-12-30,3,1,leafinfo,leafnumber,엽수,개,7
431,4,2024-12-30,3,1,steminfo,crowndiameter,관부직경,cm,2
431,4,2024-12-30,3,1,plantobjectinfo,fruitingnumber,착과수,개,4
432,4,2024-12-30,3,2,steminfo,plantheight,초장,cm,28
432,4,2024-12-30,3,2,leafinfo,leaflength,엽장,cm,11
432,4,2024-12-30,3,2,leafinfo,leafwidth,엽폭,cm,10
432,4,2024-12-30,3,2,leafinfo,petiolelength,엽병장,cm,17
432,4,2024-12-30,3,2,leafinfo,leafnumber,엽수,개,6
432,4,2024-12-30,3,2,steminfo,crowndiameter,관부직경,cm,2
432,4,2024-12-30,3,2,plantobjectinfo,fruitingnumber,착과수,개,4
441,4,2024-12-30,4,1,steminfo,plantheight,초장,cm,30
441,4,2024-12-30,4,1,leafinfo,leaflength,엽장,cm,12
441,4,2024-12-30,4,1,leafinfo,leafwidth,엽폭,cm,10
441,4,2024-12-30,4,1,leafinfo,petiolelength,엽병장,cm,18
441,4,2024-12-30,4,1,leafinfo,leafnumber,엽수,개,7
441,4,2024-12-30,4,1,steminfo,crowndiameter,관부직경,cm,2
441,4,2024-12-30,4,1,plantobjectinfo,fruitingnumber,착과수,개,5
442,4,2024-12-30,4,2,steminfo,plantheight,초장,cm,29
442,4,2024-12-30,4,2,leafinfo,leaflength,엽장,cm,12
442,4,2024-12-30,4,2,leafinfo,leafwidth,엽폭,cm,11
442,4,2024-12-30,4,2,leafinfo,petiolelength,엽병장,cm,17
442,4,2024-12-30,4,2,leafinfo,leafnumber,엽수,개,6
442,4,2024-12-30,4,2,steminfo,crowndiameter,관부직경,cm,2
442,4,2024-12-30,4,2,plantobjectinfo,fruitingnumber,착과수,개,3
451,4,2024-12-30,5,1,steminfo,plantheight,초장,cm,27
451,4,2024-12-30,5,1,leafinfo,leaflength,엽장,cm,11
451,4,2024-12-30,5,1,leafinfo,leafwidth,엽폭,cm,8
451,4,2024-12-30,5,1,leafinfo,petiolelength,엽병장,cm,16
451,4,2024-12-30,5,1,leafinfo,leafnumber,엽수,개,7
451,4,2024-12-30,5,1,steminfo,crowndiameter,관부직경,cm,2
451,4,2024-12-30,5,1,plantobjectinfo,fruitingnumber,착과수,개,4
452,4,2024-12-30,5,2,steminfo,plantheight,초장,cm,26
452,4,2024-12-30,5,2,leafinfo,leaflength,엽장,cm,11
452,4,2024-12-30,5,2,leafinfo,leafwidth,엽폭,cm,12
452,4,2024-12-30,5,2,leafinfo,petiolelength,엽병장,cm,15
452,4,2024-12-30,5,2,leafinfo,leafnumber,엽수,개,6
452,4,2024-12-30,5,2,steminfo,crowndiameter,관부직경,cm,1.5
452,4,2024-12-30,5,2,plantobjectinfo,fruitingnumber,착과수,개,5
411,4,2025-01-06,1,1,steminfo,plantheight,초장,cm,31
411,4,2025-01-06,1,1,leafinfo,leaflength,엽장,cm,13
411,4,2025-01-06,1,1,leafinfo,leafwidth,엽폭,cm,9
411,4,2025-01-06,1,1,leafinfo,petiolelength,엽병장,cm,18
411,4,2025-01-06,1,1,leafinfo,leafnumber,엽수,개,7
411,4,2025-01-06,1,1,steminfo,crowndiameter,관부직경,cm,2.3
411,4,2025-01-06,1,1,plantobjectinfo,fruitingnumber,착과수,개,4
412,4,2025-01-06,1,2,steminfo,plantheight,초장,cm,28
412,4,2025-01-06,1,2,leafinfo,leaflength,엽장,cm,10
412,4,2025-01-06,1,2,leafinfo,leafwidth,엽폭,cm,9
412,4,2025-01-06,1,2,leafinfo,petiolelength,엽병장,cm,18
412,4,2025-01-06,1,2,leafinfo,leafnumber,엽수,개,7
412,4,2025-01-06,1,2,steminfo,crowndiameter,관부직경,cm,2.2
412,4,2025-01-06,1,2,plantobjectinfo,fruitingnumber,착과수,개,4
421,4,2025-01-06,2,1,steminfo,plantheight,초장,cm,23
421,4,2025-01-06,2,1,leafinfo,leaflength,엽장,cm,10
421,4,2025-01-06,2,1,leafinfo,leafwidth,엽폭,cm,8
421,4,2025-01-06,2,1,leafinfo,petiolelength,엽병장,cm,13
421,4,2025-01-06,2,1,leafinfo,leafnumber,엽수,개,7
421,4,2025-01-06,2,1,steminfo,crowndiameter,관부직경,cm,2.1
421,4,2025-01-06,2,1,plantobjectinfo,fruitingnumber,착과수,개,3
422,4,2025-01-06,2,2,steminfo,plantheight,초장,cm,26
422,4,2025-01-06,2,2,leafinfo,leaflength,엽장,cm,12
422,4,2025-01-06,2,2,leafinfo,leafwidth,엽폭,cm,9
422,4,2025-01-06,2,2,leafinfo,petiolelength,엽병장,cm,14
422,4,2025-01-06,2,2,leafinfo,leafnumber,엽수,개,8
422,4,2025-01-06,2,2,steminfo,crowndiameter,관부직경,cm,2
422,4,2025-01-06,2,2,plantobjectinfo,fruitingnumber,착과수,개,2
431,4,2025-01-06,3,1,steminfo,plantheight,초장,cm,31
431,4,2025-01-06,3,1,leafinfo,leaflength,엽장,cm,12
431,4,2025-01-06,3,1,leafinfo,leafwidth,엽폭,cm,10
431,4,2025-01-06,3,1,leafinfo,petiolelength,엽병장,cm,19
431,4,2025-01-06,3,1,leafinfo,leafnumber,엽수,개,7
431,4,2025-01-06,3,1,steminfo,crowndiameter,관부직경,cm,2
431,4,2025-01-06,3,1,plantobjectinfo,fruitingnumber,착과수,개,3
432,4,2025-01-06,3,2,steminfo,plantheight,초장,cm,29
432,4,2025-01-06,3,2,leafinfo,leaflength,엽장,cm,12
432,4,2025-01-06,3,2,leafinfo,leafwidth,엽폭,cm,10
432,4,2025-01-06,3,2,leafinfo,petiolelength,엽병장,cm,17
432,4,2025-01-06,3,2,leafinfo,leafnumber,엽수,개,6
432,4,2025-01-06,3,2,steminfo,crowndiameter,관부직경,cm,2.3
432,4,2025-01-06,3,2,plantobjectinfo,fruitingnumber,착과수,개,2
441,4,2025-01-06,4,1,steminfo,plantheight,초장,cm,30
441,4,2025-01-06,4,1,leafinfo,leaflength,엽장,cm,12
441,4,2025-01-06,4,1,leafinfo,leafwidth,엽폭,cm,10
441,4,2025-01-06,4,1,leafinfo,petiolelength,엽병장,cm,18
441,4,2025-01-06,4,1,leafinfo,leafnumber,엽수,개,7
441,4,2025-01-06,4,1,steminfo,crowndiameter,관부직경,cm,2.3
441,4,2025-01-06,4,1,plantobjectinfo,fruitingnumber,착과수,개,3
442,4,2025-01-06,4,2,steminfo,plantheight,초장,cm,30
442,4,2025-01-06,4,2,leafinfo,leaflength,엽장,cm,13
442,4,2025-01-06,4,2,leafinfo,leafwidth,엽폭,cm,11
442,4,2025-01-06,4,2,leafinfo,petiolelength,엽병장,cm,17
442,4,2025-01-06,4,2,leafinfo,leafnumber,엽수,개,6
442,4,2025-01-06,4,2,steminfo,crowndiameter,관부직경,cm,2
442,4,2025-01-06,4,2,plantobjectinfo,fruitingnumber,착과수,개,1
451,4,2025-01-06,5,1,steminfo,plantheight,초장,cm,27
451,4,2025-01-06,5,1,leafinfo,leaflength,엽장,cm,11
451,4,2025-01-06,5,1,leafinfo,leafwidth,엽폭,cm,8
451,4,2025-01-06,5,1,leafinfo,petiolelength,엽병장,cm,16
451,4,2025-01-06,5,1,leafinfo,leafnumber,엽수,개,7
451,4,2025-01-06,5,1,steminfo,crowndiameter,관부직경,cm,2
451,4,2025-01-06,5,1,plantobjectinfo,fruitingnumber,착과수,개,3
452,4,2025-01-06,5,2,steminfo,plantheight,초장,cm,26
452,4,2025-01-06,5,2,leafinfo,leaflength,엽장,cm,11
452,4,2025-01-06,5,2,leafinfo,leafwidth,엽폭,cm,12
452,4,2025-01-06,5,2,leafinfo,petiolelength,엽병장,cm,15
452,4,2025-01-06,5,2,leafinfo,leafnumber,엽수,개,6
452,4,2025-01-06,5,2,steminfo,crowndiameter,관부직경,cm,2
452,4,2025-01-06,5,2,plantobjectinfo,fruitingnumber,착과수,개,4
411,4,2025-01-13,1,1,steminfo,plantheight,초장,cm,31
411,4,2025-01-13,1,1,leafinfo,leaflength,엽장,cm,13
411,4,2025-01-13,1,1,leafinfo,leafwidth,엽폭,cm,9
411,4,2025-01-13,1,1,leafinfo,petiolelength,엽병장,cm,18
411,4,2025-01-13,1,1,leafinfo,leafnumber,엽수,개,7
411,4,2025-01-13,1,1,steminfo,crowndiameter,관부직경,cm,2.5
411,4,2025-01-13,1,1,plantobjectinfo,fruitingnumber,착과수,개,4
412,4,2025-01-13,1,2,steminfo,plantheight,초장,cm,28
412,4,2025-01-13,1,2,leafinfo,leaflength,엽장,cm,10
412,4,2025-01-13,1,2,leafinfo,leafwidth,엽폭,cm,9
412,4,2025-01-13,1,2,leafinfo,petiolelength,엽병장,cm,18
412,4,2025-01-13,1,2,leafinfo,leafnumber,엽수,개,7
412,4,2025-01-13,1,2,steminfo,crowndiameter,관부직경,cm,2.5
412,4,2025-01-13,1,2,plantobjectinfo,fruitingnumber,착과수,개,5
421,4,2025-01-13,2,1,steminfo,plantheight,초장,cm,23
421,4,2025-01-13,2,1,leafinfo,leaflength,엽장,cm,10
421,4,2025-01-13,2,1,leafinfo,leafwidth,엽폭,cm,8
421,4,2025-01-13,2,1,leafinfo,petiolelength,엽병장,cm,13
421,4,2025-01-13,2,1,leafinfo,leafnumber,엽수,개,7
421,4,2025-01-13,2,1,steminfo,crowndiameter,관부직경,cm,2.1
421,4,2025-01-13,2,1,plantobjectinfo,fruitingnumber,착과수,개,5
422,4,2025-01-13,2,2,steminfo,plantheight,초장,cm,26
422,4,2025-01-13,2,2,leafinfo,leaflength,엽장,cm,12
422,4,2025-01-13,2,2,leafinfo,leafwidth,엽폭,cm,9
422,4,2025-01-13,2,2,leafinfo,petiolelength,엽병장,cm,14
422,4,2025-01-13,2,2,leafinfo,leafnumber,엽수,개,8
422,4,2025-01-13,2,2,steminfo,crowndiameter,관부직경,cm,2
422,4,2025-01-13,2,2,plantobjectinfo,fruitingnumber,착과수,개,4
431,4,2025-01-13,3,1,steminfo,plantheight,초장,cm,31
431,4,2025-01-13,3,1,leafinfo,leaflength,엽장,cm,12
431,4,2025-01-13,3,1,leafinfo,leafwidth,엽폭,cm,10
431,4,2025-01-13,3,1,leafinfo,petiolelength,엽병장,cm,19
431,4,2025-01-13,3,1,leafinfo,leafnumber,엽수,개,7
431,4,2025-01-13,3,1,steminfo,crowndiameter,관부직경,cm,2.2
431,4,2025-01-13,3,1,plantobjectinfo,fruitingnumber,착과수,개,4
432,4,2025-01-13,3,2,steminfo,plantheight,초장,cm,29
432,4,2025-01-13,3,2,leafinfo,leaflength,엽장,cm,12
432,4,2025-01-13,3,2,leafinfo,leafwidth,엽폭,cm,10
432,4,2025-01-13,3,2,leafinfo,petiolelength,엽병장,cm,17
432,4,2025-01-13,3,2,leafinfo,leafnumber,엽수,개,7
432,4,2025-01-13,3,2,steminfo,crowndiameter,관부직경,cm,2.3
432,4,2025-01-13,3,2,plantobjectinfo,fruitingnumber,착과수,개,5
441,4,2025-01-13,4,1,steminfo,plantheight,초장,cm,30
441,4,2025-01-13,4,1,leafinfo,leaflength,엽장,cm,12
441,4,2025-01-13,4,1,leafinfo,leafwidth,엽폭,cm,10
441,4,2025-01-13,4,1,leafinfo,petiolelength,엽병장,cm,18
441,4,2025-01-13,4,1,leafinfo,leafnumber,엽수,개,8
441,4,2025-01-13,4,1,steminfo,crowndiameter,관부직경,cm,2.3
441,4,2025-01-13,4,1,plantobjectinfo,fruitingnumber,착과수,개,4
442,4,2025-01-13,4,2,steminfo,plantheight,초장,cm,30
442,4,2025-01-13,4,2,leafinfo,leaflength,엽장,cm,13
442,4,2025-01-13,4,2,leafinfo,leafwidth,엽폭,cm,11
442,4,2025-01-13,4,2,leafinfo,petiolelength,엽병장,cm,17
442,4,2025-01-13,4,2,leafinfo,leafnumber,엽수,개,7
442,4,2025-01-13,4,2,steminfo,crowndiameter,관부직경,cm,2
442,4,2025-01-13,4,2,plantobjectinfo,fruitingnumber,착과수,개,5
451,4,2025-01-13,5,1,steminfo,plantheight,초장,cm,27
451,4,2025-01-13,5,1,leafinfo,leaflength,엽장,cm,11
451,4,2025-01-13,5,1,leafinfo,leafwidth,엽폭,cm,8
451,4,2025-01-13,5,1,leafinfo,petiolelength,엽병장,cm,16
451,4,2025-01-13,5,1,leafinfo,leafnumber,엽수,개,6
451,4,2025-01-13,5,1,steminfo,crowndiameter,관부직경,cm,2
451,4,2025-01-13,5,1,plantobjectinfo,fruitingnumber,착과수,개,4
452,4,2025-01-13,5,2,steminfo,plantheight,초장,cm,26
452,4,2025-01-13,5,2,leafinfo,leaflength,엽장,cm,11
452,4,2025-01-13,5,2,leafinfo,leafwidth,엽폭,cm,12
452,4,2025-01-13,5,2,leafinfo,petiolelength,엽병장,cm,15
452,4,2025-01-13,5,2,leafinfo,leafnumber,엽수,개,6
452,4,2025-01-13,5,2,steminfo,crowndiameter,관부직경,cm,2
452,4,2025-01-13,5,2,plantobjectinfo,fruitingnumber,착과수,개,4
411,4,2025-01-20,1,1,steminfo,plantheight,초장,cm,31
411,4,2025-01-20,1,1,leafinfo,leaflength,엽장,cm,13
411,4,2025-01-20,1,1,leafinfo,leafwidth,엽폭,cm,9
411,4,2025-01-20,1,1,leafinfo,petiolelength,엽병장,cm,18
411,4,2025-01-20,1,1,leafinfo,leafnumber,엽수,개,7
411,4,2025-01-20,1,1,steminfo,crowndiameter,관부직경,cm,2.5
411,4,2025-01-20,1,1,plantobjectinfo,fruitingnumber,착과수,개,3
412,4,2025-01-20,1,2,steminfo,plantheight,초장,cm,28
412,4,2025-01-20,1,2,leafinfo,leaflength,엽장,cm,10
412,4,2025-01-20,1,2,leafinfo,leafwidth,엽폭,cm,9
412,4,2025-01-20,1,2,leafinfo,petiolelength,엽병장,cm,18
412,4,2025-01-20,1,2,leafinfo,leafnumber,엽수,개,7
412,4,2025-01-20,1,2,steminfo,crowndiameter,관부직경,cm,2.5
412,4,2025-01-20,1,2,plantobjectinfo,fruitingnumber,착과수,개,3
421,4,2025-01-20,2,1,steminfo,plantheight,초장,cm,23
421,4,2025-01-20,2,1,leafinfo,leaflength,엽장,cm,10
421,4,2025-01-20,2,1,leafinfo,leafwidth,엽폭,cm,8
421,4,2025-01-20,2,1,leafinfo,petiolelength,엽병장,cm,13
421,4,2025-01-20,2,1,leafinfo,leafnumber,엽수,개,7
421,4,2025-01-20,2,1,steminfo,crowndiameter,관부직경,cm,2.1
421,4,2025-01-20,2,1,plantobjectinfo,fruitingnumber,착과수,개,3
422,4,2025-01-20,2,2,steminfo,plantheight,초장,cm,26
422,4,2025-01-20,2,2,leafinfo,leaflength,엽장,cm,12
422,4,2025-01-20,2,2,leafinfo,leafwidth,엽폭,cm,9
422,4,2025-01-20,2,2,leafinfo,petiolelength,엽병장,cm,14
422,4,2025-01-20,2,2,leafinfo,leafnumber,엽수,개,8
422,4,2025-01-20,2,2,steminfo,crowndiameter,관부직경,cm,2
422,4,2025-01-20,2,2,plantobjectinfo,fruitingnumber,착과수,개,4
431,4,2025-01-20,3,1,steminfo,plantheight,초장,cm,31
431,4,2025-01-20,3,1,leafinfo,leaflength,엽장,cm,12
431,4,2025-01-20,3,1,leafinfo,leafwidth,엽폭,cm,10
431,4,2025-01-20,3,1,leafinfo,petiolelength,엽병장,cm,19
431,4,2025-01-20,3,1,leafinfo,leafnumber,엽수,개,7
431,4,2025-01-20,3,1,steminfo,crowndiameter,관부직경,cm,2.2
431,4,2025-01-20,3,1,plantobjectinfo,fruitingnumber,착과수,개,4
432,4,2025-01-20,3,2,steminfo,plantheight,초장,cm,29
432,4,2025-01-20,3,2,leafinfo,leaflength,엽장,cm,12
432,4,2025-01-20,3,2,leafinfo,leafwidth,엽폭,cm,10
432,4,2025-01-20,3,2,leafinfo,petiolelength,엽병장,cm,17
432,4,2025-01-20,3,2,leafinfo,leafnumber,엽수,개,7
432,4,2025-01-20,3,2,steminfo,crowndiameter,관부직경,cm,2.3
432,4,2025-01-20,3,2,plantobjectinfo,fruitingnumber,착과수,개,3
441,4,2025-01-20,4,1,steminfo,plantheight,초장,cm,30
441,4,2025-01-20,4,1,leafinfo,leaflength,엽장,cm,12
441,4,2025-01-20,4,1,leafinfo,leafwidth,엽폭,cm,10
441,4,2025-01-20,4,1,leafinfo,petiolelength,엽병장,cm,18
441,4,2025-01-20,4,1,leafinfo,leafnumber,엽수,개,8
441,4,2025-01-20,4,1,steminfo,crowndiameter,관부직경,cm,2.3
441,4,2025-01-20,4,1,plantobjectinfo,fruitingnumber,착과수,개,4
442,4,2025-01-20,4,2,steminfo,plantheight,초장,cm,30
442,4,2025-01-20,4,2,leafinfo,leaflength,엽장,cm,13
442,4,2025-01-20,4,2,leafinfo,leafwidth,엽폭,cm,11
442,4,2025-01-20,4,2,leafinfo,petiolelength,엽병장,cm,17
442,4,2025-01-20,4,2,leafinfo,leafnumber,엽수,개,7
442,4,2025-01-20,4,2,steminfo,crowndiameter,관부직경,cm,2
442,4,2025-01-20,4,2,plantobjectinfo,fruitingnumber,착과수,개,4
451,4,2025-01-20,5,1,steminfo,plantheight,초장,cm,31
451,4,2025-01-20,5,1,leafinfo,leaflength,엽장,cm,13
451,4,2025-01-20,5,1,leafinfo,leafwidth,엽폭,cm,9
451,4,2025-01-20,5,1,leafinfo,petiolelength,엽병장,cm,18
451,4,2025-01-20,5,1,leafinfo,leafnumber,엽수,개,7
451,4,2025-01-20,5,1,steminfo,crowndiameter,관부직경,cm,2.5
451,4,2025-01-20,5,1,plantobjectinfo,fruitingnumber,착과수,개,5
452,4,2025-01-20,5,2,steminfo,plantheight,초장,cm,28
452,4,2025-01-20,5,2,leafinfo,leaflength,엽장,cm,10
452,4,2025-01-20,5,2,leafinfo,leafwidth,엽폭,cm,9
452,4,2025-01-20,5,2,leafinfo,petiolelength,엽병장,cm,18
452,4,2025-01-20,5,2,leafinfo,leafnumber,엽수,개,7
452,4,2025-01-20,5,2,steminfo,crowndiameter,관부직경,cm,2.5
452,4,2025-01-20,5,2,plantobjectinfo,fruitingnumber,착과수,개,3
411,4,2025-01-31,1,1,steminfo,plantheight,초장,cm,31
411,4,2025-01-31,1,1,leafinfo,leaflength,엽장,cm,13
411,4,2025-01-31,1,1,leafinfo,leafwidth,엽폭,cm,9
411,4,2025-01-31,1,1,leafinfo,petiolelength,엽병장,cm,18
411,4,2025-01-31,1,1,leafinfo,leafnumber,엽수,개,7
411,4,2025-01-31,1,1,steminfo,crowndiameter,관부직경,cm,2.5
411,4,2025-01-31,1,1,plantobjectinfo,fruitingnumber,착과수,개,5
412,4,2025-01-31,1,2,steminfo,plantheight,초장,cm,28
412,4,2025-01-31,1,2,leafinfo,leaflength,엽장,cm,10
412,4,2025-01-31,1,2,leafinfo,leafwidth,엽폭,cm,9
412,4,2025-01-31,1,2,leafinfo,petiolelength,엽병장,cm,18
412,4,2025-01-31,1,2,leafinfo,leafnumber,엽수,개,7
412,4,2025-01-31,1,2,steminfo,crowndiameter,관부직경,cm,2.5
412,4,2025-01-31,1,2,plantobjectinfo,fruitingnumber,착과수,개,3
421,4,2025-01-31,2,1,steminfo,plantheight,초장,cm,23
421,4,2025-01-31,2,1,leafinfo,leaflength,엽장,cm,10
421,4,2025-01-31,2,1,leafinfo,leafwidth,엽폭,cm,8
421,4,2025-01-31,2,1,leafinfo,petiolelength,엽병장,cm,13
421,4,2025-01-31,2,1,leafinfo,leafnumber,엽수,개,7
421,4,2025-01-31,2,1,steminfo,crowndiameter,관부직경,cm,2.1
421,4,2025-01-31,2,1,plantobjectinfo,fruitingnumber,착과수,개,4
422,4,2025-01-31,2,2,steminfo,plantheight,초장,cm,26
422,4,2025-01-31,2,2,leafinfo,leaflength,엽장,cm,12
422,4,2025-01-31,2,2,leafinfo,leafwidth,엽폭,cm,9
422,4,2025-01-31,2,2,leafinfo,petiolelength,엽병장,cm,14
422,4,2025-01-31,2,2,leafinfo,leafnumber,엽수,개,8
422,4,2025-01-31,2,2,steminfo,crowndiameter,관부직경,cm,2
422,4,2025-01-31,2,2,plantobjectinfo,fruitingnumber,착과수,개,4
431,4,2025-01-31,3,1,steminfo,plantheight,초장,cm,31
431,4,2025-01-31,3,1,leafinfo,leaflength,엽장,cm,12
431,4,2025-01-31,3,1,leafinfo,leafwidth,엽폭,cm,10
431,4,2025-01-31,3,1,leafinfo,petiolelength,엽병장,cm,19
431,4,2025-01-31,3,1,leafinfo,leafnumber,엽수,개,7
431,4,2025-01-31,3,1,steminfo,crowndiameter,관부직경,cm,2.2
431,4,2025-01-31,3,1,plantobjectinfo,fruitingnumber,착과수,개,4
432,4,2025-01-31,3,2,steminfo,plantheight,초장,cm,29
432,4,2025-01-31,3,2,leafinfo,leaflength,엽장,cm,12
432,4,2025-01-31,3,2,leafinfo,leafwidth,엽폭,cm,10
432,4,2025-01-31,3,2,leafinfo,petiolelength,엽병장,cm,17
432,4,2025-01-31,3,2,leafinfo,leafnumber,엽수,개,7
432,4,2025-01-31,3,2,steminfo,crowndiameter,관부직경,cm,2.3
432,4,2025-01-31,3,2,plantobjectinfo,fruitingnumber,착과수,개,4
441,4,2025-01-31,4,1,steminfo,plantheight,초장,cm,30
441,4,2025-01-31,4,1,leafinfo,leaflength,엽장,cm,12
441,4,2025-01-31,4,1,leafinfo,leafwidth,엽폭,cm,10
441,4,2025-01-31,4,1,leafinfo,petiolelength,엽병장,cm,18
441,4,2025-01-31,4,1,leafinfo,leafnumber,엽수,개,8
441,4,2025-01-31,4,1,steminfo,crowndiameter,관부직경,cm,2.3
441,4,2025-01-31,4,1,plantobjectinfo,fruitingnumber,착과수,개,4
442,4,2025-01-31,4,2,steminfo,plantheight,초장,cm,30
442,4,2025-01-31,4,2,leafinfo,leaflength,엽장,cm,13
442,4,2025-01-31,4,2,leafinfo,leafwidth,엽폭,cm,11
442,4,2025-01-31,4,2,leafinfo,petiolelength,엽병장,cm,17
442,4,2025-01-31,4,2,leafinfo,leafnumber,엽수,개,7
442,4,2025-01-31,4,2,steminfo,crowndiameter,관부직경,cm,2
442,4,2025-01-31,4,2,plantobjectinfo,fruitingnumber,착과수,개,4
451,4,2025-01-31,5,1,steminfo,plantheight,초장,cm,27
451,4,2025-01-31,5,1,leafinfo,leaflength,엽장,cm,11
451,4,2025-01-31,5,1,leafinfo,leafwidth,엽폭,cm,8
451,4,2025-01-31,5,1,leafinfo,petiolelength,엽병장,cm,16
451,4,2025-01-31,5,1,leafinfo,leafnumber,엽수,개,6
451,4,2025-01-31,5,1,steminfo,crowndiameter,관부직경,cm,2
451,4,2025-01-31,5,1,plantobjectinfo,fruitingnumber,착과수,개,4
452,4,2025-01-31,5,2,steminfo,plantheight,초장,cm,26
452,4,2025-01-31,5,2,leafinfo,leaflength,엽장,cm,11
452,4,2025-01-31,5,2,leafinfo,leafwidth,엽폭,cm,12
452,4,2025-01-31,5,2,leafinfo,petiolelength,엽병장,cm,15
452,4,2025-01-31,5,2,leafinfo,leafnumber,엽수,개,6
452,4,2025-01-31,5,2,steminfo,crowndiameter,관부직경,cm,2
452,4,2025-01-31,5,2,plantobjectinfo,fruitingnumber,착과수,개,4
411,4,2025-02-03,1,1,steminfo,plantheight,초장,cm,31
411,4,2025-02-03,1,1,leafinfo,leaflength,엽장,cm,13
411,4,2025-02-03,1,1,leafinfo,leafwidth,엽폭,cm,9
411,4,2025-02-03,1,1,leafinfo,petiolelength,엽병장,cm,18
411,4,2025-02-03,1,1,leafinfo,leafnumber,엽수,개,7
411,4,2025-02-03,1,1,steminfo,crowndiameter,관부직경,cm,2.5
411,4,2025-02-03,1,1,plantobjectinfo,fruitingnumber,착과수,개,5
412,4,2025-02-03,1,2,steminfo,plantheight,초장,cm,28
412,4,2025-02-03,1,2,leafinfo,leaflength,엽장,cm,10
412,4,2025-02-03,1,2,leafinfo,leafwidth,엽폭,cm,9
412,4,2025-02-03,1,2,leafinfo,petiolelength,엽병장,cm,18
412,4,2025-02-03,1,2,leafinfo,leafnumber,엽수,개,7
412,4,2025-02-03,1,2,steminfo,crowndiameter,관부직경,cm,2.5
412,4,2025-02-03,1,2,plantobjectinfo,fruitingnumber,착과수,개,4
421,4,2025-02-03,2,1,steminfo,plantheight,초장,cm,23
421,4,2025-02-03,2,1,leafinfo,leaflength,엽장,cm,10
421,4,2025-02-03,2,1,leafinfo,leafwidth,엽폭,cm,8
421,4,2025-02-03,2,1,leafinfo,petiolelength,엽병장,cm,13
421,4,2025-02-03,2,1,leafinfo,leafnumber,엽수,개,7
421,4,2025-02-03,2,1,steminfo,crowndiameter,관부직경,cm,2.1
421,4,2025-02-03,2,1,plantobjectinfo,fruitingnumber,착과수,개,3
422,4,2025-02-03,2,2,steminfo,plantheight,초장,cm,26
422,4,2025-02-03,2,2,leafinfo,leaflength,엽장,cm,12
422,4,2025-02-03,2,2,leafinfo,leafwidth,엽폭,cm,9
422,4,2025-02-03,2,2,leafinfo,petiolelength,엽병장,cm,14
422,4,2025-02-03,2,2,leafinfo,leafnumber,엽수,개,8
422,4,2025-02-03,2,2,steminfo,crowndiameter,관부직경,cm,2
422,4,2025-02-03,2,2,plantobjectinfo,fruitingnumber,착과수,개,4
431,4,2025-02-03,3,1,steminfo,plantheight,초장,cm,31
431,4,2025-02-03,3,1,leafinfo,leaflength,엽장,cm,12
431,4,2025-02-03,3,1,leafinfo,leafwidth,엽폭,cm,10
431,4,2025-02-03,3,1,leafinfo,petiolelength,엽병장,cm,19
431,4,2025-02-03,3,1,leafinfo,leafnumber,엽수,개,7
431,4,2025-02-03,3,1,steminfo,crowndiameter,관부직경,cm,2.2
431,4,2025-02-03,3,1,plantobjectinfo,fruitingnumber,착과수,개,5
432,4,2025-02-03,3,2,steminfo,plantheight,초장,cm,29
432,4,2025-02-03,3,2,leafinfo,leaflength,엽장,cm,12
432,4,2025-02-03,3,2,leafinfo,leafwidth,엽폭,cm,10
432,4,2025-02-03,3,2,leafinfo,petiolelength,엽병장,cm,17
432,4,2025-02-03,3,2,leafinfo,leafnumber,엽수,개,7
432,4,2025-02-03,3,2,steminfo,crowndiameter,관부직경,cm,2.3
432,4,2025-02-03,3,2,plantobjectinfo,fruitingnumber,착과수,개,4
441,4,2025-02-03,4,1,steminfo,plantheight,초장,cm,30
441,4,2025-02-03,4,1,leafinfo,leaflength,엽장,cm,12
441,4,2025-02-03,4,1,leafinfo,leafwidth,엽폭,cm,10
441,4,2025-02-03,4,1,leafinfo,petiolelength,엽병장,cm,18
441,4,2025-02-03,4,1,leafinfo,leafnumber,엽수,개,8
441,4,2025-02-03,4,1,steminfo,crowndiameter,관부직경,cm,2.3
441,4,2025-02-03,4,1,plantobjectinfo,fruitingnumber,착과수,개,3
442,4,2025-02-03,4,2,steminfo,plantheight,초장,cm,30
442,4,2025-02-03,4,2,leafinfo,leaflength,엽장,cm,13
442,4,2025-02-03,4,2,leafinfo,leafwidth,엽폭,cm,11
442,4,2025-02-03,4,2,leafinfo,petiolelength,엽병장,cm,17
442,4,2025-02-03,4,2,leafinfo,leafnumber,엽수,개,7
442,4,2025-02-03,4,2,steminfo,crowndiameter,관부직경,cm,2
442,4,2025-02-03,4,2,plantobjectinfo,fruitingnumber,착과수,개,4
451,4,2025-02-03,5,1,steminfo,plantheight,초장,cm,27
451,4,2025-02-03,5,1,leafinfo,leaflength,엽장,cm,11
451,4,2025-02-03,5,1,leafinfo,leafwidth,엽폭,cm,8
451,4,2025-02-03,5,1,leafinfo,petiolelength,엽병장,cm,16
451,4,2025-02-03,5,1,leafinfo,leafnumber,엽수,개,6
451,4,2025-02-03,5,1,steminfo,crowndiameter,관부직경,cm,2
451,4,2025-02-03,5,1,plantobjectinfo,fruitingnumber,착과수,개,5
452,4,2025-02-03,5,2,steminfo,plantheight,초장,cm,26
452,4,2025-02-03,5,2,leafinfo,leaflength,엽장,cm,11
452,4,2025-02-03,5,2,leafinfo,leafwidth,엽폭,cm,12
452,4,2025-02-03,5,2,leafinfo,petiolelength,엽병장,cm,15
452,4,2025-02-03,5,2,leafinfo,leafnumber,엽수,개,6
452,4,2025-02-03,5,2,steminfo,crowndiameter,관부직경,cm,2
452,4,2025-02-03,5,2,plantobjectinfo,fruitingnumber,착과수,개,5